path,bytes,sha256
code_c/.gitignore,36,b6f3bfc91dacccfdb6589f758e2211c96298af73fa868fc3e460611805e283db
code_c/COMMIT_GUIDE_EN.md,3291,7d9f74fd3f9abc903e891759f54c45fee760af2e2203689538e20c32d7703eeb
code_c/COMMIT_GUIDE_RU.md,6111,11beb4be2c198436ac0a5313f3e324506b0b1f9eebe91647910e653eb590b098
code_c/EXPLAINED_EN.md,2427,36083c3bbf19fb8b9698a14cc50f41ba0a8e2738f8edc02b02f3730f867a151b
code_c/EXPLAINED_RU.md,8156,5a9c0f9ab1abf093c24165109eb3a9c2ec25c1625db468cdb3b0b134a7846d89
code_c/R/config.R,3192,f29f8e219e76acc9bac09e6681103beb35c1334102daddfe15db87f7d249b1d9
code_c/R/experiments.R,6249,819db3a965bab2fe83e266672349de1f7c390107396ad0c016b936863113d5eb
code_c/R/metrics.R,6630,c01869a84023ff0bdcda4d2e5fdcc1c6c0be70685b94a148b685fba60c954608
code_c/R/mfou.R,8774,60f14100b686136b8ad45c8ce0aea0954ccc11bfa1a11f6fe89171726387b7dc
code_c/R/outputs.R,10169,4774d95b9d17a66d45e6fb1c2b48f632df8b8e57ceeec023133300c3539095ee
code_c/R/selection.R,5313,1495e1b282741efa3d9adc17a25d7b53f7041a67b0978f10ac6d0b17d82444d5
code_c/R/simulation.R,13590,170f1ec9cb010512f9f4b42300d892660b761b8a399726c985764b246913b92b
code_c/README.md,1303,ab9f7f2a7b331a4e525f5bc4df961b11051dbd42987e43e48c289bfa6d5d8dba
code_c/README_EN.md,10909,333d6488b09ab48b9337edf078dd3f87861719c5d98b08d5b522bdf2e1c9d908
code_c/README_RU.md,19305,e672f8f2205f8499f6c89cf16e6153cca5e4eb03e38d80d29cb7055126c333f9
code_c/RESULTS_EN.md,8525,4b90a4f0a3178dbba81730649c16ba7e194e3919790ebbd4574598223f0f53f1
code_c/RESULTS_RU.md,14972,950e503cb570241e25755167fd3b1c0a767a35b70ce0bf221f10272ddd85f2a8
code_c/docs/METHODS_EN.md,13696,2b960b2b1463fc2d80a120f25660b91ee4dcff3adb03f8c802b13f846728d61e
code_c/docs/METHODS_RU.md,23553,ba4cd302fd2f9148124656da01c1812a0924222ce91e4a7a770c216e7fd7e581
code_c/docs/design_and_plan.md,4708,2fb3c806d07276460e304ee77babb97a28d55d9bc63766749c40d8e77a9fc265
code_c/examples/README.md,3970,ff69cf6b3a8db7e25620a913d378627cc7e7c4a2a9002c02389b47689942e668
code_c/examples/dense_study/REPORT_EN.md,2342,6dea61a47e9c3f6797dc5d694141a8f57bc7ee542fe0caaf99afa47096090303
code_c/examples/dense_study/REPORT_RU.md,2965,50d021ad33ddc45cbf14f08bbbc107298669abc81cb4cdd7d8650dda3617cc2d
code_c/examples/dense_study/analysis_source_identity.csv,970,03b1497150cce6608a293d30d571c110e07238cdea3abbfed424fd049d53163b
code_c/examples/dense_study/bootstrap_block_sensitivity.csv,25862,a6b0ae0bfe69b3b73609890ef4142093c215325d111e96a7571130a46b0c3a45
code_c/examples/dense_study/comparisons.csv,17266,0fdbe65bcc3fcbfec4607883b8bdb0240c9c8b0bc05594b91571a6c18fc39c32
code_c/examples/dense_study/configuration.txt,1207,3565c6be851c2a5d757eac08749ef56ab40328b2e151cfce3aecbdde53da127e
code_c/examples/dense_study/data_identity.csv,81,fa92cb3a74d52b2f942b5d3df40bf0e3f387ccebdccecaf3e6ec47813965946c
code_c/examples/dense_study/estimation_failures.csv,85,f8a6b1746923e1e0b74f0df8981dc3d46492293d4e590ff2b7b68c529ea6da52
code_c/examples/dense_study/figures/cumulative_loss.png,115159,4df5e5246b4a5de39bf2aca8e686722c42594ea5337022801ae1856ffd099e5a
code_c/examples/dense_study/figures/rolling_parameters.png,169152,b1879daba3a45828a1500837b4f9d2218a50e96702bc5a50220e26559c99b2d5
code_c/examples/dense_study/metrics.csv,6918,7e5fe02a4cd04cdf00f80dc5f3d7acc7c5ca153d6aabb911e9adcec960d3f8ff
code_c/examples/dense_study/numerical_precision.csv,364,11c1141e935f04df87ddb97e113e8a1b05b3a3a26bacb7e9018beeaf313ec535
code_c/examples/dense_study/origin_coverage.csv,399,d2524a1681d16b410c05b59cbd6615b3d330b00a8e85298240e25982f5168670
code_c/examples/dense_study/parameter_diagnostics_summary.csv,436,7a7207e5b35f782265b1dcca9d910ac882bce2c316e40d387e4ad94a393717ef
code_c/examples/dense_study/run_manifest.csv,62,5fcdfa96a4acfb86aca5b324f72174f6b82c730c917af33563538c3c4a1f60d7
code_c/examples/dense_study/source_identity.csv,970,d406f4a72b56733d2f5e9f62e88eda1ef6673a2e1c44a9a3ccc3ff59e813921e
code_c/examples/dense_study/window_sensitivity.csv,3,bd85bcdb8d4e613a79cb62d0903946ad10c83e63dc75f67614c159c0dbf4d184
code_c/examples/executed_runs.csv,1111,ffb6a0fc3bafeb76909c867850f04cb9ff0a0a6b3dd1be89408c2eef913cb50e
code_c/examples/full_workload_preflight.csv,955,8667375880cc995f550a28465834c02b3d9a96a66fbe38e40ddc3c8368e536d6
code_c/examples/selection_study/audit.csv,1795,b6cac28d47cc42bc9f4f8aa0af48020e68482a0600421f970514b67bebdb76e3
code_c/examples/selection_study/configuration.txt,1328,e813a630d3c28f65fa0116eb925de96246fe4af01bab404b1f8eafac15c853b9
code_c/examples/selection_study/data_identity.csv,81,fa92cb3a74d52b2f942b5d3df40bf0e3f387ccebdccecaf3e6ec47813965946c
code_c/examples/selection_study/metrics.csv,17175,92bca5ea200aa4e4d8c7c8935b19c635b5153e480886a8be772ef3413342e692
code_c/examples/selection_study/run_manifest.csv,67,6f9808c46bf9a7ef9e09cb6cda2002ebbb6041c06ba84c58f5b1aeb5a989bc45
code_c/examples/selection_study/selected_assets.csv,67986,db2d2b5261d75fa81e1186267fe9f15969ace0de53adb5deeb02474dfbab3598
code_c/examples/selection_study/source_identity.csv,970,d406f4a72b56733d2f5e9f62e88eda1ef6673a2e1c44a9a3ccc3ff59e813921e
code_c/examples/simulation_study/comparisons.csv,39405,0ad2d4d96866750966a610c4d775bdae7c1b92a8c297083645cdff6496756dc8
code_c/examples/simulation_study/configuration.txt,1328,384de5ea84cf91ff357e585eeca4dbfd65e555a5b2c77d9c976702da26c77f2b
code_c/examples/simulation_study/data_identity.csv,81,fa92cb3a74d52b2f942b5d3df40bf0e3f387ccebdccecaf3e6ec47813965946c
code_c/examples/simulation_study/estimation_diagnostics_summary.csv,495,6da440a78a73e4bebbbec2470e8306ccdb62c78ea4d7eee9e640f6b590cd5b33
code_c/examples/simulation_study/forecast_status.csv,1027,5e396a44346d10886c291ca290a77155127b2e69688e6197004d4f7bd67a6369
code_c/examples/simulation_study/metrics.csv,17397,bd6ba9432dcb135b659bc9a99fb001d11a75d8321bcd84595ae0c5424010b8ba
code_c/examples/simulation_study/parameter_summary.csv,5725,84e21935d2085220aa62841e6e7dd28cf15b412d0e937093cfbb75758ea1d9f2
code_c/examples/simulation_study/run_manifest.csv,67,042b86d75a6be80fd15d450f465934704c30e81c6a76c6fcb879c83398dce5d6
code_c/examples/simulation_study/source_identity.csv,970,d406f4a72b56733d2f5e9f62e88eda1ef6673a2e1c44a9a3ccc3ff59e813921e
code_c/examples/verification/ab_snapshot_identity.csv,34116,a619f5dfc61e3526a96a07ec49c029fb5724c2556cf4ac684e44aabebc20f74d
code_c/examples/verification/ab_verification_summary.json,282,6e7b27e93b39395e76417888d6bbc8b8319e36a23ac1595ce19a536ca944f200
code_c/examples/verification/code_c_test_results.csv,3616,f7a530c3d5e44c23ff743f9982e51db6aa39d5d0a88d360657703387e21feaab
code_c/examples/verification/code_c_tests.log,605,ac37d2748cff1ab08fd2669a1d91d07faee0f52c9b55b2f8ddbd21c29cc73267
code_c/examples/verification/final_entrypoint_execution.log,2415,8cee7a88bfd468671499b6fdcc3f95266aa3f64f80aee33c33dec054aea75ad9
code_c/examples/verification/full_smoke_execution.log,3324,3cdae32f2cc6247d55746b5e48d7a60c47aee176b454a59ea206aa6207c7690f
code_c/examples/verification/portable_c_execution.log,2413,5829943b537f8e03fed5b1e81dbc3f705a5192f8b8058f1214f96cafe1ebfddb
code_c/examples/verification/portable_c_tests.log,620,b27cadae3f54c27bb69daf47405cf154311109686b475174f2f6c2ce2cf33d25
code_c/examples/verification/real500_baseline_audit.txt,456,98c075071e884f027c811caf98d9eebb9151b1d274b08ff85d3f478c145952a2
code_c/examples/verification/reviewed_ab_tests.log,21721,397b2b2efae4faa28eb29d8218a58d010906e00319cb07bed691b5a4bb61f242
code_c/examples/verification/verification_summary.json,1083,f39e6718f2bd75bdae3e8ab80fba76d4260deeb7e3e5e72db92ba25a7b8e1b62
code_c/examples/window_study/REPORT_EN.md,3946,c3896af5aa10b914da5e98d6dd18d076126505574c17df78c73de2b776a2994f
code_c/examples/window_study/REPORT_RU.md,4568,3a248bc3658fafafc822fb57b0cb8d04430e91d171d4fe93c3bc5ed9c52772ae
code_c/examples/window_study/analysis_source_identity.csv,970,03b1497150cce6608a293d30d571c110e07238cdea3abbfed424fd049d53163b
code_c/examples/window_study/comparisons.csv,66121,30e7d82eb914a5d3e574cb2a54524f354e9883776d77f39b964f5cee103af28c
code_c/examples/window_study/configuration.txt,1328,e813a630d3c28f65fa0116eb925de96246fe4af01bab404b1f8eafac15c853b9
code_c/examples/window_study/data_identity.csv,81,fa92cb3a74d52b2f942b5d3df40bf0e3f387ccebdccecaf3e6ec47813965946c
code_c/examples/window_study/estimation_failures.csv,85,f8a6b1746923e1e0b74f0df8981dc3d46492293d4e590ff2b7b68c529ea6da52
code_c/examples/window_study/figures/cumulative_loss.png,108298,e70167631c4b6112d230fe4d018bd2b5a8775568d2791a4cfd253ccb2f9e33d2
code_c/examples/window_study/figures/rolling_parameters.png,198853,7cde71e9dfcd8deab3ab6622f20c6a82d7dda55aa515a68c252281556b6961bb
code_c/examples/window_study/metrics.csv,30898,612da0b6f91a8b4d432d4a82ca7a89cd4974ca99029b0b41a3c998d49b02b471
code_c/examples/window_study/numerical_precision.csv,433,75a18ef05f9e8aa5f7cadbaf8c718eabea07a0f4a42984dc270f61a6bc80c29a
code_c/examples/window_study/origin_coverage.csv,1051,c27c7e9b0ff248687c30c8d9e729a834875815708f9e45a1cecd6b5879a7767a
code_c/examples/window_study/parameter_diagnostics_summary.csv,2922,fe5b8780a4bd3ecee62a32808bf17af9feb3b4d48451aed5debbaaf549e4ae40
code_c/examples/window_study/run_manifest.csv,63,f4f153c1273a58acd8049e19594984d6c38c8d265c3d4d8e9c7d5e38d7bd0f2f
code_c/examples/window_study/source_identity.csv,970,e8fcdcecc309b7ef5cc9bf649d6979ab38186a67bb75ae8242896fe9b96898c2
code_c/examples/window_study/window_sensitivity.csv,17177,24acb7c6eb9834acaf0b2b1d100dfef4375e929ba47e58105e72369d62fe5ef2
code_c/scripts/compare_blocks.R,853,763bcb8e1a0db481242a208730736110bccbe5a4c9fd1ff83654d105041f85b7
code_c/scripts/reanalyze.R,1000,b554cd8ebaa9a17812d95a3db549fda53bf6ca9c7f6c44aee330d612e1cf5d6e
code_c/scripts/run_experiments.R,4604,14ef7197bd0ade2682f069b64ae2379fc3ca00585d0020f7d12c10b1b6360f01
code_c/scripts/run_tests.R,1170,db04b2098ea431a39050aa6ee7f79766f3efd72d96ff63a7514581a3dc6c45d6
code_c/scripts/verify_numerics.R,2190,c67befe440beca5eff59e21bb353a4adddeba79735da3dec1a2441ac12a42eed
code_c/tests/test-experiments.R,8624,235c389fd34e3c01268ea48776cd675f46e29efd5a57dd8d56f43f1b6b5619b3
code_c/tests/test-mfou.R,2741,eaf0803e81e60d51309667fd4554ad1cc89aca5f23d7be63f54037a90c9580b2
code_c/tests/test-selection.R,1541,9a1a99ed03a3dbbecf264265e1801b69dd78e6297e43e5b5df45e1cb5d686149
code_c/tests/test-simulation.R,6316,5d655b85c955ba68959c824f03e7d2d5fdaf446f28a532356f0d6fecdd76cee8
