"t","d","msfe","msfe_closed_form","ratio"
1,1,0.983242843337049,0.983242843337049,1
1,2,0.935751519052102,0.935751519052102,0.951699293204347
1,3,0.917485625096353,0.917485625096353,0.933122098282942
1,4,0.90781544594331,0.90781544594331,0.923287112736316
1,5,0.901829144562854,0.901829144562854,0.917198788350309
1,6,0.897758459624145,0.897758459624144,0.913058727767824
1,7,0.894810722254734,0.894810722254734,0.910060752863267
1,8,0.892577587883968,0.892577587883968,0.907789559753753
1,9,0.890827293377152,0.890827293377152,0.906009435424675
1,10,0.889418519749715,0.889418519749715,0.9045766524281
1,11,0.888260194767156,0.888260194767155,0.903398586408694
1,12,0.887290984067461,0.887290984067462,0.902412857698578
1,13,0.886468069322441,0.88646806932244,0.901575918227727
1,14,0.885760651383737,0.885760651383737,0.900856443945765
1,15,0.885146009568142,0.885146009568142,0.900231326946683
1,16,0.884607015976005,0.884607015976006,0.899683147424412
1,17,0.884130514394551,0.884130514394551,0.899198524948202
1,18,0.883706232164489,0.883706232164488,0.898767011784453
1,19,0.883326031205083,0.883326031205083,0.898380331157198
1,20,0.882983380957716,0.882983380957717,0.898031841209176
1,21,0.882672980145397,0.882672980145397,0.897716150315088
1,22,0.882390480529689,0.882390480529689,0.897428836130579
1,23,0.882132281956193,0.882132281956194,0.897166237144737
1,24,0.88189537811041,0.881895378110409,0.896925295807214
1,25,0.881677238925677,0.881677238925677,0.896703438932068
1,26,0.881475719869305,0.881475719869306,0.896498485437886
1,27,0.881288991202392,0.881288991202392,0.896308574401992
1,28,0.88111548226411,0.88111548226411,0.896132108395188
1,29,0.880953837184855,0.880953837184856,0.895967708440131
1,30,0.880802879383568,0.880802879383568,0.895814177903591
1,31,0.880661582881564,0.880661582881563,0.89567047332139
1,32,0.880529048953326,0.880529048953326,0.895535680651261
1,33,0.880404486990698,0.880404486990698,0.895408995810917
1,34,0.880287198719317,0.880287198719317,0.895289708625482
1,35,0.880176565101633,0.880176565101632,0.895177189507307
1,36,0.880072035407679,0.880072035407681,0.895070878340476
1,37,0.879973118046292,0.879973118046292,0.894970275155761
1,38,0.879879372834517,0.879879372834517,0.894874932268284
1,39,0.879790404448819,0.879790404448821,0.894784447617111
1,40,0.879705856852475,0.879705856852475,0.894698459097675
1,41,0.87962540853353,0.879625408533528,0.894616639718576
1,42,0.879548768419028,0.879548768419028,0.894538693446177
1,43,0.879475672356065,0.879475672356066,0.894464351625682
1,44,0.879405880069962,0.879405880069962,0.89439336988747
1,45,0.879339172525784,0.879339172525784,0.894325525463654
1,46,0.879275349632165,0.879275349632165,0.894260614852759
1,47,0.879214228236689,0.879214228236689,0.89419845178095
1,48,0.879155640370559,0.879155640370559,0.894138865416781
1,49,0.879099431707116,0.879099431707115,0.894081698803442
1,50,0.879045460204404,0.879045460204404,0.894026807478194
1,51,0.878993594906679,0.878993594906678,0.893974058253446
1,52,0.878943714883505,0.878943714883505,0.893923328137776
1,53,0.878895708288432,0.878895708288433,0.893874503378564
1,54,0.878849471521751,0.878849471521751,0.893827478610477
1,55,0.87880490848418,0.878804908484179,0.893782156096438
1,56,0.878761929910167,0.878761929910165,0.893738445049564
1,57,0.878720452771053,0.878720452771052,0.893696261026162
1,58,0.87868039973972,0.87868039973972,0.893655525381245
1,59,0.878641698709445,0.878641698709445,0.893616164779196
1,60,0.878604282360672,0.878604282360673,0.893578110753146
1,61,0.878568087770228,0.878568087770227,0.893541299307541
1,62,0.878533056058191,0.87853305605819,0.893505670558983
1,63,0.878499132068274,0.878499132068272,0.89347116841117
1,64,0.878466264078042,0.878466264078042,0.893437740260174
1,65,0.878434403535787,0.878434403535787,0.893405336726835
1,66,0.878403504821224,0.878403504821222,0.89337391141337
1,67,0.878373525027537,0.878373525027538,0.893343420681717
1,68,0.878344423762604,0.878344423762605,0.893313823451358
1,69,0.878316162967417,0.878316162967418,0.893285081014656
1,70,0.878288706750031,0.87828870675003,0.89325715686797
1,71,0.878262021233482,0.878262021233482,0.893230016556978
1,72,0.878236074416353,0.878236074416352,0.893203627534871
1,73,0.878210836044742,0.878210836044743,0.893177959032138
1,74,0.87818627749459,0.878186277494591,0.893152981936888
1,75,0.878162371663379,0.878162371663379,0.893128668684701
1,76,0.878139092870362,0.878139092870363,0.89310499315716
1,77,0.878116416764544,0.878116416764545,0.893081930588262
1,78,0.878094320239704,0.878094320239706,0.893059457477993
1,79,0.878072781355874,0.878072781355873,0.893037551512466
1,80,0.878051779266654,0.878051779266652,0.893016191490004
1,81,0.878031294151936,0.878031294151935,0.892995357252707
1,82,0.878011307155511,0.87801130715551,0.892975029623007
1,83,0.877991800327167,0.877991800327166,0.89295519034477
1,84,0.877972756568933,0.877972756568932,0.892935822028627
1,85,0.877954159585082,0.877954159585084,0.89291690810113
1,86,0.877935993835645,0.877935993835645,0.892898432757465
1,87,0.87791824449307,0.877918244493069,0.892880380917377
1,88,0.877900897401884,0.877900897401884,0.892862738184147
1,89,0.877883939041032,0.877883939041032,0.892845490806282
1,90,0.877867356488734,0.877867356488731,0.89282862564178
1,91,0.877851137389633,0.877851137389633,0.892812130124716
1,92,0.877835269924118,0.877835269924118,0.892795992234038
1,93,0.877819742779581,0.877819742779579,0.892780200464343
1,94,0.877804545123517,0.87780454512352,0.892764743798508
1,95,0.877789666578348,0.877789666578348,0.892749611682094
1,96,0.87777509719775,0.877775097197751,0.892734793999263
1,97,0.877760827444518,0.877760827444519,0.892720281050271
1,98,0.877746848169722,0.877746848169724,0.892706063530265
1,99,0.877733150593164,0.877733150593162,0.892692132509407
1,100,0.877719726284957,0.87771972628496,0.892678479414145
10,1,0.990090838642868,0.990090838642868,0.999999999999999
10,2,0.890808538158218,0.890808538158217,0.899724048936017
10,3,0.852623037971813,0.852623037971811,0.861156375449868
10,4,0.832407184931953,0.832407184931954,0.840738195368968
10,5,0.819892609240608,0.819892609240608,0.828098369604597
10,6,0.811382697770496,0.811382697770497,0.819503288084828
10,7,0.805220348085244,0.805220348085241,0.813279263536031
10,8,0.800551901353989,0.800551901353992,0.808564093423304
10,9,0.796892848510575,0.796892848510574,0.804868419551167
10,10,0.793947757197583,0.79394775719759,0.801893852776033
10,11,0.791526237673566,0.791526237673567,0.799448097872032
10,12,0.789500068275921,0.789500068275927,0.797401649891135
10,13,0.787779735768487,0.787779735768486,0.795664099718677
10,14,0.786300853437533,0.786300853437544,0.794170416237087
10,15,0.785015922887689,0.785015922887691,0.792872625671116
10,16,0.783889137636283,0.783889137636296,0.7917345631748
10,17,0.782892994153161,0.782892994153161,0.790728449953424
10,18,0.782006017079148,0.782006017079143,0.789832595715212
10,19,0.781211193467371,0.781211193467377,0.78902981724201
10,20,0.780494870953051,0.780494870953052,0.788306325531591
10,21,0.779845967028313,0.779845967028315,0.787650927158622
10,22,0.77925539154625,0.779255391546252,0.787054440998955
10,23,0.778715618256189,0.778715618256198,0.786509265476677
10,24,0.778220362350887,0.778220362350885,0.786009052884082
10,25,0.777764334636085,0.77776433463609,0.78554846109088
10,26,0.777343051890042,0.777343051890049,0.785122962005746
10,27,0.77695268897857,0.776952688978581,0.784728692211262
10,28,0.776589962379413,0.776589962379419,0.784362335322581
10,29,0.776252037599006,0.77625203759901,0.784021028477575
10,30,0.775936454952832,0.775936454952848,0.783702287374378
10,31,0.775641069596023,0.775641069596029,0.783403945701795
10,32,0.775364002710952,0.775364002710949,0.783124105838364
10,33,0.775103601503172,0.775103601503174,0.782861098447914
10,34,0.774858406205333,0.774858406205341,0.782613449153253
10,35,0.774627122697461,0.774627122697447,0.782379850882423
10,36,0.774408599658972,0.774408599658974,0.782159140792035
10,37,0.774201809401077,0.774201809401084,0.781950280907847
10,38,0.774005831705685,0.774005831705693,0.781752341801915
10,39,0.773819840134903,0.773819840134902,0.78156448876508
10,40,0.773643090381298,0.773643090381304,0.781385970040629
10,41,0.773474910312718,0.773474910312721,0.781216106769487
10,42,0.773314691430818,0.77331469143083,0.781054284363252
10,43,0.773161881514553,0.773161881514564,0.780899945074067
10,44,0.773015978261173,0.773015978261176,0.780752581571967
10,45,0.772876523770377,0.772876523770381,0.78061173137383
10,46,0.772743099744036,0.77274309974404,0.780476971995061
10,47,0.772615323295535,0.77261532329554,0.780347916716985
10,48,0.772492843280139,0.772492843280142,0.780224210880494
10,49,0.772375337072462,0.772375337072469,0.780105528631259
10,50,0.772262507728791,0.772262507728787,0.779991570053655
10,51,0.772154081481438,0.772154081481446,0.779882058640034
10,52,0.772049805521068,0.772049805521077,0.77977673905086
10,53,0.771949446028708,0.771949446028713,0.779675375127024
10,54,0.771852786425462,0.771852786425456,0.779577748122032
10,55,0.771759625812368,0.77175962581237,0.77948365512626
10,56,0.771669777576644,0.771669777576637,0.779392907659244
10,57,0.771583068143903,0.7715830681439,0.779305330409402
10,58,0.771499335859064,0.771499335859066,0.779220760103759
10,59,0.771418429980472,0.771418429980481,0.779139044491985
10,60,0.771340209774201,0.771340209774195,0.779060041431641
10,61,0.771264543697106,0.771264543697116,0.778983618063054
10,62,0.771191308658629,0.771191308658641,0.778909650063738
10,63,0.771120389352615,0.771120389352611,0.77883802097351
10,64,0.77105167765144,0.771051677651446,0.778768621582572
10,65,0.770985072056048,0.770985072056054,0.778701349376031
10,66,0.770920477195626,0.770920477195629,0.77863610802857
10,67,0.770857803371931,0.770857803371932,0.778572806944216
10,68,0.77079696614381,0.770796966143816,0.778511360836701
10,69,0.770737885947548,0.770737885947532,0.778451689346009
10,70,0.770680487749738,0.77068048774974,0.778393716687774
10,71,0.770624700729428,0.770624700729429,0.778337371332245
10,72,0.770570457986496,0.770570457986499,0.778282585709739
10,73,0.770517696274082,0.770517696274091,0.778229295940402
10,74,0.770466355752575,0.770466355752585,0.778177441585728
10,75,0.770416379763206,0.770416379763215,0.778126965419887
10,76,0.770367714619458,0.770367714619462,0.77807781321905
10,77,0.770320309414712,0.770320309414714,0.778029933567107
10,78,0.77027411584458,0.77027411584459,0.777983277676224
10,79,0.770229088042782,0.77022908804279,0.777937799221076
10,80,0.770185182429209,0.770185182429213,0.777893454185389
10,81,0.770142357569191,0.770142357569187,0.777850200719801
10,82,0.770100574043147,0.770100574043144,0.777807999010206
10,83,0.770059794325535,0.770059794325541,0.777766811155497
10,84,0.770019982672443,0.770019982672441,0.77772660105402
10,85,0.769981105017074,0.769981105017078,0.77768733429803
10,86,0.769943128872559,0.769943128872558,0.777648978075518
10,87,0.769906023241387,0.769906023241383,0.777611501078738
10,88,0.769869758531017,0.769869758531024,0.777574873418977
10,89,0.769834306475227,0.769834306475247,0.777539066547116
10,90,0.769799640060588,0.769799640060592,0.777504053179366
10,91,0.769765733457755,0.769765733457752,0.777469807227874
10,92,0.769732561957409,0.769732561957428,0.777436303736021
10,93,0.76970010191019,0.769700101910188,0.777403518817757
10,94,0.769668330670308,0.769668330670317,0.777371429600645
10,95,0.769637226543085,0.769637226543097,0.777340014172879
10,96,0.769606768735406,0.769606768735406,0.77730925153324
10,97,0.769576937309359,0.769576937309351,0.77727912154427
10,98,0.769547713138788,0.769547713138803,0.777249604888394
10,99,0.76951907786841,0.769519077868409,0.777220683026621
10,100,0.769491013875214,0.76949101387523,0.777192338159564
