"asset1","asset2","statistic","N","se_limit","se_limit_R5000","se_limit_R1e6","se_author_n2000_N5007","se_author_n2000_N5008","paper_se","match_se_limit","match_se_author_n2000_N5007","match_se_author_n2000_N5008","convergence_max_rel_diff"
"AAPL","","H",5007,0.0123076532251792,0.0123076532251842,0.0123076532252153,0.0123074906224359,0.0123062617780794,0.0123,TRUE,TRUE,TRUE,2.92899038356609e-12
"ALD","","H",5007,0.0127691769966601,0.0127691769966606,0.0127691769966741,0.0127695058951411,0.0127682309207587,0.0128,TRUE,TRUE,TRUE,1.10134124042816e-12
"AMGN","","H",5007,0.0130960150835202,0.0130960150835201,0.0130960150835267,0.0130966779437962,0.013095370302842,0.0131,TRUE,TRUE,TRUE,4.91606755304019e-13
"AXP","","H",5007,0.012762143714035,0.0127621437140357,0.0127621437140494,0.0127624652821355,0.0127611910107248,0.0128,TRUE,TRUE,TRUE,1.13109521748811e-12
"BA","","H",5007,0.0126852426239361,0.012685242623937,0.0126852426239527,0.0126854836886807,0.0126842171035157,0.0127,TRUE,TRUE,TRUE,1.31117339208231e-12
"AAPL","ALD","rho",5007,0.0131001750126823,0.0131001750126823,0.0131001750126794,0.0130990683628731,0.0130977604832469,0.0131,TRUE,TRUE,TRUE,2.21156426505331e-13
"AAPL","AMGN","rho",5007,0.0141040700141709,0.0141040700141709,0.0141040700141688,0.0141027930054054,0.0141013849086513,0.0141,TRUE,TRUE,TRUE,1.54432022725359e-13
"ALD","AMGN","rho",5007,0.0142027273747471,0.0142027273747471,0.0142027273747447,0.0142012621383847,0.0141998442099564,0.0142,TRUE,TRUE,TRUE,1.68087765928249e-13
"AAPL","AXP","rho",5007,0.0133107321348965,0.0133107321348965,0.0133107321348935,0.0133096092875388,0.0133082803864035,0.0133,TRUE,TRUE,TRUE,2.23265850252119e-13
"ALD","AXP","rho",5007,0.0131554122826211,0.0131554122826211,0.0131554122826193,0.0131541510896487,0.0131528377102745,0.0132,TRUE,TRUE,TRUE,1.36557432028894e-13
"AMGN","AXP","rho",5007,0.014500960368839,0.014500960368839,0.0145009603688366,0.0144994668270287,0.0144980191242817,0.0145,TRUE,TRUE,TRUE,1.65090163761761e-13
"AAPL","BA","rho",5007,0.0134197189608565,0.0134197189608565,0.0134197189608532,0.0134186070005012,0.0134172672164631,0.0134,TRUE,TRUE,TRUE,2.43582931602759e-13
"ALD","BA","rho",5007,0.0133225680992598,0.0133225680992598,0.0133225680992578,0.0133213148789814,0.0133199848090985,0.0133,TRUE,TRUE,TRUE,1.48325796089921e-13
"AMGN","BA","rho",5007,0.0146376844316011,0.0146376844316011,0.0146376844315997,0.0146362056430532,0.0146347442875862,0.0146,TRUE,TRUE,TRUE,9.59232693276135e-14
"AXP","BA","rho",5007,0.0138245959266312,0.0138245959266312,0.0138245959266291,0.0138232976471849,0.0138219174567119,0.0138,TRUE,TRUE,TRUE,1.49213974509621e-13
"AAPL","ALD","eta",5007,0.0322522947698836,0.0322522947698836,0.0322522947698836,0.0322486573107563,0.0322454374358233,0.0322,FALSE,TRUE,TRUE,0
"AAPL","AMGN","eta",5007,0.0314445220934263,0.0314445220934263,0.0314445220934263,0.0314408044809744,0.0314376652663012,0.0314,TRUE,TRUE,TRUE,0
"ALD","AMGN","eta",5007,0.0292408986803322,0.0292408986803322,0.0292408986803322,0.0292370461992805,0.0292341270193821,0.0292,TRUE,TRUE,TRUE,0
"AAPL","AXP","eta",5007,0.0325556711458034,0.0325556711458034,0.0325556711458034,0.0325520028424773,0.0325487526799369,0.0325,FALSE,FALSE,TRUE,0
"ALD","AXP","eta",5007,0.0297812600049441,0.0297812600049441,0.0297812600049441,0.0297775502204073,0.0297745770737551,0.0298,TRUE,TRUE,TRUE,0
"AMGN","AXP","eta",5007,0.029579705171032,0.029579705171032,0.029579705171032,0.0295758132410869,0.0295728602369119,0.0296,TRUE,TRUE,TRUE,0
"AAPL","BA","eta",5007,0.0331900189906585,0.0331900189906585,0.0331900189906585,0.0331863254960883,0.0331830119994502,0.0332,TRUE,TRUE,TRUE,0
"ALD","BA","eta",5007,0.0303758001820445,0.0303758001820445,0.0303758001820445,0.0303720716920987,0.0303690391853075,0.0304,TRUE,TRUE,TRUE,0
"AMGN","BA","eta",5007,0.0300888663477987,0.0300888663477987,0.0300888663477987,0.0300849699341746,0.0300819660931273,0.0301,TRUE,TRUE,TRUE,0
"AXP","BA","eta",5007,0.0309815393175104,0.0309815393175104,0.0309815393175104,0.0309777412807372,0.0309746483007204,0.031,TRUE,TRUE,TRUE,0
