"sample","ticker","first_date","last_date","n_obs","share_of_panel_dates","mean_vol","mean_logvol","sd_logvol","sd_dlogvol"
"DJ30","AAPL",2005-01-05,2025-01-14,5019,1,0.228281842000398,-1.58466584049673,0.441079151099161,0.244758970036118
"DJ30","ALD",2005-01-05,2025-01-14,5015,0.999203028491731,0.191808113479561,-1.7598926119298,0.435106975185604,0.248814055267806
"DJ30","AMGN",2005-01-05,2025-01-14,5015,0.999203028491731,0.212781977407777,-1.61366465687953,0.341064296530813,0.24868095622793
"DJ30","AXP",2005-01-05,2025-01-14,5015,0.999203028491731,0.22591869894317,-1.6517676024015,0.521161539895398,0.24584083542333
"DJ30","BA",2005-01-05,2025-01-14,5019,1,0.235205780633592,-1.56007002974608,0.444358181097191,0.24515667441797
"DJ30","BEL",2005-01-05,2025-01-14,4988,0.993823470810918,0.171740183680834,-1.84979020139676,0.383020992302585,0.241214779615668
"DJ30","CAT",2005-01-05,2025-01-14,5013,0.998804542737597,0.23602861272691,-1.53496683127607,0.397591539349777,0.229827083781872
"DJ30","CHV",2005-01-05,2025-01-14,5019,1,0.205625807989639,-1.68179396397362,0.416270852347622,0.20881219753232
"DJ30","CRM",2005-01-05,2025-01-14,5014,0.999003785614664,0.298790899940167,-1.3028226066876,0.421207901347821,0.265728577760351
"DJ30","CSCO",2005-01-05,2025-01-14,5017,0.999601514245866,0.203756783535978,-1.67661803010494,0.386635357558634,0.227504429717
"DJ30","DIS",2005-01-05,2025-01-14,5014,0.999003785614664,0.199229649561229,-1.71080413741924,0.411881028698321,0.243129779092075
"DJ30","GS",2005-01-05,2025-01-14,5016,0.999402271368799,0.238819556240032,-1.54981368466484,0.431801832534514,0.216307282153901
"DJ30","HD",2005-01-05,2025-01-14,5019,1,0.204105016178522,-1.69377103870198,0.421490979508579,0.229206250097496
"DJ30","IBM",2005-01-05,2025-01-14,5016,0.999402271368799,0.168972165669856,-1.86994578327685,0.391675768762311,0.231634471054055
"DJ30","INTC",2005-01-05,2025-01-14,5018,0.999800757122933,0.236054558389797,-1.52416732941044,0.381244787733421,0.22329812224957
"DJ30","JNJ",2005-01-05,2025-01-14,5016,0.999402271368799,0.143509497926635,-2.0238440999146,0.371717960209513,0.245617775052032
"DJ30","JPM",2005-01-05,2025-01-14,5016,0.999402271368799,0.231340085964912,-1.62007675176804,0.497898061778235,0.221998753438862
"DJ30","KO",2005-01-05,2025-01-14,5018,0.999800757122933,0.146103158848147,-2.00822022422884,0.376386405615498,0.23343103395363
"DJ30","MCD",2005-01-05,2025-01-14,5018,0.999800757122933,0.159663680290953,-1.92593494537753,0.392771560680274,0.244804467119948
"DJ30","MMM",2005-01-05,2025-01-14,5015,0.999203028491731,0.17716911333998,-1.82779857312664,0.417850066434113,0.248961278377891
"DJ30","MRK",2005-01-05,2025-01-14,5017,0.999601514245866,0.19358208060594,-1.7321122106804,0.389518841500127,0.257111016940447
"DJ30","MSFT",2005-01-05,2025-01-14,5018,0.999800757122933,0.197255875827023,-1.70654032987975,0.383211600804383,0.218818203059701
"DJ30","NIKE",2005-01-05,2025-01-14,5018,0.999800757122933,0.208753874531686,-1.6545358017937,0.390090053720557,0.241487231384955
"DJ30","PG",2005-01-05,2025-01-14,5015,0.999203028491731,0.150279450727817,-1.98188846665993,0.372256413348604,0.235998755324172
"DJ30","SPC",2005-01-05,2025-01-14,4999,0.996015142458657,0.19337489659932,-1.78541008625996,0.476511205577949,0.261901724769389
"DJ30","UNH",2005-01-05,2025-01-14,4999,0.996015142458657,0.227272035287057,-1.58991840126477,0.428088299977674,0.25626347695218
"DJ30","V",2008-03-19,2025-01-14,4194,0.835624626419606,0.206081980877444,-1.70347142785665,0.457894688082764,0.240870116947089
"DJ30","WAG",2005-01-05,2025-01-14,4984,0.99302649930265,0.2326243730939,-1.54315830624216,0.388674285499736,0.264075134549386
"DJ30","WMT",2005-01-05,2025-01-14,4982,0.992628013548516,0.160890814191088,-1.90589125629457,0.366722786282203,0.239454057526155
"DJ30","XOM",2005-01-05,2025-01-14,4976,0.991432556286113,0.195986412560289,-1.73374695282456,0.428661311724296,0.205743303042094
"Mag7","AAPL",2014-03-27,2025-01-14,2698,1,0.19643116312083,-1.71005642262764,0.386581726745385,0.230184608855975
"Mag7","AMZN",2014-03-27,2025-01-14,2696,0.999258710155671,0.220696770697329,-1.6019368812632,0.420739817515337,0.230448245722222
"Mag7","FB",2014-03-27,2025-01-14,2698,1,0.246871311749444,-1.4823815581579,0.401896560093187,0.217217113441117
"Mag7","GOOG",2014-04-02,2025-01-14,2691,0.997405485544848,0.196679567186919,-1.70635609012548,0.393197479530717,0.223551712295251
"Mag7","MSFT",2014-03-27,2025-01-14,2697,0.999629355077835,0.189356303374119,-1.74372247320209,0.377401948479141,0.218827004854033
