"table","method","n","delta","rho","eta","reps","parameter","true","mean","bias","sd","rmse","asym_se"
"Table 4","BYZ",500,"1/52",0,0,1000,"H1",0.1,0.098459612504676,-0.00154038749532405,0.0433386368113022,0.0433443421550847,0.0430687426534032
"Table 4","BYZ",500,"1/52",0,0,1000,"H2",0.4,0.397546371666758,-0.00245362833324214,0.0367079602095673,0.0367715536849086,0.0351091712679397
"Table 4","BYZ",500,"1/52",0,0,1000,"sigma2_1",1,1.0392599075453,0.0392599075453035,0.337246264525658,0.339356226160711,0.340350197752919
"Table 4","BYZ",500,"1/52",0,0,1000,"sigma2_2",1,1.02059147207935,0.0205914720793472,0.293174476071589,0.293750456797645,0.277449784874093
"Table 4","BYZ",500,"1/52",0,0,1000,"rho",0,-0.00138762350637912,-0.00138762350637912,0.0473021882899985,0.0472988902512618,0.0471836356746063
"Table 4","BYZ",500,"1/52",0,0,1000,"eta",0,-0.00298607954957709,-0.00298607954957709,0.113506779644488,0.113489303052374,0.113688903192201
"Table 4","BYZ",500,"1/250",0,0,1000,"H1",0.1,0.0987820900738071,-0.00121790992619288,0.0438167139754875,0.0438117315769919,0.0430687426534032
"Table 4","BYZ",500,"1/250",0,0,1000,"H2",0.4,0.398872430326656,-0.00112756967334421,0.0357784626392492,0.0357783412668554,0.0351091712679397
"Table 4","BYZ",500,"1/250",0,0,1000,"sigma2_1",1,1.08919824345105,0.0891982434510472,0.522282661065283,0.529587316224753,0.475604758684465
"Table 4","BYZ",500,"1/250",0,0,1000,"sigma2_2",1,1.06423749742055,0.0642374974205493,0.42200182862004,0.42665432599489,0.387707834028922
"Table 4","BYZ",500,"1/250",0,0,1000,"rho",0,-0.000756633127731197,-0.000756633127731197,0.0471213188567729,0.0471038296298809,0.0471836356746063
"Table 4","BYZ",500,"1/250",0,0,1000,"eta",0,0.00267506192677761,0.00267506192677761,0.11336337840208,0.113338255957477,0.113688903192201
"Table 4","BYZ",1000,"1/52",0,0,1000,"H1",0.1,0.100641981475352,0.00064198147535191,0.0296452565247648,0.029637384051218,0.0304541999873997
"Table 4","BYZ",1000,"1/52",0,0,1000,"H2",0.4,0.39783551981966,-0.00216448018034021,0.0248023625799834,0.0248842722780976,0.0248259330854001
"Table 4","BYZ",1000,"1/52",0,0,1000,"sigma2_1",1,1.02518000535987,0.0251800053598707,0.228277260155681,0.229548316627684,0.240663932809271
"Table 4","BYZ",1000,"1/52",0,0,1000,"sigma2_2",1,1.00021856250661,0.000218562506606013,0.197843558767201,0.197744733030983,0.19618662432322
"Table 4","BYZ",1000,"1/52",0,0,1000,"rho",0,-0.000293293964677937,-0.000293293964677937,0.033956197469612,0.0339404823860594,0.0333638687465496
"Table 4","BYZ",1000,"1/52",0,0,1000,"eta",0,0.00392846860028624,0.00392846860028624,0.0789255796036718,0.0789838637583855,0.0803901943928665
"Table 4","BYZ",1000,"1/250",0,0,1000,"H1",0.1,0.0993951287174944,-0.000604871282505651,0.0311267891038658,0.0311171012818517,0.0304541999873997
"Table 4","BYZ",1000,"1/250",0,0,1000,"H2",0.4,0.398534150873565,-0.0014658491264346,0.0249456673431055,0.0249762436434136,0.0248259330854001
"Table 4","BYZ",1000,"1/250",0,0,1000,"sigma2_1",1,1.04392535751383,0.0439253575138343,0.35587902005,0.358402935350081,0.336303350030377
"Table 4","BYZ",1000,"1/250",0,0,1000,"sigma2_2",1,1.01911898806728,0.0191189880672815,0.279922624544558,0.280435116846836,0.274150838561
"Table 4","BYZ",1000,"1/250",0,0,1000,"rho",0,-0.00200930328937892,-0.00200930328937892,0.0322648517618368,0.0323112509547805,0.0333638687465496
"Table 4","BYZ",1000,"1/250",0,0,1000,"eta",0,-0.00065785057155436,-0.00065785057155436,0.0834449196081208,0.0834057811016229,0.0803901943928665
"Table 5","BYZ",500,"1/52",0.4,0,1000,"H1",0.1,0.0994131720756439,-0.000586827924356076,0.0415151769688331,0.0414985635395682,0.0430687426534032
"Table 5","BYZ",500,"1/52",0.4,0,1000,"H2",0.4,0.397239275759197,-0.00276072424080326,0.0348939550723037,0.0349855986203054,0.0351091712679397
"Table 5","BYZ",500,"1/52",0.4,0,1000,"sigma2_1",1,1.04091473915095,0.0409147391509479,0.320015815007235,0.322461978553566,0.340350197752919
"Table 5","BYZ",500,"1/52",0.4,0,1000,"sigma2_2",1,1.01744380994293,0.0174438099429308,0.282095847519338,0.282493850598188,0.277449784874093
"Table 5","BYZ",500,"1/52",0.4,0,1000,"rho",0.4,0.399486559658293,-0.000513440341706584,0.0403316870102669,0.040314785787618,0.0394214276643336
"Table 5","BYZ",500,"1/52",0.4,0,1000,"eta",0,0.000814905826465964,0.000814905826465964,0.108182727344572,0.108131693155709,0.103632121106759
"Table 5","BYZ",500,"1/250",0.4,0,1000,"H1",0.1,0.0977647135521181,-0.00223528644788186,0.0436324398266435,0.043667865999205,0.0430687426534032
"Table 5","BYZ",500,"1/250",0.4,0,1000,"H2",0.4,0.396800008403446,-0.00319999159655432,0.0348363312202891,0.0349656452698191,0.0351091712679397
"Table 5","BYZ",500,"1/250",0.4,0,1000,"sigma2_1",1,1.08086818645601,0.0808681864560135,0.506719065766927,0.51288118602731,0.475604758684465
"Table 5","BYZ",500,"1/250",0.4,0,1000,"sigma2_2",1,1.03502435072309,0.035024350723087,0.390720667408791,0.392092696239045,0.387707834028922
"Table 5","BYZ",500,"1/250",0.4,0,1000,"rho",0.4,0.39967489789043,-0.000325102109569597,0.039120304368923,0.0391020908275364,0.0394214276643336
"Table 5","BYZ",500,"1/250",0.4,0,1000,"eta",0,1.94055118348079e-05,1.94055118348079e-05,0.102258281287278,0.102207141200164,0.103632121106759
"Table 5","BYZ",1000,"1/52",0.4,0,1000,"H1",0.1,0.0985862446044481,-0.00141375539555194,0.031350156362463,0.0313663542026385,0.0304541999873997
"Table 5","BYZ",1000,"1/52",0.4,0,1000,"H2",0.4,0.400190707437298,0.000190707437297544,0.024772979683763,0.024761324504484,0.0248259330854001
"Table 5","BYZ",1000,"1/52",0.4,0,1000,"sigma2_1",1,1.0164598544915,0.0164598544915049,0.235032973402396,0.235491369051323,0.240663932809271
"Table 5","BYZ",1000,"1/52",0.4,0,1000,"sigma2_2",1,1.01726808866783,0.0172680886678256,0.195144764448932,0.195810072516654,0.19618662432322
"Table 5","BYZ",1000,"1/52",0.4,0,1000,"rho",0.4,0.399533260525516,-0.000466739474483668,0.0280413939270852,0.0280312557574155,0.0278751588255053
"Table 5","BYZ",1000,"1/52",0.4,0,1000,"eta",0,-0.00272356869057464,-0.00272356869057464,0.0747610269991755,0.0747732557350939,0.073278975583335
"Table 5","BYZ",1000,"1/250",0.4,0,1000,"H1",0.1,0.098829374202188,-0.00117062579781201,0.031111335309058,0.031117802529845,0.0304541999873997
"Table 5","BYZ",1000,"1/250",0.4,0,1000,"H2",0.4,0.39900800898405,-0.0009919910159501,0.024061287778192,0.024069704405147,0.0248259330854001
"Table 5","BYZ",1000,"1/250",0.4,0,1000,"sigma2_1",1,1.03696768506966,0.036967685069663,0.344991681586272,0.34679511363739,0.336303350030377
"Table 5","BYZ",1000,"1/250",0.4,0,1000,"sigma2_2",1,1.02394888203386,0.0239488820338567,0.271007753220793,0.271928862120497,0.274150838561
"Table 5","BYZ",1000,"1/250",0.4,0,1000,"rho",0.4,0.399446295902405,-0.000553704097594587,0.0285472905205588,0.0285383853169168,0.0278751588255053
"Table 5","BYZ",1000,"1/250",0.4,0,1000,"eta",0,0.0038570837568603,0.0038570837568603,0.0715822350374637,0.0716503276454,0.073278975583335
