"table","panel","class","h","quantity","paper","ours","same_direction","best_paper","best_ours"
"Table 15","full","vharf",1,"VHARF5 / HAR",1.03218925732015,1.03076819349898,TRUE,"HAR","HAR"
"Table 15","full","vharf",2,"VHARF5 / HAR",1.03055427606326,1.02742768878448,TRUE,"HAR","HAR"
"Table 15","full","vharf",3,"VHARF5 / HAR",1.05482426380784,1.04922408202745,TRUE,"HAR","HAR"
"Table 15","full","vharf",4,"VHARF5 / HAR",1.06454891994917,1.05834295171029,TRUE,"HAR","HAR"
"Table 15","full","vharf",5,"VHARF5 / HAR",1.08942152569717,1.08061311271356,TRUE,"HAR","HAR"
"Table 15","full","vharf",10,"VHARF5 / HAR",1.11180124223602,1.08942558365378,TRUE,"HAR","HAR"
"Table 15","full","vharf",15,"VHARF5 / HAR",1.12888995829323,1.10854502441929,TRUE,"HAR","HAR"
"Table 15","full","vharf",20,"VHARF5 / HAR",1.14175336597307,1.12467337210105,TRUE,"HAR","HAR"
"Table 16","full","vlhar",1,"VLHAR5 / LHAR",1.05196881870877,1.04787598130091,TRUE,"LHAR","LHAR"
"Table 16","full","vlhar",2,"VLHAR5 / LHAR",1.04852089528878,1.04316622512913,TRUE,"LHAR","LHAR"
"Table 16","full","vlhar",3,"VLHAR5 / LHAR",1.06966818119234,1.0607866784979,TRUE,"LHAR","LHAR"
"Table 16","full","vlhar",4,"VLHAR5 / LHAR",1.07396449704142,1.06528755444305,TRUE,"LHAR","LHAR"
"Table 16","full","vlhar",5,"VLHAR5 / LHAR",1.09200940070505,1.08263582826346,TRUE,"LHAR","LHAR"
"Table 16","full","vlhar",10,"VLHAR5 / LHAR",1.12651400454201,1.11560806829858,TRUE,"LHAR","LHAR"
"Table 16","full","vlhar",15,"VLHAR5 / LHAR",1.16143648263131,1.15543605892865,TRUE,"LHAR","LHAR"
"Table 16","full","vlhar",20,"VLHAR5 / LHAR",1.1734926499489,1.16637275156207,TRUE,"LHAR","LHAR"
"Table 18","mfbm","mfbm",1,"mfBm5 / fBm",1,1.00057940710738,FALSE,"bfBm","bfBm"
"Table 18","mfbm","mfbm",2,"mfBm5 / fBm",1,1.00161433691689,FALSE,"fBm","bfBm"
"Table 18","mfbm","mfbm",3,"mfBm5 / fBm",1,1.00135067820163,FALSE,"fBm","fBm"
"Table 18","mfbm","mfbm",4,"mfBm5 / fBm",0.997925311203319,0.997990614797577,TRUE,"mfBm4","mfBm5"
"Table 18","mfbm","mfbm",5,"mfBm5 / fBm",0.994263862332696,0.993715169049275,TRUE,"mfBm4","mfBm5"
"Table 18","mfbm","mfbm",10,"mfBm5 / fBm",0.99075500770416,0.990754622401508,TRUE,"mfBm4","mfBm5"
"Table 18","mfbm","mfbm",15,"mfBm5 / fBm",0.984042553191489,0.984196731686619,TRUE,"mfBm5","mfBm5"
"Table 18","mfbm","mfbm",20,"mfBm5 / fBm",0.984088127294982,0.984779565460628,TRUE,"mfBm5","mfBm5"
"Table 18","vhar","vhar",1,"VHAR5 / HAR",1.09154929577465,1.08661621560349,TRUE,"HAR","HAR"
"Table 18","vhar","vhar",2,"VHAR5 / HAR",1.12919896640827,1.12304672966774,TRUE,"HAR","HAR"
"Table 18","vhar","vhar",3,"VHAR5 / HAR",1.17977528089888,1.16601295129131,TRUE,"HAR","HAR"
"Table 18","vhar","vhar",4,"VHAR5 / HAR",1.24583333333333,1.21648865803443,TRUE,"HAR","HAR"
"Table 18","vhar","vhar",5,"VHAR5 / HAR",1.4176245210728,1.29582766744396,TRUE,"HAR","HAR"
"Table 18","vhar","vhar",10,"VHAR5 / HAR",2.92575757575758,1.74610253514543,TRUE,"HAR","HAR"
"Table 18","vhar","vhar",15,"VHAR5 / HAR",3.00401069518717,1.88912945885273,TRUE,"HAR","HAR"
"Table 18","vhar","vhar",20,"VHAR5 / HAR",2.67459324155194,3.05679173228576,TRUE,"HAR","HAR"
"Table 18","vharf","vharf",1,"VHARF5 / HAR",1.01408450704225,1.01346332697511,TRUE,"HAR","HAR"
"Table 18","vharf","vharf",2,"VHARF5 / HAR",1.01550387596899,1.01285784506016,TRUE,"HAR","HAR"
"Table 18","vharf","vharf",3,"VHARF5 / HAR",1.0247191011236,1.02080252829442,TRUE,"HAR","HAR"
"Table 18","vharf","vharf",4,"VHARF5 / HAR",1.03125,1.02902112646571,TRUE,"HAR","HAR"
"Table 18","vharf","vharf",5,"VHARF5 / HAR",1.05938697318008,1.05427681790945,TRUE,"HAR","HAR"
"Table 18","vharf","vharf",10,"VHARF5 / HAR",1.31969696969697,1.25170692199996,TRUE,"HAR","HAR"
"Table 18","vharf","vharf",15,"VHARF5 / HAR",1.42513368983957,1.10901050294777,TRUE,"HAR","HAR"
"Table 18","vharf","vharf",20,"VHARF5 / HAR",2.15769712140175,1.1641055633651,TRUE,"HAR","HAR"
"Table 18","vlhar","vlhar",1,"VLHAR5 / LHAR",1.02888086642599,1.02329461070995,TRUE,"LHAR","LHAR"
"Table 18","vlhar","vlhar",2,"VLHAR5 / LHAR",1.04199475065617,1.03723850590552,TRUE,"LHAR","LHAR"
"Table 18","vlhar","vlhar",3,"VLHAR5 / LHAR",1.05694760820046,1.0473318091634,TRUE,"LHAR","LHAR"
"Table 18","vlhar","vlhar",4,"VLHAR5 / LHAR",1.06947368421053,1.06147806458782,TRUE,"LHAR","LHAR"
"Table 18","vlhar","vlhar",5,"VLHAR5 / LHAR",1.08527131782946,1.07470306553918,TRUE,"LHAR","LHAR"
"Table 18","vlhar","vlhar",10,"VLHAR5 / LHAR",1.1234375,1.1124904762398,TRUE,"LHAR","LHAR"
"Table 18","vlhar","vlhar",15,"VLHAR5 / LHAR",1.14540466392318,1.13824270391956,TRUE,"LHAR","LHAR"
"Table 18","vlhar","vlhar",20,"VLHAR5 / LHAR",1.15404364569961,1.13987387154798,TRUE,"LHAR","LHAR"
"Table 2","full","mfbm",1,"mfBm5 / fBm",0.995202878273036,0.995237122761736,TRUE,"mfBm5","mfBm5"
"Table 2","full","mfbm",2,"mfBm5 / fBm",0.994243932794026,0.99422730808193,TRUE,"mfBm5","mfBm5"
"Table 2","full","mfbm",3,"mfBm5 / fBm",0.990953947368421,0.99100566581475,TRUE,"mfBm5","mfBm5"
"Table 2","full","mfbm",4,"mfBm5 / fBm",0.989457444073026,0.989372704709323,TRUE,"mfBm5","mfBm5"
"Table 2","full","mfbm",5,"mfBm5 / fBm",0.987328405491024,0.987243785274137,TRUE,"mfBm5","mfBm5"
"Table 2","full","mfbm",10,"mfBm5 / fBm",0.985520784680056,0.98551191566505,TRUE,"mfBm4","mfBm4"
"Table 2","full","mfbm",15,"mfBm5 / fBm",0.979046242774566,0.979025399215261,TRUE,"mfBm5","mfBm5"
"Table 2","full","mfbm",20,"mfBm5 / fBm",0.976982097186701,0.976993057385171,TRUE,"mfBm5","mfBm5"
"Table 2","period1","mfbm",1,"mfBm5 / fBm",0.992439754292014,0.992451185776809,TRUE,"mfBm5","mfBm5"
"Table 2","period1","mfbm",2,"mfBm5 / fBm",0.991529646238167,0.991610105526454,TRUE,"mfBm5","mfBm5"
"Table 2","period1","mfbm",3,"mfBm5 / fBm",0.987574163215045,0.987515931993534,TRUE,"mfBm5","mfBm5"
"Table 2","period1","mfbm",4,"mfBm5 / fBm",0.98535745047373,0.985347749969129,TRUE,"mfBm5","mfBm5"
"Table 2","period1","mfbm",5,"mfBm5 / fBm",0.982144618723488,0.98205147830759,TRUE,"mfBm5","mfBm5"
"Table 2","period1","mfbm",10,"mfBm5 / fBm",0.980125108876396,0.980085437726931,TRUE,"mfBm5","mfBm5"
"Table 2","period1","mfbm",15,"mfBm5 / fBm",0.970377936670072,0.970337184368895,TRUE,"mfBm5","mfBm5"
"Table 2","period1","mfbm",20,"mfBm5 / fBm",0.967953071935783,0.967931491418829,TRUE,"mfBm5","mfBm5"
"Table 2","period2","mfbm",1,"mfBm5 / fBm",1.00338365434669,1.00271761874364,TRUE,"fBm","fBm"
"Table 2","period2","mfbm",2,"mfBm5 / fBm",1.00212355212355,1.00126723289504,TRUE,"fBm","fBm"
"Table 2","period2","mfbm",3,"mfBm5 / fBm",1.00049027618892,1.00023042738634,TRUE,"mfBm3","mfBm3"
"Table 2","period2","mfbm",4,"mfBm5 / fBm",1.00014056789429,0.999973374151764,FALSE,"mfBm3","mfBm3"
"Table 2","period2","mfbm",5,"mfBm5 / fBm",1.00123762376238,1.00107792363194,TRUE,"fBm","fBm"
"Table 2","period2","mfbm",10,"mfBm5 / fBm",0.999907355938484,0.999962980171547,TRUE,"mfBm4","mfBm4"
"Table 2","period2","mfbm",15,"mfBm5 / fBm",0.998606055912646,0.998894502338814,TRUE,"mfBm4","mfBm4"
"Table 2","period2","mfbm",20,"mfBm5 / fBm",0.997542326597488,0.997858441189801,TRUE,"mfBm4","mfBm4"
"Table 3","full","vhar",1,"VHAR5 / HAR",1.08202443280977,1.07635616768148,TRUE,"HAR","HAR"
"Table 3","full","vhar",2,"VHAR5 / HAR",1.08582834331337,1.07847553047695,TRUE,"HAR","HAR"
"Table 3","full","vhar",3,"VHAR5 / HAR",1.10707015877324,1.09583122261435,TRUE,"HAR","HAR"
"Table 3","full","vhar",4,"VHAR5 / HAR",1.14015247776366,1.12675473113071,TRUE,"HAR","HAR"
"Table 3","full","vhar",5,"VHAR5 / HAR",1.16247983406315,1.14587249899045,TRUE,"HAR","HAR"
"Table 3","full","vhar",10,"VHAR5 / HAR",1.22657304887929,1.21438918425546,TRUE,"HAR","HAR"
"Table 3","full","vhar",15,"VHAR5 / HAR",1.3158485723452,1.29517955869418,TRUE,"HAR","HAR"
"Table 3","full","vhar",20,"VHAR5 / HAR",1.43612301101591,1.38378046328004,TRUE,"HAR","HAR"
