"asset1","asset2","n","eta","se_eta","statistic","p_value","reject_1pct","reject_5pct","eta_convention"
"AAPL","ALD",5014,0.0961799857580897,0.0322060447335591,2.98639545941725,0.00282287335965029,TRUE,TRUE,"eq4: eta_{asset1,asset2}"
"AAPL","AMGN",5014,0.0154522892930124,0.0315338447485982,0.490022368544175,0.624118070386249,FALSE,FALSE,"eq4: eta_{asset1,asset2}"
"AAPL","AXP",5014,0.0547236949463128,0.0324635898586034,1.68569450219967,0.0918546563583567,FALSE,FALSE,"eq4: eta_{asset1,asset2}"
"AAPL","BA",5018,0.0950128243505497,0.0331688625406344,2.86451861996026,0.00417643599922733,TRUE,TRUE,"eq4: eta_{asset1,asset2}"
"AAPL","BEL",4987,0.0702831633794584,0.0318204148360639,2.20874440957327,0.0271924236161875,FALSE,TRUE,"eq4: eta_{asset1,asset2}"
"AAPL","CAT",5012,0.0941463202418125,0.0326446882748792,2.88397056970093,0.0039269545116421,TRUE,TRUE,"eq4: eta_{asset1,asset2}"
"AAPL","CHV",5018,0.0452315640706911,0.032765139618333,1.3804782948455,0.167439428081901,FALSE,FALSE,"eq4: eta_{asset1,asset2}"
"AAPL","CRM",5013,0.083457516437446,0.032187125129209,2.5928850775713,0.00951745677042937,TRUE,TRUE,"eq4: eta_{asset1,asset2}"
"AAPL","CSCO",5016,0.149115769027941,0.0321498804328501,4.63814381329946,3.51552144895451e-06,TRUE,TRUE,"eq4: eta_{asset1,asset2}"
"AAPL","DIS",5013,0.0536068457655103,0.0325015997343689,1.64936022237772,0.0990738587699376,FALSE,FALSE,"eq4: eta_{asset1,asset2}"
"AAPL","GS",5015,0.114495204325359,0.0335072362575117,3.41702918872313,0.000633084915415031,TRUE,TRUE,"eq4: eta_{asset1,asset2}"
"AAPL","HD",5018,0.0230659522956428,0.0324024448837242,0.711858391501464,0.476552470001184,FALSE,FALSE,"eq4: eta_{asset1,asset2}"
"AAPL","IBM",5015,0.0185915384192874,0.0324296449609354,0.5732883736989,0.566449456096642,FALSE,FALSE,"eq4: eta_{asset1,asset2}"
"AAPL","INTC",5017,0.112010400842139,0.0324253862143405,3.45440452433534,0.000551509453321536,TRUE,TRUE,"eq4: eta_{asset1,asset2}"
"AAPL","JNJ",5015,0.0829248717745254,0.0307966157008913,2.69266183596028,0.00708841244112687,TRUE,TRUE,"eq4: eta_{asset1,asset2}"
"AAPL","JPM",5015,0.0504183376331849,0.0336162574035196,1.49982007300748,0.133661016250415,FALSE,FALSE,"eq4: eta_{asset1,asset2}"
"AAPL","KO",5017,0.0781656025760156,0.0319188780778663,2.44888314637282,0.0143299929827449,FALSE,TRUE,"eq4: eta_{asset1,asset2}"
"AAPL","MCD",5017,0.0648278254585881,0.032508404156505,1.99418664621272,0.0461316609514464,FALSE,TRUE,"eq4: eta_{asset1,asset2}"
"AAPL","MMM",5014,0.0368454036718944,0.0323589829082958,1.13864529600059,0.25485112778178,FALSE,FALSE,"eq4: eta_{asset1,asset2}"
"AAPL","MRK",5016,-0.00229350519235806,0.0328973756141322,0.0697169652454831,0.944418938324419,FALSE,FALSE,"eq4: eta_{asset1,asset2}"
"AAPL","MSFT",5017,0.0634167459560126,0.0310454119620467,2.04270911378275,0.0410812420962522,FALSE,TRUE,"eq4: eta_{asset1,asset2}"
"AAPL","NIKE",5017,0.0760897468250326,0.0331310085811786,2.29663237201473,0.02163975032772,FALSE,TRUE,"eq4: eta_{asset1,asset2}"
"AAPL","PG",5014,0.0234806273938171,0.0318663197830236,0.736847792707026,0.461214915522201,FALSE,FALSE,"eq4: eta_{asset1,asset2}"
"AAPL","SPC",4998,0.0373019318631264,0.0306012658447682,1.21896695556154,0.222856734718006,FALSE,FALSE,"eq4: eta_{asset1,asset2}"
"AAPL","UNH",4998,0.0898281013534644,0.0325387997191214,2.76064581757381,0.00576871993928793,TRUE,TRUE,"eq4: eta_{asset1,asset2}"
"AAPL","V",4193,0.0227239143629081,0.0366309330713643,0.62034768043275,0.535028909968167,FALSE,FALSE,"eq4: eta_{asset1,asset2}"
"AAPL","WAG",4983,0.100508315265118,0.0334312618517696,3.00641703896074,0.00264346175289051,TRUE,TRUE,"eq4: eta_{asset1,asset2}"
"AAPL","WMT",4981,0.0749537450286614,0.0327374989957085,2.28953790998167,0.02204811787042,FALSE,TRUE,"eq4: eta_{asset1,asset2}"
"AAPL","XOM",4975,0.116310516578619,0.0330370736760673,3.52060590229807,0.000430562020411806,TRUE,TRUE,"eq4: eta_{asset1,asset2}"
"ALD","AMGN",5010,-0.00656119046651297,0.029284218726669,0.224052091939121,0.822716769886441,FALSE,FALSE,"eq4: eta_{asset1,asset2}"
"ALD","AXP",5010,-0.0584843832388353,0.0297292452842138,1.96723403772011,0.04915623562123,FALSE,TRUE,"eq4: eta_{asset1,asset2}"
"ALD","BA",5014,-0.0891869301581979,0.0303753433023573,2.93616204664513,0.00332300683694096,TRUE,TRUE,"eq4: eta_{asset1,asset2}"
"ALD","BEL",4983,-0.0672267537562358,0.0294314338161956,2.28418208151457,0.0223608321918394,FALSE,TRUE,"eq4: eta_{asset1,asset2}"
"ALD","CAT",5008,0.0110034896285928,0.0296964772473109,0.370531815506475,0.710986275454534,FALSE,FALSE,"eq4: eta_{asset1,asset2}"
"ALD","CHV",5014,-0.0599802878587419,0.0301127130940734,1.99185930777346,0.046386496802776,FALSE,TRUE,"eq4: eta_{asset1,asset2}"
"ALD","CRM",5010,-0.0473871937284625,0.030516226026684,1.55285236408415,0.120458409380732,FALSE,FALSE,"eq4: eta_{asset1,asset2}"
"ALD","CSCO",5012,-0.0318335726087366,0.030474809500391,1.04458643484968,0.296214151794355,FALSE,FALSE,"eq4: eta_{asset1,asset2}"
"ALD","DIS",5009,-0.0470659235491756,0.0299542711944351,1.57125917848803,0.116122459073766,FALSE,FALSE,"eq4: eta_{asset1,asset2}"
"ALD","GS",5012,-0.0548296204514403,0.0314895962378176,1.74119795113766,0.0816488862815501,FALSE,FALSE,"eq4: eta_{asset1,asset2}"
"ALD","HD",5014,-0.0971492713193676,0.0297186618092348,3.26896520250381,0.00107941575448429,TRUE,TRUE,"eq4: eta_{asset1,asset2}"
"ALD","IBM",5011,-0.120497697852075,0.0301052682622535,4.00254522904076,6.26646834139451e-05,TRUE,TRUE,"eq4: eta_{asset1,asset2}"
"ALD","INTC",5013,-0.0268612052285907,0.0307861614318895,0.872509074832787,0.382930719678615,FALSE,FALSE,"eq4: eta_{asset1,asset2}"
"ALD","JNJ",5011,-0.0595183953838451,0.0282982515649662,2.10325345533115,0.0354436197622349,FALSE,TRUE,"eq4: eta_{asset1,asset2}"
"ALD","JPM",5012,-0.0513554983036825,0.0309085249878818,1.66153183705199,0.096606680276829,FALSE,FALSE,"eq4: eta_{asset1,asset2}"
"ALD","KO",5013,-0.0596044724358263,0.029256005608205,2.03734143457745,0.041615838351883,FALSE,TRUE,"eq4: eta_{asset1,asset2}"
"ALD","MCD",5013,-0.0211720378846087,0.0300310720536974,0.705004398336225,0.480807499002994,FALSE,FALSE,"eq4: eta_{asset1,asset2}"
"ALD","MMM",5010,-0.12080025667334,0.0290097982922122,4.16411915231308,3.12556867459692e-05,TRUE,TRUE,"eq4: eta_{asset1,asset2}"
"ALD","MRK",5012,-0.0245457687630442,0.0302766306356468,0.810716656633013,0.41752840565231,FALSE,FALSE,"eq4: eta_{asset1,asset2}"
"ALD","MSFT",5013,-0.0703780977856632,0.0292131514370745,2.40912377896847,0.0159908735282968,FALSE,TRUE,"eq4: eta_{asset1,asset2}"
"ALD","NIKE",5013,0.0138899027691447,0.0307535155405868,0.451652519231942,0.651519328570232,FALSE,FALSE,"eq4: eta_{asset1,asset2}"
"ALD","PG",5010,-0.0164052173617166,0.0289682391953598,0.566317381290625,0.571178046839116,FALSE,FALSE,"eq4: eta_{asset1,asset2}"
"ALD","SPC",4994,-0.094110642651784,0.0281084570287572,3.3481255323087,0.000813601494254961,TRUE,TRUE,"eq4: eta_{asset1,asset2}"
"ALD","UNH",4995,-0.0129402569024595,0.0301059872715016,0.429823369875294,0.667324131626853,FALSE,FALSE,"eq4: eta_{asset1,asset2}"
"ALD","V",4191,-0.0770367432221604,0.0339664206271688,2.26802653325623,0.0233275895262924,FALSE,TRUE,"eq4: eta_{asset1,asset2}"
"ALD","WAG",4980,-0.0464109967551829,0.0308195386945286,1.50589524441592,0.132094067564932,FALSE,FALSE,"eq4: eta_{asset1,asset2}"
"ALD","WMT",4977,-0.057574443799042,0.0301910738745612,1.90700218343521,0.0565203047498676,FALSE,FALSE,"eq4: eta_{asset1,asset2}"
"ALD","XOM",4971,-0.0520054225041404,0.0303030040578066,1.71618042900743,0.0861290240794097,FALSE,FALSE,"eq4: eta_{asset1,asset2}"
"AMGN","AXP",5011,0.0271975341515018,0.0296120947467946,0.918460324541745,0.358377921243902,FALSE,FALSE,"eq4: eta_{asset1,asset2}"
"AMGN","BA",5014,-0.0165192579194016,0.0301397415651468,0.548088903937525,0.583630859212926,FALSE,FALSE,"eq4: eta_{asset1,asset2}"
"AMGN","BEL",4983,-0.0173294981971565,0.0289466508160138,0.598670233295851,0.549392810837249,FALSE,FALSE,"eq4: eta_{asset1,asset2}"
"AMGN","CAT",5008,-0.0260879777624944,0.0299763137755797,0.870286385370939,0.384143917289727,FALSE,FALSE,"eq4: eta_{asset1,asset2}"
"AMGN","CHV",5014,-0.0283516237379342,0.0300479671095224,0.943545486275158,0.345401960732858,FALSE,FALSE,"eq4: eta_{asset1,asset2}"
"AMGN","CRM",5009,-0.0363854040438018,0.0297326877716502,1.22375092098114,0.221046203891697,FALSE,FALSE,"eq4: eta_{asset1,asset2}"
"AMGN","CSCO",5012,-0.049462290366531,0.0299124463852257,1.65356887663195,0.0982151407831043,FALSE,FALSE,"eq4: eta_{asset1,asset2}"
"AMGN","DIS",5009,-0.0210914852470887,0.0294723590053499,0.715636140400575,0.474216051787631,FALSE,FALSE,"eq4: eta_{asset1,asset2}"
"AMGN","GS",5011,-0.0243753459447333,0.0312847991391543,0.779143437562507,0.435895224841129,FALSE,FALSE,"eq4: eta_{asset1,asset2}"
"AMGN","HD",5014,-0.0589339645296641,0.0299485510152851,1.96784026377722,0.0490864198160361,FALSE,TRUE,"eq4: eta_{asset1,asset2}"
"AMGN","IBM",5011,-0.0817937579119042,0.0301112928784152,2.71638146665355,0.00659998239137035,TRUE,TRUE,"eq4: eta_{asset1,asset2}"
"AMGN","INTC",5013,0.0247996595079128,0.0300303322022643,0.825820351932132,0.408906007364354,FALSE,FALSE,"eq4: eta_{asset1,asset2}"
"AMGN","JNJ",5012,-0.0112821704377895,0.027799830621907,0.405835941636957,0.684863148192799,FALSE,FALSE,"eq4: eta_{asset1,asset2}"
"AMGN","JPM",5011,-0.0465189864365218,0.030964772574115,1.50231965454219,0.133014575067503,FALSE,FALSE,"eq4: eta_{asset1,asset2}"
"AMGN","KO",5013,-0.0256978401743981,0.0290585747815007,0.884346199620151,0.37650935592236,FALSE,FALSE,"eq4: eta_{asset1,asset2}"
"AMGN","MCD",5013,-0.033188705223664,0.0292392197785505,1.1350749259052,0.256343926369942,FALSE,FALSE,"eq4: eta_{asset1,asset2}"
"AMGN","MMM",5010,-0.0785869243686688,0.0295051670396621,2.663497016066,0.00773330977504407,TRUE,TRUE,"eq4: eta_{asset1,asset2}"
"AMGN","MRK",5012,-0.0173309426394353,0.0289086448021685,0.599507267048895,0.548834665516881,FALSE,FALSE,"eq4: eta_{asset1,asset2}"
"AMGN","MSFT",5013,-0.00290194202381233,0.0293865084000729,0.0987508275670181,0.921336111491334,FALSE,FALSE,"eq4: eta_{asset1,asset2}"
"AMGN","NIKE",5013,-0.0172202609759222,0.0301695213668071,0.570783366648573,0.568146499397593,FALSE,FALSE,"eq4: eta_{asset1,asset2}"
"AMGN","PG",5010,-0.0564407021123632,0.028793574914747,1.96018390489805,0.0499742990182801,FALSE,TRUE,"eq4: eta_{asset1,asset2}"
"AMGN","SPC",4994,-0.0263207902659059,0.0277563981238368,0.948278308607411,0.34298779058881,FALSE,FALSE,"eq4: eta_{asset1,asset2}"
"AMGN","UNH",4994,-0.0187634720616771,0.0291782296513878,0.643064102444085,0.520182506295078,FALSE,FALSE,"eq4: eta_{asset1,asset2}"
"AMGN","V",4189,-0.0204578717932403,0.0337236034108917,0.606633625238074,0.54409408002093,FALSE,FALSE,"eq4: eta_{asset1,asset2}"
"AMGN","WAG",4979,-0.0373757131221904,0.0300744420829132,1.2427732830138,0.213951390340704,FALSE,FALSE,"eq4: eta_{asset1,asset2}"
"AMGN","WMT",4977,-0.030490060710186,0.029464392957907,1.03481041519315,0.300757457951229,FALSE,FALSE,"eq4: eta_{asset1,asset2}"
"AMGN","XOM",4971,-0.0189352441495096,0.0302457283421653,0.62604688950777,0.531284186409836,FALSE,FALSE,"eq4: eta_{asset1,asset2}"
"AXP","BA",5014,-0.0274376302773896,0.0309417444109766,0.886751241719136,0.37521284372329,FALSE,FALSE,"eq4: eta_{asset1,asset2}"
"AXP","BEL",4983,-2.82136143042832e-05,0.0293973694889182,0.000959732615359302,0.99923424428126,FALSE,FALSE,"eq4: eta_{asset1,asset2}"
"AXP","CAT",5008,-0.0250033772693876,0.0299718631964142,0.834228326264979,0.404152331855241,FALSE,FALSE,"eq4: eta_{asset1,asset2}"
"AXP","CHV",5014,-0.0523491701120394,0.0301762805729862,1.73477874403456,0.082780002528479,FALSE,FALSE,"eq4: eta_{asset1,asset2}"
"AXP","CRM",5009,-0.0188637909388641,0.0304424452399141,0.619654262008201,0.535485434134566,FALSE,FALSE,"eq4: eta_{asset1,asset2}"
"AXP","CSCO",5012,0.000196896769656332,0.0305152748265339,0.00645240033968576,0.994851765112018,FALSE,FALSE,"eq4: eta_{asset1,asset2}"
"AXP","DIS",5009,-0.0214974565744645,0.0302186273392179,0.711397520911381,0.47683793480914,FALSE,FALSE,"eq4: eta_{asset1,asset2}"
"AXP","GS",5011,0.00704163260097607,0.0306639539482313,0.229638767813967,0.818372479431301,FALSE,FALSE,"eq4: eta_{asset1,asset2}"
"AXP","HD",5014,-0.0565657710393896,0.030005486470125,1.88518093501698,0.0594054138824528,FALSE,FALSE,"eq4: eta_{asset1,asset2}"
"AXP","IBM",5011,-0.111614580114028,0.0304627168034416,3.66397327048053,0.000248332712133253,TRUE,TRUE,"eq4: eta_{asset1,asset2}"
"AXP","INTC",5013,-0.0615607394605269,0.0306707534576331,2.00714793477648,0.0447339135054561,FALSE,TRUE,"eq4: eta_{asset1,asset2}"
"AXP","JNJ",5011,-0.00441905823145386,0.0284440381531552,0.155359735058001,0.876537725455401,FALSE,FALSE,"eq4: eta_{asset1,asset2}"
"AXP","JPM",5011,-0.00628663477971977,0.0295669356416266,0.212623819252644,0.831620391161432,FALSE,FALSE,"eq4: eta_{asset1,asset2}"
"AXP","KO",5013,-0.0457974606663455,0.0295015463937917,1.55237491808169,0.120572541323426,FALSE,FALSE,"eq4: eta_{asset1,asset2}"
"AXP","MCD",5013,-0.0182578629488808,0.0300737604864346,0.607102758470008,0.543782719664066,FALSE,FALSE,"eq4: eta_{asset1,asset2}"
"AXP","MMM",5010,-0.0319640178866393,0.0299409448529719,1.0675687772581,0.285715073947469,FALSE,FALSE,"eq4: eta_{asset1,asset2}"
"AXP","MRK",5012,-0.0438368796398822,0.0304122870436962,1.44142002792811,0.14946605548255,FALSE,FALSE,"eq4: eta_{asset1,asset2}"
"AXP","MSFT",5013,0.0029482040135048,0.0298725921020562,0.0986926077065092,0.921382338406178,FALSE,FALSE,"eq4: eta_{asset1,asset2}"
"AXP","NIKE",5013,-0.0193345827522534,0.0308872989790397,0.625971949356076,0.53133334023,FALSE,FALSE,"eq4: eta_{asset1,asset2}"
"AXP","PG",5010,-0.0240191312149615,0.0293465263200775,0.81846590472034,0.413091202994216,FALSE,FALSE,"eq4: eta_{asset1,asset2}"
"AXP","SPC",4994,-0.0256250218005935,0.0276491710870567,0.926791682828759,0.354034704111175,FALSE,FALSE,"eq4: eta_{asset1,asset2}"
"AXP","UNH",4994,-0.050499670197278,0.0304822023743278,1.65669362000592,0.0975814335509079,FALSE,FALSE,"eq4: eta_{asset1,asset2}"
"AXP","V",4189,-0.00171908760230113,0.0335758069847883,0.051200187178821,0.959166002694842,FALSE,FALSE,"eq4: eta_{asset1,asset2}"
"AXP","WAG",4979,-0.0194667281901647,0.0309253081551471,0.629475641519995,0.529037710788904,FALSE,FALSE,"eq4: eta_{asset1,asset2}"
"AXP","WMT",4977,-0.0257196600437127,0.0301159221240958,0.854021999981675,0.393092799788096,FALSE,FALSE,"eq4: eta_{asset1,asset2}"
"AXP","XOM",4971,-0.0661429223181071,0.0306109896491163,2.1607573971401,0.0307140845840914,FALSE,TRUE,"eq4: eta_{asset1,asset2}"
"BA","BEL",4987,-0.0743371339962089,0.030471623809433,2.4395527609919,0.0147054551023782,FALSE,TRUE,"eq4: eta_{asset1,asset2}"
"BA","CAT",5012,0.0601119403780208,0.0310295810124023,1.93724627973528,0.0527152455191935,FALSE,FALSE,"eq4: eta_{asset1,asset2}"
"BA","CHV",5018,0.0151160526348012,0.0313912053995389,0.481537820622309,0.630134306437586,FALSE,FALSE,"eq4: eta_{asset1,asset2}"
"BA","CRM",5013,0.0146817982841068,0.0312114190762372,0.47039829391432,0.638070482859493,FALSE,FALSE,"eq4: eta_{asset1,asset2}"
"BA","CSCO",5016,0.0263112462059654,0.0314651825686407,0.836201924097149,0.403041316164733,FALSE,FALSE,"eq4: eta_{asset1,asset2}"
"BA","DIS",5013,-0.0320064797165601,0.0309717962225831,1.03340728082224,0.301413340641925,FALSE,FALSE,"eq4: eta_{asset1,asset2}"
"BA","GS",5015,0.0294835098326969,0.0327766929305174,0.899526681816203,0.36837219031616,FALSE,FALSE,"eq4: eta_{asset1,asset2}"
"BA","HD",5018,-0.0418007638391945,0.0312378597972901,1.33814429382965,0.180849404149974,FALSE,FALSE,"eq4: eta_{asset1,asset2}"
"BA","IBM",5015,-0.0237450970042621,0.0312612573680582,0.759569480033907,0.44751196804822,FALSE,FALSE,"eq4: eta_{asset1,asset2}"
"BA","INTC",5017,0.0375598912538392,0.0316946710230427,1.1850538289712,0.235996164600453,FALSE,FALSE,"eq4: eta_{asset1,asset2}"
"BA","JNJ",5015,-0.0108537909391937,0.0292081414507154,0.371601560390549,0.710189527141715,FALSE,FALSE,"eq4: eta_{asset1,asset2}"
"BA","JPM",5015,0.0385492546366362,0.0322473418965694,1.19542425419992,0.231921314122626,FALSE,FALSE,"eq4: eta_{asset1,asset2}"
"BA","KO",5017,-0.0344961059083791,0.0302897138343068,1.1388719648222,0.254756560358363,FALSE,FALSE,"eq4: eta_{asset1,asset2}"
"BA","MCD",5017,0.0479435194863732,0.031085619505661,1.54230542124606,0.12299939218764,FALSE,FALSE,"eq4: eta_{asset1,asset2}"
"BA","MMM",5014,-0.0704263866311519,0.0309380045306283,2.27637133356259,0.0228237939236873,FALSE,TRUE,"eq4: eta_{asset1,asset2}"
"BA","MRK",5016,0.00217810576505387,0.0311942135863925,0.0698240319160988,0.944333719153788,FALSE,FALSE,"eq4: eta_{asset1,asset2}"
"BA","MSFT",5017,0.0353135008293451,0.0312202175837615,1.13111001659747,0.258008788875416,FALSE,FALSE,"eq4: eta_{asset1,asset2}"
"BA","NIKE",5017,0.022890561063694,0.0316722958359215,0.722731347998222,0.469844952303638,FALSE,FALSE,"eq4: eta_{asset1,asset2}"
"BA","PG",5014,0.00640300684140579,0.0303320974853995,0.211096738182643,0.832811785437179,FALSE,FALSE,"eq4: eta_{asset1,asset2}"
"BA","SPC",4998,-0.0725829761365472,0.0291918479113104,2.48641252027162,0.0129038290292518,FALSE,TRUE,"eq4: eta_{asset1,asset2}"
"BA","UNH",4998,-0.0066574045603793,0.0310902176434217,0.214131809456404,0.830444270691706,FALSE,FALSE,"eq4: eta_{asset1,asset2}"
"BA","V",4193,0.0141532075661796,0.0348514445053606,0.406101031594334,0.684668367812492,FALSE,FALSE,"eq4: eta_{asset1,asset2}"
"BA","WAG",4983,0.00175859815496968,0.0316302041856253,0.0555986975186487,0.955661502131235,FALSE,FALSE,"eq4: eta_{asset1,asset2}"
"BA","WMT",4981,-0.038575567917148,0.0311651608547012,1.23777855975125,0.215798180409241,FALSE,FALSE,"eq4: eta_{asset1,asset2}"
"BA","XOM",4975,0.0216542711419818,0.0317906827732705,0.681151496380839,0.495775635272245,FALSE,FALSE,"eq4: eta_{asset1,asset2}"
"BEL","CAT",4981,0.0337642601828366,0.030117567360938,1.12108191801136,0.262252994703654,FALSE,FALSE,"eq4: eta_{asset1,asset2}"
"BEL","CHV",4987,-0.00830952927927974,0.0297047412336842,0.27973747402509,0.779678925520601,FALSE,FALSE,"eq4: eta_{asset1,asset2}"
"BEL","CRM",4982,0.0185163654494219,0.02989974978915,0.619281618742545,0.535730851415408,FALSE,FALSE,"eq4: eta_{asset1,asset2}"
"BEL","CSCO",4985,-0.0335917741661177,0.0301691641022768,1.11344729513347,0.26551637217551,FALSE,FALSE,"eq4: eta_{asset1,asset2}"
"BEL","DIS",4982,-0.0241417920642192,0.0292242279357935,0.826088275702592,0.408754017948845,FALSE,FALSE,"eq4: eta_{asset1,asset2}"
"BEL","GS",4984,-0.00587351203344676,0.0312091988669701,0.188198103337505,0.850721359241676,FALSE,FALSE,"eq4: eta_{asset1,asset2}"
"BEL","HD",4987,-0.00721589889509936,0.0297655092051439,0.242424842974041,0.808450986479938,FALSE,FALSE,"eq4: eta_{asset1,asset2}"
"BEL","IBM",4985,-0.0226148522847289,0.0298437661464372,0.757774745109664,0.448585843733072,FALSE,FALSE,"eq4: eta_{asset1,asset2}"
"BEL","INTC",4986,-0.025768360856044,0.0305926325808647,0.842306094054872,0.399616640811905,FALSE,FALSE,"eq4: eta_{asset1,asset2}"
"BEL","JNJ",4984,-0.0085282619300422,0.0274771379867062,0.310376646001789,0.756274551610821,FALSE,FALSE,"eq4: eta_{asset1,asset2}"
"BEL","JPM",4984,-0.0119090479516421,0.0303843654128752,0.391946574819551,0.695097688870772,FALSE,FALSE,"eq4: eta_{asset1,asset2}"
"BEL","KO",4986,0.0331515896292548,0.0285486442108787,1.16123166425613,0.245547701081635,FALSE,FALSE,"eq4: eta_{asset1,asset2}"
"BEL","MCD",4986,-0.00208105716072019,0.0293393900535476,0.0709304848165566,0.943453081096625,FALSE,FALSE,"eq4: eta_{asset1,asset2}"
"BEL","MMM",4983,-0.0471498019384753,0.0285994647498017,1.64862532746534,0.0992244166526221,FALSE,FALSE,"eq4: eta_{asset1,asset2}"
"BEL","MRK",4985,0.0135158636174854,0.0293311251007116,0.460802767404156,0.64494011608441,FALSE,FALSE,"eq4: eta_{asset1,asset2}"
"BEL","MSFT",4986,0.0158467852944454,0.0296343209109948,0.534744337217659,0.592826658115029,FALSE,FALSE,"eq4: eta_{asset1,asset2}"
"BEL","NIKE",4986,0.0500938235502663,0.0300177395929221,1.66880731959171,0.0951555716502782,FALSE,FALSE,"eq4: eta_{asset1,asset2}"
"BEL","PG",4984,0.0149305779984388,0.0285671449055642,0.522648589762662,0.601218820499312,FALSE,FALSE,"eq4: eta_{asset1,asset2}"
"BEL","SPC",4981,-0.0112338995954996,0.0273679256197104,0.41047683889527,0.681456190223039,FALSE,FALSE,"eq4: eta_{asset1,asset2}"
"BEL","UNH",4984,0.00691794830297157,0.0294991439033231,0.234513527770284,0.814586332334467,FALSE,FALSE,"eq4: eta_{asset1,asset2}"
"BEL","V",4181,0.00193543870228819,0.0334795426175076,0.0578095920962815,0.953900297570941,FALSE,FALSE,"eq4: eta_{asset1,asset2}"
"BEL","WAG",4982,0.0402412870725466,0.0304027411599866,1.32360719912679,0.18563353300033,FALSE,FALSE,"eq4: eta_{asset1,asset2}"
"BEL","WMT",4980,-0.00219714132534325,0.029625350415886,0.074164230785438,0.940879707137898,FALSE,FALSE,"eq4: eta_{asset1,asset2}"
"BEL","XOM",4974,-0.0172144761689246,0.0299982747762096,0.573848872888407,0.566070073209188,FALSE,FALSE,"eq4: eta_{asset1,asset2}"
"CAT","CHV",5012,-0.00382513633905815,0.0302186878187844,0.126581814604153,0.899271390990638,FALSE,FALSE,"eq4: eta_{asset1,asset2}"
"CAT","CRM",5008,0.0160475081301974,0.0309828300946488,0.517948427602456,0.60449425233062,FALSE,FALSE,"eq4: eta_{asset1,asset2}"
"CAT","CSCO",5011,-0.0724690568881575,0.0310454954022499,2.33428572967483,0.0195807654591167,FALSE,TRUE,"eq4: eta_{asset1,asset2}"
"CAT","DIS",5009,-0.0282690628859067,0.0305711079210973,0.924698671663061,0.355122670584379,FALSE,FALSE,"eq4: eta_{asset1,asset2}"
"CAT","GS",5009,-0.0350674232389027,0.0317416686604444,1.10477566929563,0.26925680572173,FALSE,FALSE,"eq4: eta_{asset1,asset2}"
"CAT","HD",5012,-0.0890026798104595,0.0306177832798153,2.90689495699496,0.00365035754811671,TRUE,TRUE,"eq4: eta_{asset1,asset2}"
"CAT","IBM",5009,-0.0466265198126927,0.0305912260991679,1.52417950367674,0.12746387661903,FALSE,FALSE,"eq4: eta_{asset1,asset2}"
"CAT","INTC",5011,-0.0428841133654498,0.0312338725707742,1.37300020252938,0.169752283737955,FALSE,FALSE,"eq4: eta_{asset1,asset2}"
"CAT","JNJ",5010,-0.0251059071046602,0.0292091513554461,0.859521962796744,0.390052608219452,FALSE,FALSE,"eq4: eta_{asset1,asset2}"
"CAT","JPM",5009,-0.05188376597254,0.0309203349077188,1.67798201822154,0.0933506094518348,FALSE,FALSE,"eq4: eta_{asset1,asset2}"
"CAT","KO",5012,-0.0527514412202193,0.02974200166892,1.77363453231676,0.0761236218403925,FALSE,FALSE,"eq4: eta_{asset1,asset2}"
"CAT","MCD",5011,-0.0354557964781956,0.03038021924902,1.16706848583193,0.243182713310931,FALSE,FALSE,"eq4: eta_{asset1,asset2}"
"CAT","MMM",5008,-0.0110594428562169,0.0296694520815852,0.372755210504243,0.709330640943925,FALSE,FALSE,"eq4: eta_{asset1,asset2}"
"CAT","MRK",5010,-0.0704853467684135,0.0306800740597185,2.29743078948292,0.0215942070367632,FALSE,TRUE,"eq4: eta_{asset1,asset2}"
"CAT","MSFT",5011,-0.0150514395006621,0.0302368932860178,0.497783927676931,0.618636345438502,FALSE,FALSE,"eq4: eta_{asset1,asset2}"
"CAT","NIKE",5012,0.038184875091584,0.0312511950215638,1.22186927780636,0.221757065064192,FALSE,FALSE,"eq4: eta_{asset1,asset2}"
"CAT","PG",5009,-0.0646047267180739,0.0298171660092226,2.16669574493067,0.0302580612662494,FALSE,TRUE,"eq4: eta_{asset1,asset2}"
"CAT","SPC",4992,-0.00480733562909097,0.0287161587308803,0.167408728797746,0.867048457510262,FALSE,FALSE,"eq4: eta_{asset1,asset2}"
"CAT","UNH",4992,0.0180503856983316,0.0306758437473672,0.58842344637646,0.556248103965783,FALSE,FALSE,"eq4: eta_{asset1,asset2}"
"CAT","V",4187,-0.00677499707620832,0.0345421421980829,0.196137142779301,0.844502825094513,FALSE,FALSE,"eq4: eta_{asset1,asset2}"
"CAT","WAG",4977,-0.000270125345570415,0.0312690096916368,0.00863875601543796,0.993107355681677,FALSE,FALSE,"eq4: eta_{asset1,asset2}"
"CAT","WMT",4975,-0.0390265503474393,0.0308531312957965,1.26491376104688,0.205902243832457,FALSE,FALSE,"eq4: eta_{asset1,asset2}"
"CAT","XOM",4969,-0.0281191809850349,0.0305427420853509,0.920650179556785,0.357233094827436,FALSE,FALSE,"eq4: eta_{asset1,asset2}"
"CHV","CRM",5013,0.0159003912237213,0.031210724244839,0.509452811763912,0.610434866461346,FALSE,FALSE,"eq4: eta_{asset1,asset2}"
"CHV","CSCO",5016,0.0116571140552474,0.0306277598081638,0.380606160171734,0.70349550959853,FALSE,FALSE,"eq4: eta_{asset1,asset2}"
"CHV","DIS",5013,-0.0654093878438148,0.0302120215868517,2.16501195246997,0.0303867699495633,FALSE,TRUE,"eq4: eta_{asset1,asset2}"
"CHV","GS",5015,0.00955589305333225,0.031504412544954,0.303319195039642,0.761646619289888,FALSE,FALSE,"eq4: eta_{asset1,asset2}"
"CHV","HD",5018,-0.0346768254431054,0.0303573667051825,1.14228700334491,0.253334741714583,FALSE,FALSE,"eq4: eta_{asset1,asset2}"
"CHV","IBM",5015,-0.0261972153948489,0.030640203439689,0.85499482555377,0.392554012354703,FALSE,FALSE,"eq4: eta_{asset1,asset2}"
"CHV","INTC",5017,-0.0162565366752483,0.0307376414723727,0.528880418162851,0.596888406745467,FALSE,FALSE,"eq4: eta_{asset1,asset2}"
"CHV","JNJ",5015,0.0125217439038743,0.0287921218172691,0.434901740946511,0.663633750869907,FALSE,FALSE,"eq4: eta_{asset1,asset2}"
"CHV","JPM",5015,0.0381677524536366,0.0312125420315095,1.22283383439599,0.221392463370973,FALSE,FALSE,"eq4: eta_{asset1,asset2}"
"CHV","KO",5017,0.0234445881089407,0.0293860148140211,0.797814479347315,0.424978157515278,FALSE,FALSE,"eq4: eta_{asset1,asset2}"
"CHV","MCD",5017,0.0119982351074366,0.0303692942474519,0.395077837821117,0.692785444107066,FALSE,FALSE,"eq4: eta_{asset1,asset2}"
"CHV","MMM",5014,-0.034612326415816,0.0300413302095746,1.15215691763158,0.249256597700866,FALSE,FALSE,"eq4: eta_{asset1,asset2}"
"CHV","MRK",5016,-0.0214351758094584,0.030766246787233,0.696710780411255,0.485983810845539,FALSE,FALSE,"eq4: eta_{asset1,asset2}"
"CHV","MSFT",5017,0.00195166507682834,0.0298856865998321,0.0653043412708244,0.947931685890786,FALSE,FALSE,"eq4: eta_{asset1,asset2}"
"CHV","NIKE",5017,0.0434918031516716,0.0313659450111216,1.38659310715014,0.165565871335005,FALSE,FALSE,"eq4: eta_{asset1,asset2}"
"CHV","PG",5014,-0.0109882183999768,0.0293717520671703,0.374108373747942,0.70832368896527,FALSE,FALSE,"eq4: eta_{asset1,asset2}"
"CHV","SPC",4998,0.0207534076366167,0.028468692674572,0.72899053967285,0.466007449392754,FALSE,FALSE,"eq4: eta_{asset1,asset2}"
"CHV","UNH",4998,0.0162682579550157,0.0305960974318848,0.531710228444435,0.594926706609302,FALSE,FALSE,"eq4: eta_{asset1,asset2}"
"CHV","V",4193,-0.00515766903667047,0.0335204622786418,0.15386628602544,0.877715167347374,FALSE,FALSE,"eq4: eta_{asset1,asset2}"
"CHV","WAG",4983,0.0141025094792317,0.0314488447322489,0.448426948566744,0.653845096566901,FALSE,FALSE,"eq4: eta_{asset1,asset2}"
"CHV","WMT",4981,0.0241449541128299,0.0301993965542675,0.799517767497179,0.423990248421757,FALSE,FALSE,"eq4: eta_{asset1,asset2}"
"CHV","XOM",4975,-0.0588058383002193,0.0220353483504915,2.66870472682623,0.00761443575634438,TRUE,TRUE,"eq4: eta_{asset1,asset2}"
"CRM","CSCO",5011,-0.0051586894155533,0.0309570566757727,0.166640177378056,0.867653178700583,FALSE,FALSE,"eq4: eta_{asset1,asset2}"
"CRM","DIS",5008,-0.0205425741583795,0.0305519089641703,0.672382671160443,0.501340111777374,FALSE,FALSE,"eq4: eta_{asset1,asset2}"
"CRM","GS",5010,-0.00227706518681746,0.0320159807556278,0.0711227684760899,0.943300047431584,FALSE,FALSE,"eq4: eta_{asset1,asset2}"
"CRM","HD",5013,-0.0307055784735393,0.0308023641916414,0.996857847745065,0.318833514580524,FALSE,FALSE,"eq4: eta_{asset1,asset2}"
"CRM","IBM",5010,-0.011570986509003,0.0308383876085622,0.375213732179381,0.707501518226418,FALSE,FALSE,"eq4: eta_{asset1,asset2}"
"CRM","INTC",5012,0.00335423911503321,0.0312346899640192,0.107388263462744,0.914480965062514,FALSE,FALSE,"eq4: eta_{asset1,asset2}"
"CRM","JNJ",5010,-0.0248277864434885,0.0290562680790774,0.85447265202534,0.392843156033999,FALSE,FALSE,"eq4: eta_{asset1,asset2}"
"CRM","JPM",5010,-0.00673954220216384,0.0322066251443795,0.209259497757094,0.834245667893044,FALSE,FALSE,"eq4: eta_{asset1,asset2}"
"CRM","KO",5013,-0.0224667398664331,0.0299534451723304,0.7500552853662,0.453221408457631,FALSE,FALSE,"eq4: eta_{asset1,asset2}"
"CRM","MCD",5012,-0.00475764437369931,0.0305938886221014,0.15550963241274,0.876419560753026,FALSE,FALSE,"eq4: eta_{asset1,asset2}"
"CRM","MMM",5009,-0.0147389196624905,0.0305266304497052,0.482821701752307,0.629222340321769,FALSE,FALSE,"eq4: eta_{asset1,asset2}"
"CRM","MRK",5011,-0.00468272237771091,0.0304010561433981,0.154031569022572,0.877584844130428,FALSE,FALSE,"eq4: eta_{asset1,asset2}"
"CRM","MSFT",5012,-0.0150768240740821,0.0305268285892392,0.493887664419773,0.621385516837019,FALSE,FALSE,"eq4: eta_{asset1,asset2}"
"CRM","NIKE",5012,0.0327656440233796,0.0308521990055002,1.06201972888669,0.288226728867973,FALSE,FALSE,"eq4: eta_{asset1,asset2}"
"CRM","PG",5009,-0.0113539364663524,0.0300371327666064,0.377996680128373,0.70543306021236,FALSE,FALSE,"eq4: eta_{asset1,asset2}"
"CRM","SPC",4994,0.0209055996833258,0.0287886222794677,0.726175760700984,0.467731029546537,FALSE,FALSE,"eq4: eta_{asset1,asset2}"
"CRM","UNH",4993,-0.0150349964657579,0.0303987779326614,0.494592134560902,0.620888055400044,FALSE,FALSE,"eq4: eta_{asset1,asset2}"
"CRM","V",4188,0.0323888646085753,0.0347444135651602,0.932203519504874,0.351231356950379,FALSE,FALSE,"eq4: eta_{asset1,asset2}"
"CRM","WAG",4978,-0.0019326288314108,0.0311494205696341,0.0620438132096369,0.950527941291373,FALSE,FALSE,"eq4: eta_{asset1,asset2}"
"CRM","WMT",4976,0.00496606309506825,0.0307945961193222,0.161264108671075,0.871885390355687,FALSE,FALSE,"eq4: eta_{asset1,asset2}"
"CRM","XOM",4971,0.00681749543368533,0.0313906430146424,0.217182407843804,0.828066194002169,FALSE,FALSE,"eq4: eta_{asset1,asset2}"
"CSCO","DIS",5012,-0.0419968450491499,0.0305990851468294,1.37248695010418,0.169911898627726,FALSE,FALSE,"eq4: eta_{asset1,asset2}"
"CSCO","GS",5013,-0.0202467056536771,0.0317285001603649,0.638123628641269,0.523393206467162,FALSE,FALSE,"eq4: eta_{asset1,asset2}"
"CSCO","HD",5016,-0.0468624705351366,0.03076100982399,1.52343732547393,0.127649329718193,FALSE,FALSE,"eq4: eta_{asset1,asset2}"
"CSCO","IBM",5013,-0.0500829480497638,0.0304841471047901,1.64291780503494,0.10039994061272,FALSE,FALSE,"eq4: eta_{asset1,asset2}"
"CSCO","INTC",5016,0.040554693330965,0.0303302343311484,1.33710451716874,0.181188522912433,FALSE,FALSE,"eq4: eta_{asset1,asset2}"
"CSCO","JNJ",5014,-0.0187689397901032,0.0290470289522639,0.64615695536188,0.518177712947847,FALSE,FALSE,"eq4: eta_{asset1,asset2}"
"CSCO","JPM",5013,-0.000390318974587726,0.0311757382505893,0.012519959317414,0.990010778726813,FALSE,FALSE,"eq4: eta_{asset1,asset2}"
"CSCO","KO",5015,-0.0044346442192899,0.0299779999198652,0.147929956339457,0.882398046551797,FALSE,FALSE,"eq4: eta_{asset1,asset2}"
"CSCO","MCD",5015,0.048421977613478,0.0309643091687739,1.56379970725487,0.117864613076137,FALSE,FALSE,"eq4: eta_{asset1,asset2}"
"CSCO","MMM",5012,-0.082571908467638,0.0306053636223399,2.69795547886796,0.00697667704841909,TRUE,TRUE,"eq4: eta_{asset1,asset2}"
"CSCO","MRK",5015,-0.0108169641216424,0.0312369841133877,0.346287083361753,0.729126974818975,FALSE,FALSE,"eq4: eta_{asset1,asset2}"
"CSCO","MSFT",5015,-0.00576799561126178,0.0289530467271401,0.199218951484472,0.842091475403525,FALSE,FALSE,"eq4: eta_{asset1,asset2}"
"CSCO","NIKE",5016,0.0304079156499477,0.0316762479280195,0.959959516639913,0.337075590146548,FALSE,FALSE,"eq4: eta_{asset1,asset2}"
"CSCO","PG",5012,-0.00981142137456856,0.0300272128003239,0.326750985508143,0.743856234085703,FALSE,FALSE,"eq4: eta_{asset1,asset2}"
"CSCO","SPC",4996,-0.0279325234836811,0.0290375015834867,0.961946516072375,0.336076470795668,FALSE,FALSE,"eq4: eta_{asset1,asset2}"
"CSCO","UNH",4996,0.0285731479315417,0.0310577659238284,0.920000105661802,0.357572704012783,FALSE,FALSE,"eq4: eta_{asset1,asset2}"
"CSCO","V",4191,-0.0452925597489969,0.0348191742425437,1.30079362116682,0.193329105981575,FALSE,FALSE,"eq4: eta_{asset1,asset2}"
"CSCO","WAG",4981,-0.0224817965631894,0.0316773337661823,0.709712399696664,0.477882501251572,FALSE,FALSE,"eq4: eta_{asset1,asset2}"
"CSCO","WMT",4979,0.00797008508049963,0.0304632263616753,0.261629710060078,0.793606936314587,FALSE,FALSE,"eq4: eta_{asset1,asset2}"
"CSCO","XOM",4973,-0.0165982086506179,0.0309568109504085,0.536173079236343,0.591838937181952,FALSE,FALSE,"eq4: eta_{asset1,asset2}"
"DIS","GS",5010,0.0659028568135285,0.0317149703902196,2.07797314651922,0.0377118325368787,FALSE,TRUE,"eq4: eta_{asset1,asset2}"
"DIS","HD",5013,-0.0310966581343682,0.0302506652318319,1.02796609251575,0.303965777866099,FALSE,FALSE,"eq4: eta_{asset1,asset2}"
"DIS","IBM",5010,-0.00445764084706113,0.0303473668243391,0.146887236473051,0.883221026462345,FALSE,FALSE,"eq4: eta_{asset1,asset2}"
"DIS","INTC",5012,0.0692281518088336,0.0308922484550477,2.24095542639345,0.0250289624183969,FALSE,TRUE,"eq4: eta_{asset1,asset2}"
"DIS","JNJ",5011,-0.00420277668485543,0.0285117640686364,0.147405003588627,0.88281235637283,FALSE,FALSE,"eq4: eta_{asset1,asset2}"
"DIS","JPM",5010,0.0283862904187828,0.0311389340461687,0.911601224906906,0.361978677352547,FALSE,FALSE,"eq4: eta_{asset1,asset2}"
"DIS","KO",5012,0.0483820816678557,0.0292356356799852,1.65490096392801,0.0979445887127234,FALSE,FALSE,"eq4: eta_{asset1,asset2}"
"DIS","MCD",5012,0.03237213952241,0.0300210974417305,1.07831299589373,0.280894099331357,FALSE,FALSE,"eq4: eta_{asset1,asset2}"
"DIS","MMM",5009,0.0457628413738274,0.0298349521929473,1.53386675728092,0.125062435623717,FALSE,FALSE,"eq4: eta_{asset1,asset2}"
"DIS","MRK",5011,0.0284167666166367,0.0302164672426472,0.940439740636841,0.346992045596073,FALSE,FALSE,"eq4: eta_{asset1,asset2}"
"DIS","MSFT",5012,0.0124848398309184,0.0297591423630224,0.419529557627024,0.674829157715156,FALSE,FALSE,"eq4: eta_{asset1,asset2}"
"DIS","NIKE",5013,0.0378128135760508,0.0307525478268377,1.22958311581103,0.218853255848925,FALSE,FALSE,"eq4: eta_{asset1,asset2}"
"DIS","PG",5009,0.0326158887924676,0.0293997741639771,1.10939249432845,0.267260898864352,FALSE,FALSE,"eq4: eta_{asset1,asset2}"
"DIS","SPC",4993,0.00812095393043474,0.0284351006431792,0.285596102941269,0.775187488598784,FALSE,FALSE,"eq4: eta_{asset1,asset2}"
"DIS","UNH",4994,0.0491554392230449,0.0302554857405731,1.62467856720366,0.104231066506337,FALSE,FALSE,"eq4: eta_{asset1,asset2}"
"DIS","V",4188,0.0549113893077384,0.0335182828769951,1.63825186120815,0.101369165142678,FALSE,FALSE,"eq4: eta_{asset1,asset2}"
"DIS","WAG",4978,0.0371504645540119,0.0309901737801573,1.19878206613346,0.230612697698421,FALSE,FALSE,"eq4: eta_{asset1,asset2}"
"DIS","WMT",4976,0.0481010299267116,0.0304827893815419,1.5779733712899,0.114571727451127,FALSE,FALSE,"eq4: eta_{asset1,asset2}"
"DIS","XOM",4970,0.0530256543691988,0.0304884389746314,1.73920529067821,0.0819986591796692,FALSE,FALSE,"eq4: eta_{asset1,asset2}"
"GS","HD",5015,-0.0210417377068863,0.0311190307568765,0.67616944342769,0.498933070680608,FALSE,FALSE,"eq4: eta_{asset1,asset2}"
"GS","IBM",5012,-0.0309582700953754,0.031808260588298,0.973277680791029,0.330415312092241,FALSE,FALSE,"eq4: eta_{asset1,asset2}"
"GS","INTC",5014,0.00911512347008465,0.0325531110617824,0.280007752647208,0.779471556966361,FALSE,FALSE,"eq4: eta_{asset1,asset2}"
"GS","JNJ",5012,-0.0404194925990829,0.0293197820991792,1.37857411294385,0.168026102644088,FALSE,FALSE,"eq4: eta_{asset1,asset2}"
"GS","JPM",5012,-0.0381032237672224,0.0285891215174561,1.33278749904774,0.182601549254999,FALSE,FALSE,"eq4: eta_{asset1,asset2}"
"GS","KO",5014,-0.0341637443728756,0.0306254740181425,1.11553357027673,0.264621840999126,FALSE,FALSE,"eq4: eta_{asset1,asset2}"
"GS","MCD",5014,0.0186721578422659,0.031907265747637,0.585200812565668,0.558412698593231,FALSE,FALSE,"eq4: eta_{asset1,asset2}"
"GS","MMM",5011,-0.0226251262727476,0.0313086136425923,0.722648614564277,0.46989579274069,FALSE,FALSE,"eq4: eta_{asset1,asset2}"
"GS","MRK",5013,-0.0255847965463149,0.0323880069947911,0.789946616672947,0.429558945251191,FALSE,FALSE,"eq4: eta_{asset1,asset2}"
"GS","MSFT",5014,-0.0431818281743662,0.031102809866526,1.38835778373966,0.165028124744026,FALSE,FALSE,"eq4: eta_{asset1,asset2}"
"GS","NIKE",5014,0.0349534720106494,0.0325930378046054,1.07242142386956,0.283530789521444,FALSE,FALSE,"eq4: eta_{asset1,asset2}"
"GS","PG",5012,-0.0260733182708057,0.0310869465480673,0.838722395282233,0.401625107996262,FALSE,FALSE,"eq4: eta_{asset1,asset2}"
"GS","SPC",4995,0.0240667078712658,0.0290022323359627,0.82982260098038,0.406639090488015,FALSE,FALSE,"eq4: eta_{asset1,asset2}"
"GS","UNH",4995,0.0442669861228364,0.0316708881260345,1.39771849613676,0.162197617737132,FALSE,FALSE,"eq4: eta_{asset1,asset2}"
"GS","V",4190,-0.00989546978705981,0.0355515122055902,0.278341740566069,0.780750037214586,FALSE,FALSE,"eq4: eta_{asset1,asset2}"
"GS","WAG",4981,-0.0112239719999978,0.0327765801013344,0.342438776873517,0.732020710723954,FALSE,FALSE,"eq4: eta_{asset1,asset2}"
"GS","WMT",4978,-0.00901482618247184,0.0319657535028725,0.282015131652121,0.777931907654531,FALSE,FALSE,"eq4: eta_{asset1,asset2}"
"GS","XOM",4972,-0.0251790451179943,0.0315983500687631,0.79684683102759,0.425539993104648,FALSE,FALSE,"eq4: eta_{asset1,asset2}"
"HD","IBM",5015,-0.0268740422987355,0.0306299397986495,0.877378227818796,0.380281234851191,FALSE,FALSE,"eq4: eta_{asset1,asset2}"
"HD","INTC",5017,0.0711303491465415,0.031030066648477,2.29230410467174,0.0218881011411766,FALSE,TRUE,"eq4: eta_{asset1,asset2}"
"HD","JNJ",5015,0.0097792769580071,0.0284099993289866,0.344219542026857,0.730681186882919,FALSE,FALSE,"eq4: eta_{asset1,asset2}"
"HD","JPM",5015,0.0389684898270599,0.0301789846608215,1.29124588732931,0.196618427963593,FALSE,FALSE,"eq4: eta_{asset1,asset2}"
"HD","KO",5017,0.0286394364916929,0.0292916936122496,0.977732352072537,0.32820671644328,FALSE,FALSE,"eq4: eta_{asset1,asset2}"
"HD","MCD",5017,0.0391085756519015,0.0300410686330753,1.3018370328159,0.192972101282723,FALSE,FALSE,"eq4: eta_{asset1,asset2}"
"HD","MMM",5014,-0.00302932872591836,0.0300840537580296,0.100695496367733,0.919792186581342,FALSE,FALSE,"eq4: eta_{asset1,asset2}"
"HD","MRK",5016,0.0142487565191157,0.0305096324786834,0.467024849580572,0.640482099405266,FALSE,FALSE,"eq4: eta_{asset1,asset2}"
"HD","MSFT",5017,0.0519698209389141,0.0300696275760771,1.72831608264614,0.0839315712460531,FALSE,FALSE,"eq4: eta_{asset1,asset2}"
"HD","NIKE",5017,0.0664757361761948,0.0304409395865264,2.183760983699,0.028979815961038,FALSE,TRUE,"eq4: eta_{asset1,asset2}"
"HD","PG",5014,0.04850630229135,0.029358885458397,1.65218473160658,0.0984968980201429,FALSE,FALSE,"eq4: eta_{asset1,asset2}"
"HD","SPC",4998,0.0204383280394975,0.0282691277849985,0.722991108708469,0.469685346774153,FALSE,FALSE,"eq4: eta_{asset1,asset2}"
"HD","UNH",4998,0.0216015821693218,0.0303183641368248,0.712491679031073,0.47616036229964,FALSE,FALSE,"eq4: eta_{asset1,asset2}"
"HD","V",4193,0.078234593574672,0.0341839842474139,2.28863297526796,0.0221006862879249,FALSE,TRUE,"eq4: eta_{asset1,asset2}"
"HD","WAG",4983,-0.0191391246824294,0.0308185953888007,0.621025210298338,0.534583035951758,FALSE,FALSE,"eq4: eta_{asset1,asset2}"
"HD","WMT",4981,0.0131305387680043,0.0293664984482019,0.44712646933936,0.654783748481444,FALSE,FALSE,"eq4: eta_{asset1,asset2}"
"HD","XOM",4975,0.0243066692706754,0.0303980215140523,0.799613529434441,0.423934746295801,FALSE,FALSE,"eq4: eta_{asset1,asset2}"
"IBM","INTC",5014,0.0631598553102,0.0308994386427031,2.04404539644008,0.0409490626445605,FALSE,TRUE,"eq4: eta_{asset1,asset2}"
"IBM","JNJ",5012,-0.0247531608373396,0.0289461810467052,0.85514426920083,0.392471284524889,FALSE,FALSE,"eq4: eta_{asset1,asset2}"
"IBM","JPM",5012,0.0530810329847226,0.0317094925318334,1.67397926445635,0.0941346746238114,FALSE,FALSE,"eq4: eta_{asset1,asset2}"
"IBM","KO",5014,0.0112720880597415,0.0296599654953974,0.380043869622529,0.703912850661943,FALSE,FALSE,"eq4: eta_{asset1,asset2}"
"IBM","MCD",5014,0.00228831669554264,0.0305260421842433,0.0749627705331482,0.940244333324944,FALSE,FALSE,"eq4: eta_{asset1,asset2}"
"IBM","MMM",5012,0.0111334945453261,0.0302073345190227,0.368569247257316,0.712448821315964,FALSE,FALSE,"eq4: eta_{asset1,asset2}"
"IBM","MRK",5013,0.027568169708993,0.0307436423875918,0.896711240699301,0.369873020935072,FALSE,FALSE,"eq4: eta_{asset1,asset2}"
"IBM","MSFT",5014,0.0853800550348549,0.030178034069033,2.82921196389221,0.00466627824787475,TRUE,TRUE,"eq4: eta_{asset1,asset2}"
"IBM","NIKE",5014,0.100076317227914,0.0311624991426808,3.21143425531129,0.00132074187341672,TRUE,TRUE,"eq4: eta_{asset1,asset2}"
"IBM","PG",5011,0.045788574166448,0.0296411982809312,1.54476123847883,0.122404026216242,FALSE,FALSE,"eq4: eta_{asset1,asset2}"
"IBM","SPC",4995,0.028895597458173,0.0286279105608761,1.00935055657407,0.312806541861587,FALSE,FALSE,"eq4: eta_{asset1,asset2}"
"IBM","UNH",4995,0.0206235908877218,0.030565877115949,0.674725963514413,0.499849885842624,FALSE,FALSE,"eq4: eta_{asset1,asset2}"
"IBM","V",4190,0.0723762670659926,0.0349363302809905,2.07166197719896,0.0382969756325298,FALSE,TRUE,"eq4: eta_{asset1,asset2}"
"IBM","WAG",4980,0.01871028060579,0.0311302036910497,0.601033028613606,0.547817987839379,FALSE,FALSE,"eq4: eta_{asset1,asset2}"
"IBM","WMT",4978,0.0446974048033309,0.0306093824681836,1.46025176593454,0.144220893041125,FALSE,FALSE,"eq4: eta_{asset1,asset2}"
"IBM","XOM",4972,0.0511876146419058,0.03079234464117,1.6623487181118,0.0964428748247458,FALSE,FALSE,"eq4: eta_{asset1,asset2}"
"INTC","JNJ",5014,-0.0739067087022337,0.0293793954959582,2.5155966436546,0.0118831092908248,FALSE,TRUE,"eq4: eta_{asset1,asset2}"
"INTC","JPM",5014,0.0163584144728978,0.0321518736516095,0.508785728948613,0.610902423625244,FALSE,FALSE,"eq4: eta_{asset1,asset2}"
"INTC","KO",5016,-0.0110208033306467,0.0303866542180804,0.362685646519424,0.7168397231174,FALSE,FALSE,"eq4: eta_{asset1,asset2}"
"INTC","MCD",5016,0.000511318436846582,0.031175589241042,0.0164012437068372,0.986914287548822,FALSE,FALSE,"eq4: eta_{asset1,asset2}"
"INTC","MMM",5013,-0.0841311453587461,0.0310839400561302,2.70657919191793,0.00679803665334705,TRUE,TRUE,"eq4: eta_{asset1,asset2}"
"INTC","MRK",5016,-0.0514039858113732,0.0314086904064561,1.63661665437687,0.101710593523635,FALSE,FALSE,"eq4: eta_{asset1,asset2}"
"INTC","MSFT",5016,-0.00515959114009832,0.0293837178231986,0.175593543715043,0.860613274912081,FALSE,FALSE,"eq4: eta_{asset1,asset2}"
"INTC","NIKE",5016,0.0106502834454619,0.0315839270250414,0.337205802084643,0.735961763751842,FALSE,FALSE,"eq4: eta_{asset1,asset2}"
"INTC","PG",5013,-0.0289829950599402,0.0300662161450415,0.963972151338375,0.335059888146162,FALSE,FALSE,"eq4: eta_{asset1,asset2}"
"INTC","SPC",4997,-0.0167893495849422,0.029315266254363,0.57271694001563,0.566836365688343,FALSE,FALSE,"eq4: eta_{asset1,asset2}"
"INTC","UNH",4997,-0.0161751799905751,0.0312677949901051,0.51731118218262,0.604938949344841,FALSE,FALSE,"eq4: eta_{asset1,asset2}"
"INTC","V",4192,-0.0977153897459518,0.0354035207065895,2.7600472437693,0.00577930032724513,TRUE,TRUE,"eq4: eta_{asset1,asset2}"
"INTC","WAG",4982,-0.0281337899969388,0.0319833769006148,0.879637884528634,0.379055508877721,FALSE,FALSE,"eq4: eta_{asset1,asset2}"
"INTC","WMT",4980,-0.0521392986975754,0.0313221240462929,1.66461567614366,0.095989455819948,FALSE,FALSE,"eq4: eta_{asset1,asset2}"
"INTC","XOM",4974,-0.0216849553385961,0.0309767461600835,0.700039804908214,0.483902446314156,FALSE,FALSE,"eq4: eta_{asset1,asset2}"
"JNJ","JPM",5012,0.069583686573032,0.0288832981896131,2.40913229909649,0.0159905002044226,FALSE,TRUE,"eq4: eta_{asset1,asset2}"
"JNJ","KO",5014,0.0292048819039167,0.0274476298487815,1.06402199624582,0.287318735123781,FALSE,FALSE,"eq4: eta_{asset1,asset2}"
"JNJ","MCD",5014,-0.0134822091424577,0.0285995253554364,0.471413737637253,0.637345307618421,FALSE,FALSE,"eq4: eta_{asset1,asset2}"
"JNJ","MMM",5011,-0.042522167666199,0.0280115895596774,1.51802051702948,0.129009226526036,FALSE,FALSE,"eq4: eta_{asset1,asset2}"
"JNJ","MRK",5013,-0.0496718442389631,0.0280747814079168,1.7692691357859,0.0768489715178051,FALSE,FALSE,"eq4: eta_{asset1,asset2}"
"JNJ","MSFT",5014,0.0204572954894811,0.0286756083976959,0.713404061241289,0.475595760733355,FALSE,FALSE,"eq4: eta_{asset1,asset2}"
"JNJ","NIKE",5015,0.0370515613560955,0.0291840651227156,1.26958191740246,0.20423359392041,FALSE,FALSE,"eq4: eta_{asset1,asset2}"
"JNJ","PG",5011,0.05519160636494,0.0277629745335756,1.98795724493401,0.0468164187509749,FALSE,TRUE,"eq4: eta_{asset1,asset2}"
"JNJ","SPC",4995,0.0545829419295746,0.0267557720883609,2.04004361187241,0.0413459821752194,FALSE,TRUE,"eq4: eta_{asset1,asset2}"
"JNJ","UNH",4995,0.0440992846041329,0.0282383826654144,1.5616788371575,0.118363666727608,FALSE,FALSE,"eq4: eta_{asset1,asset2}"
"JNJ","V",4190,-0.0121590437560674,0.0318294451481843,0.382006148692197,0.702456803894465,FALSE,FALSE,"eq4: eta_{asset1,asset2}"
"JNJ","WAG",4980,0.0212517996359337,0.0293363944802865,0.724417571157715,0.468809415645341,FALSE,FALSE,"eq4: eta_{asset1,asset2}"
"JNJ","WMT",4978,-0.00496611812591945,0.0284732804439563,0.17441327618341,0.861540681344429,FALSE,FALSE,"eq4: eta_{asset1,asset2}"
"JNJ","XOM",4972,0.0217080894282665,0.0287788058726284,0.75430820598825,0.450664176049928,FALSE,FALSE,"eq4: eta_{asset1,asset2}"
"JPM","KO",5014,0.0155079920602899,0.0299824739373862,0.517235238582245,0.604991955806519,FALSE,FALSE,"eq4: eta_{asset1,asset2}"
"JPM","MCD",5014,0.050403732307297,0.0312864904938262,1.6110382312533,0.107171389886098,FALSE,FALSE,"eq4: eta_{asset1,asset2}"
"JPM","MMM",5012,0.0011372462362116,0.0310924977732357,0.0365762263458465,0.970822899470951,FALSE,FALSE,"eq4: eta_{asset1,asset2}"
"JPM","MRK",5013,-0.0171982967853328,0.0316939425406812,0.542636712465095,0.58737995659817,FALSE,FALSE,"eq4: eta_{asset1,asset2}"
"JPM","MSFT",5014,0.0108040505545613,0.0307419915322967,0.351442766588849,0.725256202889494,FALSE,FALSE,"eq4: eta_{asset1,asset2}"
"JPM","NIKE",5014,0.0605453505201303,0.0321746089782302,1.88177424506064,0.0598666741127907,FALSE,FALSE,"eq4: eta_{asset1,asset2}"
"JPM","PG",5011,0.0190025010704972,0.0302980932614459,0.627184717748484,0.530538159550238,FALSE,FALSE,"eq4: eta_{asset1,asset2}"
"JPM","SPC",4996,0.00184608263951066,0.0286515295170577,0.064432254425077,0.948626048058903,FALSE,FALSE,"eq4: eta_{asset1,asset2}"
"JPM","UNH",4995,0.0561721409475249,0.0317966684528454,1.76660460610294,0.0772944690592116,FALSE,FALSE,"eq4: eta_{asset1,asset2}"
"JPM","V",4191,0.0244106223815794,0.0345942758688599,0.705626054267338,0.4804207172341,FALSE,FALSE,"eq4: eta_{asset1,asset2}"
"JPM","WAG",4981,0.0144203613721258,0.0323150606334254,0.446242745316405,0.655421909016963,FALSE,FALSE,"eq4: eta_{asset1,asset2}"
"JPM","WMT",4978,-0.0178333758539423,0.0313852020250647,0.56820968811035,0.569892593805419,FALSE,FALSE,"eq4: eta_{asset1,asset2}"
"JPM","XOM",4972,0.00306230568756675,0.0309921224430561,0.098809163302492,0.921289792837645,FALSE,FALSE,"eq4: eta_{asset1,asset2}"
"KO","MCD",5016,0.000419767626120058,0.0293614636931249,0.0142965497397308,0.988593392259872,FALSE,FALSE,"eq4: eta_{asset1,asset2}"
"KO","MMM",5013,-0.0524401726020977,0.0290024531114913,1.80812886415184,0.0705864467759454,FALSE,FALSE,"eq4: eta_{asset1,asset2}"
"KO","MRK",5015,-0.00803993261922912,0.0295288082860754,0.272274198854832,0.785411193390096,FALSE,FALSE,"eq4: eta_{asset1,asset2}"
"KO","MSFT",5016,0.0312933133750512,0.0292567276808196,1.06961085041533,0.284794509141468,FALSE,FALSE,"eq4: eta_{asset1,asset2}"
"KO","NIKE",5016,0.0172659294700399,0.0301258502415258,0.573126711167153,0.566558902638561,FALSE,FALSE,"eq4: eta_{asset1,asset2}"
"KO","PG",5013,0.00601170653745976,0.0277697663776232,0.216483871549743,0.828610595738435,FALSE,FALSE,"eq4: eta_{asset1,asset2}"
"KO","SPC",4997,0.0251202652850393,0.0274334980551379,0.915678534124622,0.359835526979277,FALSE,FALSE,"eq4: eta_{asset1,asset2}"
"KO","UNH",4997,0.0409208828552638,0.0291899268118059,1.40188370868793,0.16094997609278,FALSE,FALSE,"eq4: eta_{asset1,asset2}"
"KO","V",4192,-0.0115913589315099,0.0336164080904594,0.344812536197155,0.730235307910937,FALSE,FALSE,"eq4: eta_{asset1,asset2}"
"KO","WAG",4982,0.0253319408573593,0.0303444372757337,0.834813334225748,0.403822816949537,FALSE,FALSE,"eq4: eta_{asset1,asset2}"
"KO","WMT",4980,-0.0304253787899453,0.02919820008982,1.04202925852793,0.297398114089229,FALSE,FALSE,"eq4: eta_{asset1,asset2}"
"KO","XOM",4974,-0.0290924720061687,0.0295530734578354,0.984414431469408,0.324911785190473,FALSE,FALSE,"eq4: eta_{asset1,asset2}"
"MCD","MMM",5013,-0.0318128117199462,0.0297905742821445,1.06788178766375,0.285573838767576,FALSE,FALSE,"eq4: eta_{asset1,asset2}"
"MCD","MRK",5015,-0.02751308369251,0.0302005598281197,0.911012373581652,0.362288854115049,FALSE,FALSE,"eq4: eta_{asset1,asset2}"
"MCD","MSFT",5016,-0.0199949262019382,0.030474227654363,0.656125773841407,0.511743202296684,FALSE,FALSE,"eq4: eta_{asset1,asset2}"
"MCD","NIKE",5016,0.0400069487428705,0.0306485403261884,1.30534597462332,0.191775065745735,FALSE,FALSE,"eq4: eta_{asset1,asset2}"
"MCD","PG",5013,0.0112161373092622,0.0293068305375941,0.382714101235695,0.7019317577991,FALSE,FALSE,"eq4: eta_{asset1,asset2}"
"MCD","SPC",4997,-0.000733582129443995,0.0284721850963319,0.0257648693615195,0.979444882729252,FALSE,FALSE,"eq4: eta_{asset1,asset2}"
"MCD","UNH",4997,0.00560787606044679,0.0298365042629815,0.187953522001723,0.85091308582359,FALSE,FALSE,"eq4: eta_{asset1,asset2}"
"MCD","V",4192,0.033103283680689,0.0346067865835941,0.956554680415841,0.338792072604527,FALSE,FALSE,"eq4: eta_{asset1,asset2}"
"MCD","WAG",4983,-0.0122083986877579,0.0308467447697264,0.395775916677583,0.692270344912018,FALSE,FALSE,"eq4: eta_{asset1,asset2}"
"MCD","WMT",4980,-0.0360176970245857,0.0301974331172711,1.19274035262242,0.23297107672944,FALSE,FALSE,"eq4: eta_{asset1,asset2}"
"MCD","XOM",4974,0.0072324358972537,0.0308967217746529,0.23408424848448,0.814919574143123,FALSE,FALSE,"eq4: eta_{asset1,asset2}"
"MMM","MRK",5012,0.0463361628187606,0.0298199963027785,1.55386212487368,0.120217307862414,FALSE,FALSE,"eq4: eta_{asset1,asset2}"
"MMM","MSFT",5013,0.096395530720109,0.0301447230956889,3.19775804256417,0.00138500435385164,TRUE,TRUE,"eq4: eta_{asset1,asset2}"
"MMM","NIKE",5013,0.0499646536941894,0.0305980198576294,1.63293748833002,0.10248214465273,FALSE,FALSE,"eq4: eta_{asset1,asset2}"
"MMM","PG",5010,0.0598182941203303,0.0291393859806893,2.05283303361203,0.040088773568126,FALSE,TRUE,"eq4: eta_{asset1,asset2}"
"MMM","SPC",4994,0.0489369747193343,0.0279577175382304,1.75039234345279,0.0800506362833996,FALSE,FALSE,"eq4: eta_{asset1,asset2}"
"MMM","UNH",4994,0.0607638054274579,0.0302181664104561,2.01083694497203,0.0443426823723805,FALSE,TRUE,"eq4: eta_{asset1,asset2}"
"MMM","V",4189,0.0701688872542722,0.0340062689457381,2.06341034843419,0.0390736575791265,FALSE,TRUE,"eq4: eta_{asset1,asset2}"
"MMM","WAG",4979,0.0335472039208868,0.0308198554976237,1.08849322552708,0.27637742563202,FALSE,FALSE,"eq4: eta_{asset1,asset2}"
"MMM","WMT",4977,-0.0120308928948701,0.0299209986177506,0.402088615041506,0.687618811213262,FALSE,FALSE,"eq4: eta_{asset1,asset2}"
"MMM","XOM",4971,0.0360844653642521,0.0301665332556164,1.19617541261669,0.231628113642572,FALSE,FALSE,"eq4: eta_{asset1,asset2}"
"MRK","MSFT",5015,0.0296224547232911,0.0309468594357497,0.957203905772466,0.338464346062198,FALSE,FALSE,"eq4: eta_{asset1,asset2}"
"MRK","NIKE",5015,0.041774554637901,0.0307526331521726,1.35840578044777,0.174334961086742,FALSE,FALSE,"eq4: eta_{asset1,asset2}"
"MRK","PG",5012,0.031242124441869,0.0291006392602151,1.07358893949047,0.283006957027465,FALSE,FALSE,"eq4: eta_{asset1,asset2}"
"MRK","SPC",4996,0.00322610995496284,0.0284158698531483,0.113531979546472,0.909608810965319,FALSE,FALSE,"eq4: eta_{asset1,asset2}"
"MRK","UNH",4996,0.00508539610279237,0.0299877502337512,0.169582448271453,0.865338526853947,FALSE,FALSE,"eq4: eta_{asset1,asset2}"
"MRK","V",4192,-0.0121819574958828,0.0333875202046547,0.364865597121659,0.715211736021733,FALSE,FALSE,"eq4: eta_{asset1,asset2}"
"MRK","WAG",4981,0.0135689858759747,0.0306984024998595,0.442009510952134,0.658482323519441,FALSE,FALSE,"eq4: eta_{asset1,asset2}"
"MRK","WMT",4979,-0.0111646013188684,0.0304746170061554,0.366357395619224,0.714098406470417,FALSE,FALSE,"eq4: eta_{asset1,asset2}"
"MRK","XOM",4973,0.0290915720687787,0.030939977045047,0.940258359804951,0.347085053022454,FALSE,FALSE,"eq4: eta_{asset1,asset2}"
"MSFT","NIKE",5016,0.0466953620274416,0.0306837118481762,1.52182898400596,0.128051937044448,FALSE,FALSE,"eq4: eta_{asset1,asset2}"
"MSFT","PG",5014,-0.0490220109486756,0.0293656936369766,1.66936329019479,0.0950454042297468,FALSE,FALSE,"eq4: eta_{asset1,asset2}"
"MSFT","SPC",4997,-0.0417254443388061,0.0284785058266981,1.46515567188533,0.142878450529128,FALSE,FALSE,"eq4: eta_{asset1,asset2}"
"MSFT","UNH",4997,0.0037545359171845,0.030632565471565,0.122566812781962,0.90245013580857,FALSE,FALSE,"eq4: eta_{asset1,asset2}"
"MSFT","V",4192,0.0267368045914674,0.0336379701401292,0.794840012048501,0.426706572742598,FALSE,FALSE,"eq4: eta_{asset1,asset2}"
"MSFT","WAG",4982,-0.0065432778794515,0.0316071814579884,0.207018708332114,0.835995247841629,FALSE,FALSE,"eq4: eta_{asset1,asset2}"
"MSFT","WMT",4980,-0.0370655629655746,0.0306218417083206,1.21042892581811,0.226114348048455,FALSE,FALSE,"eq4: eta_{asset1,asset2}"
"MSFT","XOM",4974,-0.00810041531090841,0.0301146507251327,0.268985862889257,0.787940561655993,FALSE,FALSE,"eq4: eta_{asset1,asset2}"
"NIKE","PG",5013,-0.0137609763152446,0.0299229317573418,0.459880616873988,0.645601913743123,FALSE,FALSE,"eq4: eta_{asset1,asset2}"
"NIKE","SPC",4997,-0.014579341813318,0.0289411452495748,0.5037582890239,0.614431242024669,FALSE,FALSE,"eq4: eta_{asset1,asset2}"
"NIKE","UNH",4997,-0.011407193999541,0.0306608951085924,0.372043737116606,0.709860285407919,FALSE,FALSE,"eq4: eta_{asset1,asset2}"
"NIKE","V",4192,-0.0244933393106094,0.0346226417900082,0.707437042475424,0.479294924058616,FALSE,FALSE,"eq4: eta_{asset1,asset2}"
"NIKE","WAG",4982,-0.0357133964521171,0.0313950464446464,1.13754876951957,0.25530894909044,FALSE,FALSE,"eq4: eta_{asset1,asset2}"
"NIKE","WMT",4980,-0.0642088333529288,0.0306912390787679,2.09208996704693,0.0364304684838106,FALSE,TRUE,"eq4: eta_{asset1,asset2}"
"NIKE","XOM",4974,-0.0384650667342792,0.0315369871225562,1.21968108699793,0.222585793970456,FALSE,FALSE,"eq4: eta_{asset1,asset2}"
"PG","SPC",4995,0.0421092761696089,0.0273096282229909,1.54192052069602,0.123092908645209,FALSE,FALSE,"eq4: eta_{asset1,asset2}"
"PG","UNH",4995,-0.00338605277675303,0.029560670988721,0.114545870019155,0.908805086641059,FALSE,FALSE,"eq4: eta_{asset1,asset2}"
"PG","V",4190,-0.0368071815799153,0.0333397826679365,1.10400184507842,0.269592337317649,FALSE,FALSE,"eq4: eta_{asset1,asset2}"
"PG","WAG",4980,-0.00513287519530901,0.0300110807229646,0.171032667656694,0.864198078959319,FALSE,FALSE,"eq4: eta_{asset1,asset2}"
"PG","WMT",4978,0.0481290008283591,0.0290710782718609,1.65556297493599,0.097810353386308,FALSE,FALSE,"eq4: eta_{asset1,asset2}"
"PG","XOM",4972,-0.0185552565479795,0.0294358327222211,0.630362888764896,0.528457185610655,FALSE,FALSE,"eq4: eta_{asset1,asset2}"
"SPC","UNH",4992,-0.0166132938769373,0.0282416581604961,0.588254902829173,0.556361210630798,FALSE,FALSE,"eq4: eta_{asset1,asset2}"
"SPC","V",4187,0.0170072280278465,0.031994609245268,0.531565423958472,0.595027017444546,FALSE,FALSE,"eq4: eta_{asset1,asset2}"
"SPC","WAG",4977,-0.0190540729342974,0.0289392164735398,0.658417029076074,0.51027019589966,FALSE,FALSE,"eq4: eta_{asset1,asset2}"
"SPC","WMT",4976,0.00333827191798277,0.0281796616858937,0.118463874946158,0.905700117115142,FALSE,FALSE,"eq4: eta_{asset1,asset2}"
"SPC","XOM",4969,-0.0271589523738913,0.028513206786646,0.952504310620406,0.340841280840441,FALSE,FALSE,"eq4: eta_{asset1,asset2}"
"UNH","V",4191,-0.00322646193940684,0.0339531313580366,0.0950269330208079,0.924293434260202,FALSE,FALSE,"eq4: eta_{asset1,asset2}"
"UNH","WAG",4980,-0.0517620976266939,0.0306440288240031,1.68914139599521,0.0911923364729793,FALSE,FALSE,"eq4: eta_{asset1,asset2}"
"UNH","WMT",4978,-0.0310831787051881,0.0302828175320049,1.02642954779017,0.304689156267348,FALSE,FALSE,"eq4: eta_{asset1,asset2}"
"UNH","XOM",4972,-0.0316563255972115,0.0308609814334442,1.02577183637152,0.304999144269752,FALSE,FALSE,"eq4: eta_{asset1,asset2}"
"V","WAG",4178,-0.0096729995731594,0.0359028599880647,0.269421421479376,0.787605403455017,FALSE,FALSE,"eq4: eta_{asset1,asset2}"
"V","WMT",4175,0.0312541933876224,0.034775305589454,0.898746764632334,0.368787561674093,FALSE,FALSE,"eq4: eta_{asset1,asset2}"
"V","XOM",4169,-0.000783769658588586,0.0343779685246823,0.0227986030653866,0.981810922328491,FALSE,FALSE,"eq4: eta_{asset1,asset2}"
"WAG","WMT",4977,-0.0497489510106414,0.0305305091283632,1.62948317702387,0.103210773358398,FALSE,FALSE,"eq4: eta_{asset1,asset2}"
"WAG","XOM",4971,-0.00236534744768631,0.031701509051218,0.0746130868364903,0.940522561359932,FALSE,FALSE,"eq4: eta_{asset1,asset2}"
"WMT","XOM",4974,0.00542282224653171,0.0302693949729953,0.17915198673015,0.857818362744386,FALSE,FALSE,"eq4: eta_{asset1,asset2}"
