"sample","asset1","asset2","statistic","estimate","se","n","paper_value","abs_diff","paper_se"
"DJ30 Table 1 (common sample of 5)","AAPL","","H",0.260872390889973,0.0123076532251792,5007,0.2609,2.7609110026805e-05,0.0123
"DJ30 Table 1 (common sample of 5)","ALD","","H",0.204982545775682,0.0127691769966601,5007,0.205,1.74542243180642e-05,0.0128
"DJ30 Table 1 (common sample of 5)","AMGN","","H",0.164509396096568,0.0130960150835202,5007,0.1645,9.39609656805396e-06,0.0131
"DJ30 Table 1 (common sample of 5)","AXP","","H",0.205846176834888,0.012762143714035,5007,0.2058,4.61768348884728e-05,0.0128
"DJ30 Table 1 (common sample of 5)","BA","","H",0.215266441184564,0.0126852426239361,5007,0.2153,3.35588154356525e-05,0.0127
"DJ30 Table 1 (common sample of 5)","AAPL","","sigma2",1.07455169456969,0.146255717625291,5007,NA,NA,NA
"DJ30 Table 1 (common sample of 5)","ALD","","sigma2",0.598051285423681,0.0844523275596459,5007,NA,NA,NA
"DJ30 Table 1 (common sample of 5)","AMGN","","sigma2",0.382709911091941,0.0554267181391213,5007,NA,NA,NA
"DJ30 Table 1 (common sample of 5)","AXP","","sigma2",0.589229186204315,0.0831607064296413,5007,NA,NA,NA
"DJ30 Table 1 (common sample of 5)","BA","","sigma2",0.650038519531162,0.0911901980964421,5007,NA,NA,NA
"DJ30 Table 1 (common sample of 5)","AAPL","ALD","rho",0.390154755000169,0.0131001750126823,5007,0.3902,4.52449998309956e-05,0.0131
"DJ30 Table 1 (common sample of 5)","AAPL","ALD","eta",0.0950108472688939,0.0322522947698836,5007,0.095,1.08472688939154e-05,0.0322
"DJ30 Table 1 (common sample of 5)","AAPL","AMGN","rho",0.307411456651796,0.0141040700141709,5007,0.3074,1.14566517960268e-05,0.0141
"DJ30 Table 1 (common sample of 5)","AAPL","AMGN","eta",0.0123277231662071,0.0314445220934263,5007,0.0123,2.77231662071456e-05,0.0314
"DJ30 Table 1 (common sample of 5)","AAPL","AXP","rho",0.372099809748075,0.0133107321348965,5007,0.3721,1.9025192543598e-07,0.0133
"DJ30 Table 1 (common sample of 5)","AAPL","AXP","eta",0.0556113364226801,0.0325556711458034,5007,0.0556,1.13364226801208e-05,0.0325
"DJ30 Table 1 (common sample of 5)","AAPL","BA","rho",0.360167467236987,0.0134197189608565,5007,0.3602,3.25327630130157e-05,0.0134
"DJ30 Table 1 (common sample of 5)","AAPL","BA","eta",0.089926097420969,0.0331900189906585,5007,0.0899,2.60974209689846e-05,0.0332
"DJ30 Table 1 (common sample of 5)","ALD","AMGN","rho",0.320489482633778,0.0142027273747471,5007,0.3205,1.05173662215408e-05,0.0142
"DJ30 Table 1 (common sample of 5)","ALD","AMGN","eta",-0.00796453618292876,0.0292408986803322,5007,-0.008,3.54638170712365e-05,0.0292
"DJ30 Table 1 (common sample of 5)","ALD","AXP","rho",0.401064954692886,0.0131554122826211,5007,0.4011,3.50453071140677e-05,0.0132
"DJ30 Table 1 (common sample of 5)","ALD","AXP","eta",-0.0593328754443619,0.0297812600049441,5007,-0.0593,3.28754443619309e-05,0.0298
"DJ30 Table 1 (common sample of 5)","ALD","BA","rho",0.384979819965256,0.0133225680992598,5007,0.385,2.01800347437997e-05,0.0133
"DJ30 Table 1 (common sample of 5)","ALD","BA","eta",-0.09367953516101,0.0303758001820445,5007,-0.0937,2.04648389900003e-05,0.0304
"DJ30 Table 1 (common sample of 5)","AMGN","AXP","rho",0.289254756051252,0.014500960368839,5007,0.2893,4.52439487479972e-05,0.0145
"DJ30 Table 1 (common sample of 5)","AMGN","AXP","eta",0.0276195299100612,0.029579705171032,5007,0.0276,1.95299100612216e-05,0.0296
"DJ30 Table 1 (common sample of 5)","AMGN","BA","rho",0.269555859831643,0.0146376844316011,5007,0.2696,4.41401683567988e-05,0.0146
"DJ30 Table 1 (common sample of 5)","AMGN","BA","eta",-0.0239052315923087,0.0300888663477987,5007,-0.0239,5.23159230874509e-06,0.0301
"DJ30 Table 1 (common sample of 5)","AXP","BA","rho",0.3404879596007,0.0138245959266312,5007,0.3405,1.2040399300195e-05,0.0138
"DJ30 Table 1 (common sample of 5)","AXP","BA","eta",-0.0335909941340103,0.0309815393175104,5007,-0.0336,9.00586598970299e-06,0.031
