"sample","asset1","asset2","statistic","estimate","se","n","paper_value","abs_diff"
"DJ30 Tables 13-14","AAPL","","H",0.260433497915019,0.0122978309176043,5018,0.2609,0.000466502084981502
"DJ30 Tables 13-14","ALD","","H",0.204926571510577,0.012760715849749,5014,0.205,7.34284894230441e-05
"DJ30 Tables 13-14","AMGN","","H",0.166593276697814,0.0130701695544712,5014,0.1645,0.00209327669781423
"DJ30 Tables 13-14","AXP","","H",0.204702615869289,0.0127625379404676,5014,0.2058,0.00109738413071089
"DJ30 Tables 13-14","BA","","H",0.215796616432236,0.0126669977693371,5018,0.2153,0.000496616432236474
"DJ30 Tables 13-14","BEL","","H",0.177609765207368,0.0130167883953679,4987,0.1776,9.7652073684229e-06
"DJ30 Tables 13-14","CAT","","H",0.213819991229485,0.0126907379363467,5012,0.2138,1.99912294845395e-05
"DJ30 Tables 13-14","CHV","","H",0.224841702804187,0.0125928907996357,5018,0.2248,4.17028041874712e-05
"DJ30 Tables 13-14","CRM","","H",0.191846353264028,0.0128681187754897,5013,0.1918,4.63532640276876e-05
"DJ30 Tables 13-14","CSCO","","H",0.228493505255807,0.0125653797460488,5016,0.2285,6.49474419342488e-06
"DJ30 Tables 13-14","DIS","","H",0.198894035243173,0.0128110100913846,5013,0.1989,5.96475682718145e-06
"DJ30 Tables 13-14","GS","","H",0.251572645356615,0.0123755290297773,5015,0.2515,7.26453566151641e-05
"DJ30 Tables 13-14","HD","","H",0.212482068513309,0.0126940718375279,5018,0.2125,1.79314866912139e-05
"DJ30 Tables 13-14","IBM","","H",0.214896530806125,0.0126781445403426,5015,0.2149,3.46919387511635e-06
"DJ30 Tables 13-14","INTC","","H",0.224558597988282,0.0125964705818034,5017,0.2246,4.14020117178449e-05
"DJ30 Tables 13-14","JNJ","","H",0.152867100539186,0.0131786774576412,5015,0.1634,0.0105328994608143
"DJ30 Tables 13-14","JPM","","H",0.251599407741445,0.0123753060231957,5015,0.2516,5.92258555254244e-07
"DJ30 Tables 13-14","KO","","H",0.188726900459968,0.0128882021077133,5017,0.1887,2.69004599683376e-05
"DJ30 Tables 13-14","MCD","","H",0.190919160346902,0.012870485668255,5017,0.1909,1.91603469016643e-05
"DJ30 Tables 13-14","MMM","","H",0.19928776979838,0.012806537243069,5014,0.1993,1.2230201620278e-05
"DJ30 Tables 13-14","MRK","","H",0.189352929080922,0.0128844286820158,5016,0.1894,4.70709190783791e-05
"DJ30 Tables 13-14","MSFT","","H",0.223383801767825,0.0126061142998885,5017,0.2234,1.61982321746912e-05
"DJ30 Tables 13-14","NIKE","","H",0.206938138380393,0.0127405305937474,5017,0.2069,3.81383803934598e-05
"DJ30 Tables 13-14","PG","","H",0.181932659487974,0.0129468832929595,5014,0.1824,0.00046734051202571
"DJ30 Tables 13-14","SPC","","H",0.140426369850743,0.0133004451919709,4998,0.1404,2.63698507433352e-05
"DJ30 Tables 13-14","UNH","","H",0.18038500119714,0.01298007900181,4998,0.1804,1.49988028602388e-05
"DJ30 Tables 13-14","V","","H",0.222546584035661,0.0137967705996236,4193,0.2225,4.65840356609348e-05
"DJ30 Tables 13-14","WAG","","H",0.199294296148471,0.0128462580537135,4983,0.1995,0.00020570385152871
"DJ30 Tables 13-14","WMT","","H",0.197718562732405,0.0128616633798978,4981,0.1977,1.85627324054416e-05
"DJ30 Tables 13-14","XOM","","H",0.231130849786245,0.0125952443834295,4975,0.2311,3.08497862453461e-05
"DJ30 Tables 13-14","AAPL","ALD","rho",0.390042185469996,0.0130943631320891,5014,0.3902,0.00015781453000413
"DJ30 Tables 13-14","AAPL","ALD","eta",0.0961799857580897,0.0322060447335591,5014,0.095,0.00117998575808968
"DJ30 Tables 13-14","AAPL","AMGN","rho",0.306030485930842,0.0141014322000896,5014,0.3074,0.00136951406915847
"DJ30 Tables 13-14","AAPL","AMGN","eta",0.0154522892930124,0.0315338447485982,5014,0.0123,0.00315228929301237
"DJ30 Tables 13-14","AAPL","AXP","rho",0.371729075397679,0.0133103287476465,5014,0.3721,0.00037092460232091
"DJ30 Tables 13-14","AAPL","AXP","eta",0.0547236949463128,0.0324635898586034,5014,0.0556,0.000876305053687167
"DJ30 Tables 13-14","AAPL","BA","rho",0.359457901646794,0.0134129867797531,5018,0.3602,0.000742098353205711
"DJ30 Tables 13-14","AAPL","BA","eta",0.0950128243505497,0.0331688625406344,5018,0.0899,0.00511282435054969
"DJ30 Tables 13-14","AAPL","BEL","rho",0.324269054604812,0.0139395304114125,4987,0.3248,0.00053094539518761
"DJ30 Tables 13-14","AAPL","BEL","eta",0.0702831633794584,0.0318204148360639,4987,0.071,0.000716836620541575
"DJ30 Tables 13-14","AAPL","CAT","rho",0.38881343959693,0.0130894140356221,5012,0.3894,0.000586560403070091
"DJ30 Tables 13-14","AAPL","CAT","eta",0.0941463202418125,0.0326446882748792,5012,0.098,0.00385367975818748
"DJ30 Tables 13-14","AAPL","CHV","rho",0.416596896522305,0.0127052268571501,5018,0.417,0.00040310347769501
"DJ30 Tables 13-14","AAPL","CHV","eta",0.0452315640706911,0.032765139618333,5018,0.0461,0.000868435929308936
"DJ30 Tables 13-14","AAPL","CRM","rho",0.347255683473,0.0136182848833216,5013,0.3473,4.43165270001544e-05
"DJ30 Tables 13-14","AAPL","CRM","eta",0.083457516437446,0.032187125129209,5013,0.0839,0.000442483562553969
"DJ30 Tables 13-14","AAPL","CSCO","rho",0.461818456783827,0.0120876598055006,5016,0.4611,0.000718456783827093
"DJ30 Tables 13-14","AAPL","CSCO","eta",0.149115769027941,0.0321498804328501,5016,0.1513,0.0021842309720588
"DJ30 Tables 13-14","AAPL","DIS","rho",0.346453979649966,0.0136104111555853,5013,0.3468,0.000346020350033727
"DJ30 Tables 13-14","AAPL","DIS","eta",0.0536068457655103,0.0325015997343689,5013,0.0597,0.00609315423448972
"DJ30 Tables 13-14","AAPL","GS","rho",0.458831512489825,0.0120642778681726,5015,0.4591,0.000268487510174942
"DJ30 Tables 13-14","AAPL","GS","eta",0.114495204325359,0.0335072362575117,5015,0.1132,0.00129520432535929
"DJ30 Tables 13-14","AAPL","HD","rho",0.40065246375872,0.0129392481411973,5018,0.4016,0.000947536241280189
"DJ30 Tables 13-14","AAPL","HD","eta",0.0230659522956428,0.0324024448837242,5018,0.0216,0.00146595229564277
"DJ30 Tables 13-14","AAPL","IBM","rho",0.408462666968284,0.012837599419717,5015,0.4096,0.00113733303171626
"DJ30 Tables 13-14","AAPL","IBM","eta",0.0185915384192874,0.0324296449609354,5015,0.0176,0.000991538419287372
"DJ30 Tables 13-14","AAPL","INTC","rho",0.435646854972888,0.0124578560261152,5017,0.4358,0.000153145027111612
"DJ30 Tables 13-14","AAPL","INTC","eta",0.112010400842139,0.0324253862143405,5017,0.1117,0.00031040084213857
"DJ30 Tables 13-14","AAPL","JNJ","rho",0.315346949578367,0.0140499330887664,5015,0.3148,0.000546949578367428
"DJ30 Tables 13-14","AAPL","JNJ","eta",0.0829248717745254,0.0307966157008913,5015,0.0818,0.00112487177452537
"DJ30 Tables 13-14","AAPL","JPM","rho",0.447987207506662,0.0122199788847551,5015,0.4479,8.72075066620237e-05
"DJ30 Tables 13-14","AAPL","JPM","eta",0.0504183376331849,0.0336162574035196,5015,0.0484,0.00201833763318491
"DJ30 Tables 13-14","AAPL","KO","rho",0.355335528798565,0.0135336532356124,5017,0.3554,6.44712014354343e-05
"DJ30 Tables 13-14","AAPL","KO","eta",0.0781656025760156,0.0319188780778663,5017,0.0784,0.000234397423984359
"DJ30 Tables 13-14","AAPL","MCD","rho",0.313571640615657,0.0139630507959488,5017,0.3145,0.000928359384342714
"DJ30 Tables 13-14","AAPL","MCD","eta",0.0648278254585881,0.032508404156505,5017,0.0677,0.00287217454141185
"DJ30 Tables 13-14","AAPL","MMM","rho",0.362141133704142,0.0134317797802236,5014,0.3627,0.000558866295857885
"DJ30 Tables 13-14","AAPL","MMM","eta",0.0368454036718944,0.0323589829082958,5014,0.0388,0.00195459632810563
"DJ30 Tables 13-14","AAPL","MRK","rho",0.269475833507716,0.0143678233820794,5016,0.2698,0.000324166492283784
"DJ30 Tables 13-14","AAPL","MRK","eta",-0.00229350519235806,0.0328973756141322,5016,-0.0021,0.00019350519235806
"DJ30 Tables 13-14","AAPL","MSFT","rho",0.504193399435919,0.0114700583696264,5017,0.5051,0.000906600564080762
"DJ30 Tables 13-14","AAPL","MSFT","eta",0.0634167459560126,0.0310454119620467,5017,0.0654,0.00198325404398739
"DJ30 Tables 13-14","AAPL","NIKE","rho",0.328261868077502,0.0137705289008229,5017,0.3279,0.000361868077502436
"DJ30 Tables 13-14","AAPL","NIKE","eta",0.0760897468250326,0.0331310085811786,5017,0.078,0.00191025317496737
"DJ30 Tables 13-14","AAPL","PG","rho",0.337214296938282,0.0137485280047528,5014,0.3371,0.000114296938282465
"DJ30 Tables 13-14","AAPL","PG","eta",0.0234806273938171,0.0318663197830236,5014,0.0249,0.00141937260618286
"DJ30 Tables 13-14","AAPL","SPC","rho",0.28994939943554,0.0143462157625447,4998,0.29,5.06005644603236e-05
"DJ30 Tables 13-14","AAPL","SPC","eta",0.0373019318631264,0.0306012658447682,4998,0.0388,0.00149806813687356
"DJ30 Tables 13-14","AAPL","UNH","rho",0.263788216682842,0.0144711958675962,4998,0.2643,0.000511783317157621
"DJ30 Tables 13-14","AAPL","UNH","eta",0.0898281013534644,0.0325387997191214,4998,0.0892,0.000628101353464389
"DJ30 Tables 13-14","AAPL","V","rho",0.395402857709368,0.0141573557727633,4193,0.3957,0.000297142290632268
"DJ30 Tables 13-14","AAPL","V","eta",0.0227239143629081,0.0366309330713643,4193,0.0246,0.00187608563709187
"DJ30 Tables 13-14","AAPL","WAG","rho",0.268452841062134,0.0144009154305909,4983,0.2687,0.000247158937865699
"DJ30 Tables 13-14","AAPL","WAG","eta",0.100508315265118,0.0334312618517696,4983,0.1016,0.0010916847348818
"DJ30 Tables 13-14","AAPL","WMT","rho",0.329597778777432,0.0138363265087657,4981,0.3293,0.000297778777432034
"DJ30 Tables 13-14","AAPL","WMT","eta",0.0749537450286614,0.0327374989957085,4981,0.0762,0.0012462549713386
"DJ30 Tables 13-14","AAPL","XOM","rho",0.42800133617718,0.0125941562180075,4975,0.4285,0.000498663822819545
"DJ30 Tables 13-14","AAPL","XOM","eta",0.116310516578619,0.0330370736760673,4975,0.1168,0.000489483421381248
"DJ30 Tables 13-14","ALD","AMGN","rho",0.319442163572531,0.0142048861968654,5010,0.3205,0.00105783642746854
"DJ30 Tables 13-14","ALD","AMGN","eta",-0.00656119046651297,0.029284218726669,5010,-0.008,0.00143880953348703
"DJ30 Tables 13-14","ALD","AXP","rho",0.401096961553961,0.0131546238486428,5010,0.4011,3.03844603916081e-06
"DJ30 Tables 13-14","ALD","AXP","eta",-0.0584843832388353,0.0297292452842138,5010,-0.0593,0.00081561676116465
"DJ30 Tables 13-14","ALD","BA","rho",0.385884744081329,0.0132995802306605,5014,0.385,0.000884744081328825
"DJ30 Tables 13-14","ALD","BA","eta",-0.0891869301581979,0.0303753433023573,5014,-0.0937,0.00451306984180208
"DJ30 Tables 13-14","ALD","BEL","rho",0.347052487420469,0.01392041663532,4983,0.3474,0.000347512579530973
"DJ30 Tables 13-14","ALD","BEL","eta",-0.0672267537562358,0.0294314338161956,4983,-0.0653,0.00192675375623584
"DJ30 Tables 13-14","ALD","CAT","rho",0.425971761148204,0.0128076451859855,5008,0.4246,0.00137176114820398
"DJ30 Tables 13-14","ALD","CAT","eta",0.0110034896285928,0.0296964772473109,5008,0.0077,0.00330348962859282
"DJ30 Tables 13-14","ALD","CHV","rho",0.426192260489598,0.0127613081733039,5014,0.4262,7.73951040244913e-06
"DJ30 Tables 13-14","ALD","CHV","eta",-0.0599802878587419,0.0301127130940734,5014,-0.0583,0.00168028785874193
"DJ30 Tables 13-14","ALD","CRM","rho",0.288549366886762,0.0144205930289485,5010,0.2889,0.00035063311323752
"DJ30 Tables 13-14","ALD","CRM","eta",-0.0473871937284625,0.030516226026684,5010,-0.0468,0.000587193728462498
"DJ30 Tables 13-14","ALD","CSCO","rho",0.413605340314483,0.0129161280003388,5012,0.4131,0.000505340314482572
"DJ30 Tables 13-14","ALD","CSCO","eta",-0.0318335726087366,0.030474809500391,5012,-0.0308,0.00103357260873656
"DJ30 Tables 13-14","ALD","DIS","rho",0.364666625126412,0.0136161789329628,5009,0.3646,6.66251264118678e-05
"DJ30 Tables 13-14","ALD","DIS","eta",-0.0470659235491756,0.0299542711944351,5009,-0.0484,0.00133407645082438
"DJ30 Tables 13-14","ALD","GS","rho",0.412650501456896,0.0128468191875917,5012,0.4127,4.94985431036543e-05
"DJ30 Tables 13-14","ALD","GS","eta",-0.0548296204514403,0.0314895962378176,5012,-0.0542,0.000629620451440271
"DJ30 Tables 13-14","ALD","HD","rho",0.41512400105086,0.0129530282618026,5014,0.4157,0.000575998949139789
"DJ30 Tables 13-14","ALD","HD","eta",-0.0971492713193676,0.0297186618092348,5014,-0.0976,0.000450728680632437
"DJ30 Tables 13-14","ALD","IBM","rho",0.402791708275842,0.0130985034605649,5011,0.4035,0.000708291724157706
"DJ30 Tables 13-14","ALD","IBM","eta",-0.120497697852075,0.0301052682622535,5011,-0.124,0.00350230214792527
"DJ30 Tables 13-14","ALD","INTC","rho",0.386049229064766,0.0132654327445328,5013,0.3857,0.000349229064766421
"DJ30 Tables 13-14","ALD","INTC","eta",-0.0268612052285907,0.0307861614318895,5013,-0.0275,0.000638794771409261
"DJ30 Tables 13-14","ALD","JNJ","rho",0.365871817232885,0.0137407826320641,5011,0.3654,0.000471817232884753
"DJ30 Tables 13-14","ALD","JNJ","eta",-0.0595183953838451,0.0282982515649662,5011,-0.0588,0.000718395383845105
"DJ30 Tables 13-14","ALD","JPM","rho",0.447626189046856,0.0123806971596021,5012,0.4469,0.000726189046855508
"DJ30 Tables 13-14","ALD","JPM","eta",-0.0513554983036825,0.0309085249878818,5012,-0.0539,0.00254450169631752
"DJ30 Tables 13-14","ALD","KO","rho",0.390740514088085,0.0133305618463685,5013,0.3912,0.000459485911915025
"DJ30 Tables 13-14","ALD","KO","eta",-0.0596044724358263,0.029256005608205,5013,-0.0593,0.000304472435826347
"DJ30 Tables 13-14","ALD","MCD","rho",0.334902943617166,0.0139608804836797,5013,0.3346,0.000302943617166096
"DJ30 Tables 13-14","ALD","MCD","eta",-0.0211720378846087,0.0300310720536974,5013,-0.0219,0.000727962115391254
"DJ30 Tables 13-14","ALD","MMM","rho",0.436591344043681,0.0127038669441162,5010,0.437,0.00040865595631917
"DJ30 Tables 13-14","ALD","MMM","eta",-0.12080025667334,0.0290097982922122,5010,-0.1179,0.00290025667334011
"DJ30 Tables 13-14","ALD","MRK","rho",0.315326794497987,0.0141592527475896,5012,0.3156,0.000273205502012874
"DJ30 Tables 13-14","ALD","MRK","eta",-0.0245457687630442,0.0302766306356468,5012,-0.0242,0.000345768763044242
"DJ30 Tables 13-14","ALD","MSFT","rho",0.47935981324454,0.012011746863668,5013,0.48,0.00064018675545946
"DJ30 Tables 13-14","ALD","MSFT","eta",-0.0703780977856632,0.0292131514370745,5013,-0.0692,0.00117809778566319
"DJ30 Tables 13-14","ALD","NIKE","rho",0.328495165957357,0.0139714225345616,5013,0.3277,0.000795165957356625
"DJ30 Tables 13-14","ALD","NIKE","eta",0.0138899027691447,0.0307535155405868,5013,0.0132,0.000689902769144702
"DJ30 Tables 13-14","ALD","PG","rho",0.391261936073993,0.0133531604756289,5010,0.3918,0.000538063926006915
"DJ30 Tables 13-14","ALD","PG","eta",-0.0164052173617166,0.0289682391953598,5010,-0.0145,0.00190521736171661
"DJ30 Tables 13-14","ALD","SPC","rho",0.340692168326224,0.014097835654771,4994,0.34,0.000692168326223763
"DJ30 Tables 13-14","ALD","SPC","eta",-0.094110642651784,0.0281084570287572,4994,-0.0942,8.93573482160515e-05
"DJ30 Tables 13-14","ALD","UNH","rho",0.290929531548843,0.0144590522968439,4995,0.2909,2.95315488431092e-05
"DJ30 Tables 13-14","ALD","UNH","eta",-0.0129402569024595,0.0301059872715016,4995,-0.0156,0.00265974309754046
"DJ30 Tables 13-14","ALD","V","rho",0.388525057892825,0.0144517501427667,4191,0.3887,0.000174942107174836
"DJ30 Tables 13-14","ALD","V","eta",-0.0770367432221604,0.0339664206271688,4191,-0.0779,0.000863256777839577
"DJ30 Tables 13-14","ALD","WAG","rho",0.297463795058022,0.0143552078554644,4980,0.2976,0.000136204941978468
"DJ30 Tables 13-14","ALD","WAG","eta",-0.0464109967551829,0.0308195386945286,4980,-0.0447,0.00171099675518294
"DJ30 Tables 13-14","ALD","WMT","rho",0.349420017884623,0.0138355544936732,4977,0.3484,0.00102001788462319
"DJ30 Tables 13-14","ALD","WMT","eta",-0.057574443799042,0.0301910738745612,4977,-0.0593,0.00172555620095803
"DJ30 Tables 13-14","ALD","XOM","rho",0.438840413386585,0.0126233185996113,4971,0.4385,0.000340413386585081
"DJ30 Tables 13-14","ALD","XOM","eta",-0.0520054225041404,0.0303030040578066,4971,-0.0511,0.00090542250414042
"DJ30 Tables 13-14","AMGN","AXP","rho",0.289089237368833,0.0144932192595643,5011,0.2893,0.000210762631167427
"DJ30 Tables 13-14","AMGN","AXP","eta",0.0271975341515018,0.0296120947467946,5011,0.0276,0.000402465848498179
"DJ30 Tables 13-14","AMGN","BA","rho",0.270078437861546,0.0146166039907206,5014,0.2696,0.000478437861546388
"DJ30 Tables 13-14","AMGN","BA","eta",-0.0165192579194016,0.0301397415651468,5014,-0.0239,0.00738074208059844
"DJ30 Tables 13-14","AMGN","BEL","rho",0.264360917631138,0.0148609670998268,4983,0.2642,0.000160917631137847
"DJ30 Tables 13-14","AMGN","BEL","eta",-0.0173294981971565,0.0289466508160138,4983,-0.0151,0.0022294981971565
"DJ30 Tables 13-14","AMGN","CAT","rho",0.283010132124487,0.0145189207381878,5008,0.2807,0.00231013212448727
"DJ30 Tables 13-14","AMGN","CAT","eta",-0.0260879777624944,0.0299763137755797,5008,-0.0318,0.00571202223750562
"DJ30 Tables 13-14","AMGN","CHV","rho",0.319684215884752,0.0141124274296432,5014,0.32,0.000315784115247908
"DJ30 Tables 13-14","AMGN","CHV","eta",-0.0283516237379342,0.0300479671095224,5014,-0.0291,0.000748376262065763
"DJ30 Tables 13-14","AMGN","CRM","rho",0.209591391444971,0.0151822173300005,5009,0.2113,0.00170860855502875
"DJ30 Tables 13-14","AMGN","CRM","eta",-0.0363854040438018,0.0297326877716502,5009,-0.0338,0.00258540404380177
"DJ30 Tables 13-14","AMGN","CSCO","rho",0.330439798403879,0.014002856308029,5012,0.3309,0.000460201596121423
"DJ30 Tables 13-14","AMGN","CSCO","eta",-0.049462290366531,0.0299124463852257,5012,-0.0453,0.00416229036653104
"DJ30 Tables 13-14","AMGN","DIS","rho",0.281761235024045,0.0145861908426896,5009,0.2795,0.00226123502404468
"DJ30 Tables 13-14","AMGN","DIS","eta",-0.0210914852470887,0.0294723590053499,5009,-0.0185,0.0025914852470887
"DJ30 Tables 13-14","AMGN","GS","rho",0.296253194298819,0.014236236092119,5011,0.298,0.00174680570118108
"DJ30 Tables 13-14","AMGN","GS","eta",-0.0243753459447333,0.0312847991391543,5011,-0.0235,0.000875345944733288
"DJ30 Tables 13-14","AMGN","HD","rho",0.284971629660291,0.0144924362902639,5014,0.2855,0.000528370339708706
"DJ30 Tables 13-14","AMGN","HD","eta",-0.0589339645296641,0.0299485510152851,5014,-0.0588,0.000133964529664077
"DJ30 Tables 13-14","AMGN","IBM","rho",0.274880289756262,0.0145793255414784,5011,0.2754,0.000519710243737648
"DJ30 Tables 13-14","AMGN","IBM","eta",-0.0817937579119042,0.0301112928784152,5011,-0.081,0.000793757911904169
"DJ30 Tables 13-14","AMGN","INTC","rho",0.303335169779064,0.0142905751561162,5013,0.3035,0.000164830220935608
"DJ30 Tables 13-14","AMGN","INTC","eta",0.0247996595079128,0.0300303322022643,5013,0.0279,0.00310034049208724
"DJ30 Tables 13-14","AMGN","JNJ","rho",0.300635432294651,0.014576320935039,5012,0.3015,0.00086456770534904
"DJ30 Tables 13-14","AMGN","JNJ","eta",-0.0112821704377895,0.027799830621907,5012,-0.0084,0.00288217043778955
"DJ30 Tables 13-14","AMGN","JPM","rho",0.328248205957967,0.0139216002952603,5011,0.3282,4.82059579666183e-05
"DJ30 Tables 13-14","AMGN","JPM","eta",-0.0465189864365218,0.030964772574115,5011,-0.044,0.00251898643652184
"DJ30 Tables 13-14","AMGN","KO","rho",0.28823580942886,0.0145608334926751,5013,0.2885,0.000264190571139911
"DJ30 Tables 13-14","AMGN","KO","eta",-0.0256978401743981,0.0290585747815007,5013,-0.0215,0.0041978401743981
"DJ30 Tables 13-14","AMGN","MCD","rho",0.274221902836111,0.0146796310659251,5013,0.2732,0.00102190283611103
"DJ30 Tables 13-14","AMGN","MCD","eta",-0.033188705223664,0.0292392197785505,5013,-0.0323,0.000888705223664001
"DJ30 Tables 13-14","AMGN","MMM","rho",0.282169094819637,0.014577404797802,5010,0.2827,0.000530905180363472
"DJ30 Tables 13-14","AMGN","MMM","eta",-0.0785869243686688,0.0295051670396621,5010,-0.0755,0.00308692436866882
"DJ30 Tables 13-14","AMGN","MRK","rho",0.293998550503158,0.0145184302441692,5012,0.2943,0.000301449496841966
"DJ30 Tables 13-14","AMGN","MRK","eta",-0.0173309426394353,0.0289086448021685,5012,-0.0126,0.00473094263943529
"DJ30 Tables 13-14","AMGN","MSFT","rho",0.369129156817891,0.0135862004457328,5013,0.369,0.000129156817891163
"DJ30 Tables 13-14","AMGN","MSFT","eta",-0.00290194202381233,0.0293865084000729,5013,0.0025,0.00540194202381233
"DJ30 Tables 13-14","AMGN","NIKE","rho",0.236718171945198,0.0149126221057532,5013,0.2362,0.000518171945198348
"DJ30 Tables 13-14","AMGN","NIKE","eta",-0.0172202609759222,0.0301695213668071,5013,-0.0129,0.0043202609759222
"DJ30 Tables 13-14","AMGN","PG","rho",0.288941669448373,0.0145884742138861,5010,0.2891,0.000158330551626618
"DJ30 Tables 13-14","AMGN","PG","eta",-0.0564407021123632,0.028793574914747,5010,-0.0539,0.00254070211236324
"DJ30 Tables 13-14","AMGN","SPC","rho",0.265934846602045,0.014964302131526,4994,0.2663,0.000365153397954898
"DJ30 Tables 13-14","AMGN","SPC","eta",-0.0263207902659059,0.0277563981238368,4994,-0.0228,0.00352079026590588
"DJ30 Tables 13-14","AMGN","UNH","rho",0.250620424467012,0.0149404070712712,4994,0.2501,0.000520424467012226
"DJ30 Tables 13-14","AMGN","UNH","eta",-0.0187634720616771,0.0291782296513878,4994,-0.0206,0.00183652793832292
"DJ30 Tables 13-14","AMGN","V","rho",0.283901496576757,0.0157790682334111,4189,0.2833,0.000601496576756955
"DJ30 Tables 13-14","AMGN","V","eta",-0.0204578717932403,0.0337236034108917,4189,-0.0201,0.000357871793240344
"DJ30 Tables 13-14","AMGN","WAG","rho",0.213373668247498,0.0151709165060275,4979,0.2134,2.63317525017182e-05
"DJ30 Tables 13-14","AMGN","WAG","eta",-0.0373757131221904,0.0300744420829132,4979,-0.0342,0.00317571312219036
"DJ30 Tables 13-14","AMGN","WMT","rho",0.280161554325995,0.0146597756780039,4977,0.28,0.000161554325994961
"DJ30 Tables 13-14","AMGN","WMT","eta",-0.030490060710186,0.029464392957907,4977,-0.028,0.00249006071018602
"DJ30 Tables 13-14","AMGN","XOM","rho",0.329648979089658,0.014050372599741,4971,0.3301,0.000451020910342492
"DJ30 Tables 13-14","AMGN","XOM","eta",-0.0189352441495096,0.0302457283421653,4971,-0.0173,0.00163524414950962
"DJ30 Tables 13-14","AXP","BA","rho",0.3392164436227,0.0138310271577212,5014,0.3405,0.00128355637730004
"DJ30 Tables 13-14","AXP","BA","eta",-0.0274376302773896,0.0309417444109766,5014,-0.0336,0.00616236972261041
"DJ30 Tables 13-14","AXP","BEL","rho",0.345443931014107,0.0139432910297933,4983,0.3456,0.000156068985892766
"DJ30 Tables 13-14","AXP","BEL","eta",-2.82136143042832e-05,0.0293973694889182,4983,0.001,0.00102821361430428
"DJ30 Tables 13-14","AXP","CAT","rho",0.40838904017355,0.0130364125638068,5008,0.408,0.000389040173550459
"DJ30 Tables 13-14","AXP","CAT","eta",-0.0250033772693876,0.0299718631964142,5008,-0.0248,0.000203377269387552
"DJ30 Tables 13-14","AXP","CHV","rho",0.422789369556052,0.0128054160605785,5014,0.4229,0.000110630443948212
"DJ30 Tables 13-14","AXP","CHV","eta",-0.0523491701120394,0.0301762805729862,5014,-0.054,0.00165082988796062
"DJ30 Tables 13-14","AXP","CRM","rho",0.298234478099682,0.0143309731946082,5009,0.2985,0.000265521900317978
"DJ30 Tables 13-14","AXP","CRM","eta",-0.0188637909388641,0.0304424452399141,5009,-0.0195,0.000636209061135918
"DJ30 Tables 13-14","AXP","CSCO","rho",0.410652704283267,0.0129536851314176,5012,0.4102,0.00045270428326738
"DJ30 Tables 13-14","AXP","CSCO","eta",0.000196896769656332,0.0305152748265339,5012,0.0027,0.00250310323034367
"DJ30 Tables 13-14","AXP","DIS","rho",0.346329010694864,0.0138174362673917,5009,0.345,0.00132901069486407
"DJ30 Tables 13-14","AXP","DIS","eta",-0.0214974565744645,0.0302186273392179,5009,-0.0184,0.00309745657446453
"DJ30 Tables 13-14","AXP","GS","rho",0.462544871547737,0.01217068015671,5011,0.4639,0.00135512845226332
"DJ30 Tables 13-14","AXP","GS","eta",0.00704163260097607,0.0306639539482313,5011,0.0048,0.00224163260097607
"DJ30 Tables 13-14","AXP","HD","rho",0.399790457313621,0.01314328392811,5014,0.3994,0.000390457313620973
"DJ30 Tables 13-14","AXP","HD","eta",-0.0565657710393896,0.030005486470125,5014,-0.0577,0.00113422896061041
"DJ30 Tables 13-14","AXP","IBM","rho",0.38007960960609,0.0133731325748325,5011,0.3802,0.000120390393909653
"DJ30 Tables 13-14","AXP","IBM","eta",-0.111614580114028,0.0304627168034416,5011,-0.1142,0.002585419885972
"DJ30 Tables 13-14","AXP","INTC","rho",0.388014722332817,0.0132482991124627,5013,0.3879,0.000114722332817008
"DJ30 Tables 13-14","AXP","INTC","eta",-0.0615607394605269,0.0306707534576331,5013,-0.0599,0.0016607394605269
"DJ30 Tables 13-14","AXP","JNJ","rho",0.356009469236019,0.0138507729187359,5011,0.3554,0.000609469236018789
"DJ30 Tables 13-14","AXP","JNJ","eta",-0.00441905823145386,0.0284440381531552,5011,-0.0043,0.000119058231453856
"DJ30 Tables 13-14","AXP","JPM","rho",0.517181491641813,0.0113431480592579,5011,0.5171,8.14916418129252e-05
"DJ30 Tables 13-14","AXP","JPM","eta",-0.00628663477971977,0.0295669356416266,5011,-0.0062,8.663477971977e-05
"DJ30 Tables 13-14","AXP","KO","rho",0.370504122836681,0.0135746092618801,5013,0.3704,0.000104122836681153
"DJ30 Tables 13-14","AXP","KO","eta",-0.0457974606663455,0.0295015463937917,5013,-0.0446,0.00119746066634552
"DJ30 Tables 13-14","AXP","MCD","rho",0.325631574089365,0.0140624867064166,5013,0.3254,0.000231574089365194
"DJ30 Tables 13-14","AXP","MCD","eta",-0.0182578629488808,0.0300737604864346,5013,-0.0147,0.00355786294888079
"DJ30 Tables 13-14","AXP","MMM","rho",0.370764361177891,0.0135385350560038,5010,0.371,0.00023563882210853
"DJ30 Tables 13-14","AXP","MMM","eta",-0.0319640178866393,0.0299409448529719,5010,-0.0316,0.000364017886639326
"DJ30 Tables 13-14","AXP","MRK","rho",0.293833385101761,0.0143731027868555,5012,0.2931,0.000733385101760853
"DJ30 Tables 13-14","AXP","MRK","eta",-0.0438368796398822,0.0304122870436962,5012,-0.0428,0.00103687963988216
"DJ30 Tables 13-14","AXP","MSFT","rho",0.439418489263901,0.0125864913973824,5013,0.439,0.000418489263901367
"DJ30 Tables 13-14","AXP","MSFT","eta",0.0029482040135048,0.0298725921020562,5013,0.0065,0.0035517959864952
"DJ30 Tables 13-14","AXP","NIKE","rho",0.314990105663718,0.0141088704173259,5013,0.3141,0.000890105663717555
"DJ30 Tables 13-14","AXP","NIKE","eta",-0.0193345827522534,0.0308872989790397,5013,-0.0162,0.00313458275225342
"DJ30 Tables 13-14","AXP","PG","rho",0.363170292083179,0.0136855647425618,5010,0.3635,0.000329707916821298
"DJ30 Tables 13-14","AXP","PG","eta",-0.0240191312149615,0.0293465263200775,5010,-0.0221,0.00191913121496154
"DJ30 Tables 13-14","AXP","SPC","rho",0.382392023422816,0.013614225396089,4994,0.3824,7.97657718409894e-06
"DJ30 Tables 13-14","AXP","SPC","eta",-0.0256250218005935,0.0276491710870567,4994,-0.0237,0.00192502180059352
"DJ30 Tables 13-14","AXP","UNH","rho",0.245264371882273,0.0148505343122047,4994,0.2454,0.000135628117726633
"DJ30 Tables 13-14","AXP","UNH","eta",-0.050499670197278,0.0304822023743278,4994,-0.0496,0.000899670197277991
"DJ30 Tables 13-14","AXP","V","rho",0.431461649757581,0.013833229847358,4189,0.4311,0.000361649757581406
"DJ30 Tables 13-14","AXP","V","eta",-0.00171908760230113,0.0335758069847883,4189,-0.0018,8.0912397698871e-05
"DJ30 Tables 13-14","AXP","WAG","rho",0.285281688078249,0.0144699847735972,4979,0.2852,8.16880782490981e-05
"DJ30 Tables 13-14","AXP","WAG","eta",-0.0194667281901647,0.0309253081551471,4979,-0.0189,0.000566728190164723
"DJ30 Tables 13-14","AXP","WMT","rho",0.348496899787691,0.0138533964846385,4977,0.348,0.00049689978769063
"DJ30 Tables 13-14","AXP","WMT","eta",-0.0257196600437127,0.0301159221240958,4977,-0.0256,0.000119660043712666
"DJ30 Tables 13-14","AXP","XOM","rho",0.414096803146885,0.0129593515370092,4971,0.4143,0.000203196853114596
"DJ30 Tables 13-14","AXP","XOM","eta",-0.0661429223181071,0.0306109896491163,4971,-0.0658,0.00034292231810712
"DJ30 Tables 13-14","BA","BEL","rho",0.285032988838553,0.0144932104680966,4987,0.285,3.29888385527388e-05
"DJ30 Tables 13-14","BA","BEL","eta",-0.0743371339962089,0.030471623809433,4987,-0.0759,0.00156286600379114
"DJ30 Tables 13-14","BA","CAT","rho",0.359628657883723,0.0135847016326103,5012,0.3594,0.000228657883723171
"DJ30 Tables 13-14","BA","CAT","eta",0.0601119403780208,0.0310295810124023,5012,0.0665,0.00638805962197923
"DJ30 Tables 13-14","BA","CHV","rho",0.370373023243701,0.013413855881342,5018,0.3701,0.000273023243700654
"DJ30 Tables 13-14","BA","CHV","eta",0.0151160526348012,0.0313912053995389,5018,0.0183,0.00318394736519878
"DJ30 Tables 13-14","BA","CRM","rho",0.265084170069012,0.0145740188902232,5013,0.2669,0.00181582993098833
"DJ30 Tables 13-14","BA","CRM","eta",0.0146817982841068,0.0312114190762372,5013,0.019,0.00431820171589318
"DJ30 Tables 13-14","BA","CSCO","rho",0.376420925345064,0.0133347051411932,5016,0.3772,0.000779074654936374
"DJ30 Tables 13-14","BA","CSCO","eta",0.0263112462059654,0.0314651825686407,5016,0.0311,0.00478875379403456
"DJ30 Tables 13-14","BA","DIS","rho",0.313198101849305,0.0141196326520051,5013,0.3162,0.00300189815069507
"DJ30 Tables 13-14","BA","DIS","eta",-0.0320064797165601,0.0309717962225831,5013,-0.0286,0.00340647971656008
"DJ30 Tables 13-14","BA","GS","rho",0.359851167459835,0.0134430013183383,5015,0.361,0.00114883254016523
"DJ30 Tables 13-14","BA","GS","eta",0.0294835098326969,0.0327766929305174,5015,0.0307,0.00121649016730313
"DJ30 Tables 13-14","BA","HD","rho",0.341125897654578,0.0137789603659197,5018,0.3422,0.00107410234542199
"DJ30 Tables 13-14","BA","HD","eta",-0.0418007638391945,0.0312378597972901,5018,-0.0327,0.00910076383919446
"DJ30 Tables 13-14","BA","IBM","rho",0.346133133201027,0.0137235161227736,5015,0.3499,0.00376686679897315
"DJ30 Tables 13-14","BA","IBM","eta",-0.0237450970042621,0.0312612573680582,5015,-0.0188,0.00494509700426208
"DJ30 Tables 13-14","BA","INTC","rho",0.346305289355275,0.0136843168874318,5017,0.3481,0.00179471064472508
"DJ30 Tables 13-14","BA","INTC","eta",0.0375598912538392,0.0316946710230427,5017,0.0402,0.00264010874616084
"DJ30 Tables 13-14","BA","JNJ","rho",0.316280758068726,0.0142274596398875,5015,0.3177,0.00141924193127413
"DJ30 Tables 13-14","BA","JNJ","eta",-0.0108537909391937,0.0292081414507154,5015,-0.0056,0.00525379093919372
"DJ30 Tables 13-14","BA","JPM","rho",0.393522631761885,0.0130538802023524,5015,0.3953,0.00177736823811503
"DJ30 Tables 13-14","BA","JPM","eta",0.0385492546366362,0.0322473418965694,5015,0.0451,0.00655074536336381
"DJ30 Tables 13-14","BA","KO","rho",0.340003467336984,0.0138690947088805,5017,0.3406,0.000596532663015847
"DJ30 Tables 13-14","BA","KO","eta",-0.0344961059083791,0.0302897138343068,5017,-0.0379,0.00340389409162089
"DJ30 Tables 13-14","BA","MCD","rho",0.271499023306145,0.0145190596734316,5017,0.2725,0.00100097669385552
"DJ30 Tables 13-14","BA","MCD","eta",0.0479435194863732,0.031085619505661,5017,0.0466,0.00134351948637324
"DJ30 Tables 13-14","BA","MMM","rho",0.321913546353046,0.0140259669164863,5014,0.3223,0.000386453646953833
"DJ30 Tables 13-14","BA","MMM","eta",-0.0704263866311519,0.0309380045306283,5014,-0.072,0.00157361336884806
"DJ30 Tables 13-14","BA","MRK","rho",0.247962283290375,0.0147209266028122,5016,0.251,0.00303771670962505
"DJ30 Tables 13-14","BA","MRK","eta",0.00217810576505387,0.0311942135863925,5016,0.0097,0.00752189423494613
"DJ30 Tables 13-14","BA","MSFT","rho",0.377899404806998,0.0133331020451752,5017,0.3807,0.00280059519300169
"DJ30 Tables 13-14","BA","MSFT","eta",0.0353135008293451,0.0312202175837615,5017,0.0426,0.00728649917065486
"DJ30 Tables 13-14","BA","NIKE","rho",0.278814645184959,0.0144025480284046,5017,0.2795,0.00068535481504095
"DJ30 Tables 13-14","BA","NIKE","eta",0.022890561063694,0.0316722958359215,5017,0.0273,0.00440943893630601
"DJ30 Tables 13-14","BA","PG","rho",0.306719900810682,0.0142394335633728,5014,0.3074,0.000680099189317829
"DJ30 Tables 13-14","BA","PG","eta",0.00640300684140579,0.0303320974853995,5014,0.0068,0.00039699315859421
"DJ30 Tables 13-14","BA","SPC","rho",0.276405018088573,0.0146647094940798,4998,0.278,0.00159498191142732
"DJ30 Tables 13-14","BA","SPC","eta",-0.0725829761365472,0.0291918479113104,4998,-0.0685,0.00408297613654719
"DJ30 Tables 13-14","BA","UNH","rho",0.223433946507951,0.014958778174159,4998,0.225,0.00156605349204947
"DJ30 Tables 13-14","BA","UNH","eta",-0.0066574045603793,0.0310902176434217,4998,-0.0056,0.0010574045603793
"DJ30 Tables 13-14","BA","V","rho",0.326701074066229,0.0151991662729969,4193,0.329,0.00229892593377096
"DJ30 Tables 13-14","BA","V","eta",0.0141532075661796,0.0348514445053606,4193,0.0188,0.00464679243382039
"DJ30 Tables 13-14","BA","WAG","rho",0.25231373765569,0.014704904181823,4983,0.2538,0.00148626234430971
"DJ30 Tables 13-14","BA","WAG","eta",0.00175859815496968,0.0316302041856253,4983,8e-04,0.00095859815496968
"DJ30 Tables 13-14","BA","WMT","rho",0.291431381078126,0.0143831678893061,4981,0.2933,0.00186861892187401
"DJ30 Tables 13-14","BA","WMT","eta",-0.038575567917148,0.0311651608547012,4981,-0.0327,0.00587556791714796
"DJ30 Tables 13-14","BA","XOM","rho",0.365726453039023,0.0135089836889455,4975,0.3665,0.000773546960977423
"DJ30 Tables 13-14","BA","XOM","eta",0.0216542711419818,0.0317906827732705,4975,0.0234,0.00174572885801821
"DJ30 Tables 13-14","BEL","CAT","rho",0.313470465642836,0.0142424392837922,4981,0.3135,2.95343571635742e-05
"DJ30 Tables 13-14","BEL","CAT","eta",0.0337642601828366,0.030117567360938,4981,0.0338,3.5739817163434e-05
"DJ30 Tables 13-14","BEL","CHV","rho",0.375789165111675,0.0135220562310033,4987,0.3758,1.08348883249842e-05
"DJ30 Tables 13-14","BEL","CHV","eta",-0.00830952927927974,0.0297047412336842,4987,-0.0083,9.52927927973767e-06
"DJ30 Tables 13-14","BEL","CRM","rho",0.246175954003854,0.0149240066148025,4982,0.2462,2.40459961459161e-05
"DJ30 Tables 13-14","BEL","CRM","eta",0.0185163654494219,0.02989974978915,4982,0.0185,1.63654494219206e-05
"DJ30 Tables 13-14","BEL","CSCO","rho",0.356743968799773,0.0137228257622752,4985,0.3567,4.39687997725868e-05
"DJ30 Tables 13-14","BEL","CSCO","eta",-0.0335917741661177,0.0301691641022768,4985,-0.0336,8.22583388228326e-06
"DJ30 Tables 13-14","BEL","DIS","rho",0.341191479810188,0.0140135000572326,4982,0.3412,8.52018981239988e-06
"DJ30 Tables 13-14","BEL","DIS","eta",-0.0241417920642192,0.0292242279357935,4982,-0.0241,4.17920642191913e-05
"DJ30 Tables 13-14","BEL","GS","rho",0.343173894411848,0.0137858212706916,4984,0.3429,0.000273894411847719
"DJ30 Tables 13-14","BEL","GS","eta",-0.00587351203344676,0.0312091988669701,4984,-0.0057,0.000173512033446763
"DJ30 Tables 13-14","BEL","HD","rho",0.337396463892044,0.0139952606556025,4987,0.3374,3.53610795600368e-06
"DJ30 Tables 13-14","BEL","HD","eta",-0.00721589889509936,0.0297655092051439,4987,-0.0072,1.58988950993613e-05
"DJ30 Tables 13-14","BEL","IBM","rho",0.337831070361851,0.013985475479363,4985,0.3378,3.10703618514041e-05
"DJ30 Tables 13-14","BEL","IBM","eta",-0.0226148522847289,0.0298437661464372,4985,-0.0226,1.48522847288647e-05
"DJ30 Tables 13-14","BEL","INTC","rho",0.313502073311611,0.0141846515987795,4986,0.3135,2.07331161089508e-06
"DJ30 Tables 13-14","BEL","INTC","eta",-0.025768360856044,0.0305926325808647,4986,-0.0258,3.16391439560276e-05
"DJ30 Tables 13-14","BEL","JNJ","rho",0.362677733467151,0.0139258360995721,4984,0.3627,2.22665328485361e-05
"DJ30 Tables 13-14","BEL","JNJ","eta",-0.0085282619300422,0.0274771379867062,4984,-0.0085,2.82619300422011e-05
"DJ30 Tables 13-14","BEL","JPM","rho",0.402430076854532,0.0130991316629367,4984,0.4024,3.00768545317132e-05
"DJ30 Tables 13-14","BEL","JPM","eta",-0.0119090479516421,0.0303843654128752,4984,-0.0119,9.04795164206884e-06
"DJ30 Tables 13-14","BEL","KO","rho",0.374841372350925,0.0136534119977435,4986,0.3748,4.13723509249397e-05
"DJ30 Tables 13-14","BEL","KO","eta",0.0331515896292548,0.0285486442108787,4986,0.0332,4.8410370745211e-05
"DJ30 Tables 13-14","BEL","MCD","rho",0.308459087759849,0.0143690422516492,4986,0.3085,4.09122401514028e-05
"DJ30 Tables 13-14","BEL","MCD","eta",-0.00208105716072019,0.0293393900535476,4986,-0.0021,1.89428392798076e-05
"DJ30 Tables 13-14","BEL","MMM","rho",0.396658613232367,0.0133578577761906,4983,0.3967,4.13867676325452e-05
"DJ30 Tables 13-14","BEL","MMM","eta",-0.0471498019384753,0.0285994647498017,4983,-0.0471,4.98019384753204e-05
"DJ30 Tables 13-14","BEL","MRK","rho",0.30683793577498,0.0143892454864804,4985,0.3068,3.7935774979736e-05
"DJ30 Tables 13-14","BEL","MRK","eta",0.0135158636174854,0.0293311251007116,4985,0.0135,1.58636174854062e-05
"DJ30 Tables 13-14","BEL","MSFT","rho",0.380767738876353,0.0134645699641835,4986,0.3808,3.22611236468484e-05
"DJ30 Tables 13-14","BEL","MSFT","eta",0.0158467852944454,0.0296343209109948,4986,0.0158,4.67852944453541e-05
"DJ30 Tables 13-14","BEL","NIKE","rho",0.300618299657735,0.0143822181627312,4986,0.3006,1.82996577354211e-05
"DJ30 Tables 13-14","BEL","NIKE","eta",0.0500938235502663,0.0300177395929221,4986,0.0501,6.17644973373299e-06
"DJ30 Tables 13-14","BEL","PG","rho",0.35329031113719,0.0139309510448466,4984,0.3531,0.000190311137189592
"DJ30 Tables 13-14","BEL","PG","eta",0.0149305779984388,0.0285671449055642,4984,0.0159,0.000969422001561233
"DJ30 Tables 13-14","BEL","SPC","rho",0.345360705606227,0.014159384810085,4981,0.3454,3.92943937730372e-05
"DJ30 Tables 13-14","BEL","SPC","eta",-0.0112338995954996,0.0273679256197104,4981,-0.0112,3.38995954996014e-05
"DJ30 Tables 13-14","BEL","UNH","rho",0.259523542518348,0.0148446675301114,4984,0.2595,2.35425183483517e-05
"DJ30 Tables 13-14","BEL","UNH","eta",0.00691794830297157,0.0294991439033231,4984,0.0069,1.79483029715708e-05
"DJ30 Tables 13-14","BEL","V","rho",0.334182342259118,0.015238521674057,4181,0.3342,1.76577408820267e-05
"DJ30 Tables 13-14","BEL","V","eta",0.00193543870228819,0.0334795426175076,4181,0.0019,3.54387022881882e-05
"DJ30 Tables 13-14","BEL","WAG","rho",0.229168074396508,0.0150129345365258,4982,0.2294,0.000231925603491973
"DJ30 Tables 13-14","BEL","WAG","eta",0.0402412870725466,0.0304027411599866,4982,0.0403,5.87129274534082e-05
"DJ30 Tables 13-14","BEL","WMT","rho",0.316440794039704,0.0142626560557711,4980,0.3164,4.07940397035289e-05
"DJ30 Tables 13-14","BEL","WMT","eta",-0.00219714132534325,0.029625350415886,4980,-0.0022,2.85867465675419e-06
"DJ30 Tables 13-14","BEL","XOM","rho",0.388899329972303,0.0133403654795549,4974,0.3889,6.70027696936248e-07
"DJ30 Tables 13-14","BEL","XOM","eta",-0.0172144761689246,0.0299982747762096,4974,-0.0172,1.44761689246306e-05
"DJ30 Tables 13-14","CAT","CHV","rho",0.44343480575165,0.0125032685939882,5012,0.4434,3.48057516504907e-05
"DJ30 Tables 13-14","CAT","CHV","eta",-0.00382513633905815,0.0302186878187844,5012,-0.0038,2.51363390581507e-05
"DJ30 Tables 13-14","CAT","CRM","rho",0.280580766366564,0.0144582693523544,5008,0.2806,1.92336334358667e-05
"DJ30 Tables 13-14","CAT","CRM","eta",0.0160475081301974,0.0309828300946488,5008,0.016,4.75081301974066e-05
"DJ30 Tables 13-14","CAT","CSCO","rho",0.407217288788859,0.012965338717232,5011,0.4072,1.72887888590378e-05
"DJ30 Tables 13-14","CAT","CSCO","eta",-0.0724690568881575,0.0310454954022499,5011,-0.0725,3.09431118424852e-05
"DJ30 Tables 13-14","CAT","DIS","rho",0.342893160343309,0.013826616192369,5009,0.3429,6.839656690516e-06
"DJ30 Tables 13-14","CAT","DIS","eta",-0.0282690628859067,0.0305711079210973,5009,-0.0283,3.09371140932713e-05
"DJ30 Tables 13-14","CAT","GS","rho",0.420366234078738,0.0127299860741143,5009,0.4203,6.62340787375704e-05
"DJ30 Tables 13-14","CAT","GS","eta",-0.0350674232389027,0.0317416686604444,5009,-0.0348,0.000267423238902713
"DJ30 Tables 13-14","CAT","HD","rho",0.384256834296053,0.0133054172684461,5012,0.3843,4.316570394719e-05
"DJ30 Tables 13-14","CAT","HD","eta",-0.0890026798104595,0.0306177832798153,5012,-0.089,2.67981045945498e-06
"DJ30 Tables 13-14","CAT","IBM","rho",0.39304661763548,0.0131958899617212,5009,0.393,4.6617635479862e-05
"DJ30 Tables 13-14","CAT","IBM","eta",-0.0466265198126927,0.0305912260991679,5009,-0.0466,2.65198126927074e-05
"DJ30 Tables 13-14","CAT","INTC","rho",0.376630831240503,0.0133576717045065,5011,0.3766,3.08312405029598e-05
"DJ30 Tables 13-14","CAT","INTC","eta",-0.0428841133654498,0.0312338725707742,5011,-0.0429,1.58866345502315e-05
"DJ30 Tables 13-14","CAT","JNJ","rho",0.313944229770821,0.0142627762611646,5010,0.3139,4.42297708214134e-05
"DJ30 Tables 13-14","CAT","JNJ","eta",-0.0251059071046602,0.0292091513554461,5010,-0.0251,5.90710466021743e-06
"DJ30 Tables 13-14","CAT","JPM","rho",0.46823407232717,0.0120714545236896,5009,0.4682,3.40723271700649e-05
"DJ30 Tables 13-14","CAT","JPM","eta",-0.05188376597254,0.0309203349077188,5009,-0.0519,1.62340274599826e-05
"DJ30 Tables 13-14","CAT","KO","rho",0.380752218319338,0.0134205143580329,5012,0.3808,4.77816806623843e-05
"DJ30 Tables 13-14","CAT","KO","eta",-0.0527514412202193,0.02974200166892,5012,-0.0528,4.85587797806747e-05
"DJ30 Tables 13-14","CAT","MCD","rho",0.335524016562717,0.013924201670836,5011,0.3355,2.40165627170552e-05
"DJ30 Tables 13-14","CAT","MCD","eta",-0.0354557964781956,0.03038021924902,5011,-0.0355,4.42035218043632e-05
"DJ30 Tables 13-14","CAT","MMM","rho",0.416528015858265,0.0129454524524741,5008,0.4165,2.8015858265118e-05
"DJ30 Tables 13-14","CAT","MMM","eta",-0.0110594428562169,0.0296694520815852,5008,-0.0111,4.05571437831504e-05
"DJ30 Tables 13-14","CAT","MRK","rho",0.311156283495829,0.0141694445673945,5010,0.3112,4.37165041707321e-05
"DJ30 Tables 13-14","CAT","MRK","eta",-0.0704853467684135,0.0306800740597185,5010,-0.0705,1.46532315864617e-05
"DJ30 Tables 13-14","CAT","MSFT","rho",0.442957884642453,0.0125106085682055,5011,0.443,4.21153575472788e-05
"DJ30 Tables 13-14","CAT","MSFT","eta",-0.0150514395006621,0.0302368932860178,5011,-0.0151,4.85604993378623e-05
"DJ30 Tables 13-14","CAT","NIKE","rho",0.314488386671598,0.0140850569153749,5012,0.3145,1.16133284020492e-05
"DJ30 Tables 13-14","CAT","NIKE","eta",0.038184875091584,0.0312511950215638,5012,0.0382,1.51249084160143e-05
"DJ30 Tables 13-14","CAT","PG","rho",0.34971324030201,0.0138076874057129,5009,0.3501,0.000386759697989958
"DJ30 Tables 13-14","CAT","PG","eta",-0.0646047267180739,0.0298171660092226,5009,-0.064,0.000604726718073878
"DJ30 Tables 13-14","CAT","SPC","rho",0.318282612827897,0.0142900638870639,4992,0.3183,1.73871721027008e-05
"DJ30 Tables 13-14","CAT","SPC","eta",-0.00480733562909097,0.0287161587308803,4992,-0.0048,7.3356290909701e-06
"DJ30 Tables 13-14","CAT","UNH","rho",0.260582884689038,0.014698206932896,4992,0.2606,1.71153109617683e-05
"DJ30 Tables 13-14","CAT","UNH","eta",0.0180503856983316,0.0306758437473672,4992,0.0181,4.96143016683985e-05
"DJ30 Tables 13-14","CAT","V","rho",0.366796346897362,0.0147207941051377,4187,0.3668,3.65310263761298e-06
"DJ30 Tables 13-14","CAT","V","eta",-0.00677499707620832,0.0345421421980829,4187,-0.0068,2.500292379168e-05
"DJ30 Tables 13-14","CAT","WAG","rho",0.28174079809294,0.0144769479239994,4977,0.2819,0.000159201907059481
"DJ30 Tables 13-14","CAT","WAG","eta",-0.000270125345570415,0.0312690096916368,4977,-6e-04,0.000329874654429585
"DJ30 Tables 13-14","CAT","WMT","rho",0.317553550835486,0.0141469538591101,4975,0.3176,4.64491645144616e-05
"DJ30 Tables 13-14","CAT","WMT","eta",-0.0390265503474393,0.0308531312957965,4975,-0.039,2.65503474392512e-05
"DJ30 Tables 13-14","CAT","XOM","rho",0.445129113869182,0.0125167036943843,4969,0.4451,2.91138691820847e-05
"DJ30 Tables 13-14","CAT","XOM","eta",-0.0281191809850349,0.0305427420853509,4969,-0.0281,1.91809850348633e-05
"DJ30 Tables 13-14","CHV","CRM","rho",0.299037799399463,0.0142434923516818,5013,0.299,3.77993994626902e-05
"DJ30 Tables 13-14","CHV","CRM","eta",0.0159003912237213,0.031210724244839,5013,0.0159,3.9122372132161e-07
"DJ30 Tables 13-14","CHV","CSCO","rho",0.456524416456316,0.0122703518359395,5016,0.4565,2.441645631579e-05
"DJ30 Tables 13-14","CHV","CSCO","eta",0.0116571140552474,0.0306277598081638,5016,0.0117,4.28859447526141e-05
"DJ30 Tables 13-14","CHV","DIS","rho",0.402340306358699,0.0130903065981082,5013,0.4023,4.03063586986163e-05
"DJ30 Tables 13-14","CHV","DIS","eta",-0.0654093878438148,0.0302120215868517,5013,-0.0654,9.38784381478153e-06
"DJ30 Tables 13-14","CHV","GS","rho",0.466873864108278,0.0120516126158924,5015,0.4667,0.000173864108278077
"DJ30 Tables 13-14","CHV","GS","eta",0.00955589305333225,0.031504412544954,5015,0.0098,0.00024410694666775
"DJ30 Tables 13-14","CHV","HD","rho",0.430858189815577,0.0126702732040007,5018,0.4309,4.18101844227303e-05
"DJ30 Tables 13-14","CHV","HD","eta",-0.0346768254431054,0.0303573667051825,5018,-0.0347,2.31745568946215e-05
"DJ30 Tables 13-14","CHV","IBM","rho",0.420129936395111,0.012808747863807,5015,0.4201,2.99363951113407e-05
"DJ30 Tables 13-14","CHV","IBM","eta",-0.0261972153948489,0.030640203439689,5015,-0.0262,2.78460515106688e-06
"DJ30 Tables 13-14","CHV","INTC","rho",0.439836280932704,0.012513177221238,5017,0.4398,3.62809327043578e-05
"DJ30 Tables 13-14","CHV","INTC","eta",-0.0162565366752483,0.0307376414723727,5017,-0.0163,4.34633247517364e-05
"DJ30 Tables 13-14","CHV","JNJ","rho",0.381756118367458,0.0134644265532069,5015,0.3818,4.38816325422087e-05
"DJ30 Tables 13-14","CHV","JNJ","eta",0.0125217439038743,0.0287921218172691,5015,0.0125,2.17439038743428e-05
"DJ30 Tables 13-14","CHV","JPM","rho",0.480051905719577,0.0118614078507843,5015,0.4801,4.80942804227946e-05
"DJ30 Tables 13-14","CHV","JPM","eta",0.0381677524536366,0.0312125420315095,5015,0.0382,3.22475463633912e-05
"DJ30 Tables 13-14","CHV","KO","rho",0.431662840099016,0.0127291872961373,5017,0.4317,3.71599009840184e-05
"DJ30 Tables 13-14","CHV","KO","eta",0.0234445881089407,0.0293860148140211,5017,0.0234,4.45881089407366e-05
"DJ30 Tables 13-14","CHV","MCD","rho",0.368130294549698,0.0135187828902597,5017,0.3681,3.02945496980511e-05
"DJ30 Tables 13-14","CHV","MCD","eta",0.0119982351074366,0.0303692942474519,5017,0.012,1.76489256342206e-06
"DJ30 Tables 13-14","CHV","MMM","rho",0.41830933182949,0.0128785786607893,5014,0.4183,9.33182948964495e-06
"DJ30 Tables 13-14","CHV","MMM","eta",-0.034612326415816,0.0300413302095746,5014,-0.0346,1.23264158160413e-05
"DJ30 Tables 13-14","CHV","MRK","rho",0.329409095553847,0.01394880343537,5016,0.3294,9.09555384714933e-06
"DJ30 Tables 13-14","CHV","MRK","eta",-0.0214351758094584,0.030766246787233,5016,-0.0214,3.51758094583841e-05
"DJ30 Tables 13-14","CHV","MSFT","rho",0.483637876927675,0.0118904860716553,5017,0.4836,3.78769276747071e-05
"DJ30 Tables 13-14","CHV","MSFT","eta",0.00195166507682834,0.0298856865998321,5017,0.002,4.83349231716601e-05
"DJ30 Tables 13-14","CHV","NIKE","rho",0.343048469688051,0.0137464481683982,5017,0.343,4.8469688051278e-05
"DJ30 Tables 13-14","CHV","NIKE","eta",0.0434918031516716,0.0313659450111216,5017,0.0435,8.19684832836093e-06
"DJ30 Tables 13-14","CHV","PG","rho",0.41480299668402,0.0129770838182175,5014,0.4147,0.000102996684020029
"DJ30 Tables 13-14","CHV","PG","eta",-0.0109882183999768,0.0293717520671703,5014,-0.0099,0.00108821839997684
"DJ30 Tables 13-14","CHV","SPC","rho",0.362750405884242,0.0137659159943198,4998,0.3628,4.95941157581115e-05
"DJ30 Tables 13-14","CHV","SPC","eta",0.0207534076366167,0.028468692674572,4998,0.0208,4.65923633832521e-05
"DJ30 Tables 13-14","CHV","UNH","rho",0.305703552350127,0.0142502157438687,4998,0.3057,3.5523501273893e-06
"DJ30 Tables 13-14","CHV","UNH","eta",0.0162682579550157,0.0305960974318848,4998,0.0163,3.17420449843474e-05
"DJ30 Tables 13-14","CHV","V","rho",0.407233820850012,0.014204973279427,4193,0.4072,3.3820850012356e-05
"DJ30 Tables 13-14","CHV","V","eta",-0.00515766903667047,0.0335204622786418,4193,-0.0052,4.23309633295326e-05
"DJ30 Tables 13-14","CHV","WAG","rho",0.301667622998088,0.0142501444732474,4983,0.3019,0.000232377001912365
"DJ30 Tables 13-14","CHV","WAG","eta",0.0141025094792317,0.0314488447322489,4983,0.0141,2.50947923169376e-06
"DJ30 Tables 13-14","CHV","WMT","rho",0.398162970451773,0.0131988115892332,4981,0.3982,3.70295482273186e-05
"DJ30 Tables 13-14","CHV","WMT","eta",0.0241449541128299,0.0301993965542675,4981,0.0241,4.49541128299327e-05
"DJ30 Tables 13-14","CHV","XOM","rho",0.769969600729781,0.00633770818514759,4975,0.77,3.03992702191946e-05
"DJ30 Tables 13-14","CHV","XOM","eta",-0.0588058383002193,0.0220353483504915,4975,-0.0588,5.83830021928106e-06
"DJ30 Tables 13-14","CRM","CSCO","rho",0.338118911412786,0.013841192382328,5011,0.3381,1.89114127864265e-05
"DJ30 Tables 13-14","CRM","CSCO","eta",-0.0051586894155533,0.0309570566757727,5011,-0.0052,4.13105844466952e-05
"DJ30 Tables 13-14","CRM","DIS","rho",0.254556601318541,0.0147405811906182,5008,0.2546,4.33986814593612e-05
"DJ30 Tables 13-14","CRM","DIS","eta",-0.0205425741583795,0.0305519089641703,5008,-0.0205,4.25741583795283e-05
"DJ30 Tables 13-14","CRM","GS","rho",0.328869772593154,0.0138521724654786,5010,0.3287,0.00016977259315365
"DJ30 Tables 13-14","CRM","GS","eta",-0.00227706518681746,0.0320159807556278,5010,-0.0022,7.70651868174637e-05
"DJ30 Tables 13-14","CRM","HD","rho",0.285811657679461,0.0144154823970024,5013,0.2858,1.16576794607082e-05
"DJ30 Tables 13-14","CRM","HD","eta",-0.0307055784735393,0.0308023641916414,5013,-0.0307,5.5784735393076e-06
"DJ30 Tables 13-14","CRM","IBM","rho",0.295877395826585,0.0143159948301635,5010,0.2959,2.26041734153193e-05
"DJ30 Tables 13-14","CRM","IBM","eta",-0.011570986509003,0.0308383876085622,5010,-0.0116,2.90134909970031e-05
"DJ30 Tables 13-14","CRM","INTC","rho",0.298172562639473,0.0142521144710431,5012,0.2982,2.74373605272382e-05
"DJ30 Tables 13-14","CRM","INTC","eta",0.00335423911503321,0.0312346899640192,5012,0.0034,4.57608849667936e-05
"DJ30 Tables 13-14","CRM","JNJ","rho",0.246086647889696,0.0149578589298382,5010,0.2461,1.33521103044543e-05
"DJ30 Tables 13-14","CRM","JNJ","eta",-0.0248277864434885,0.0290562680790774,5010,-0.0248,2.77864434884666e-05
"DJ30 Tables 13-14","CRM","JPM","rho",0.310963845901002,0.0140316318860814,5010,0.311,3.61540989982645e-05
"DJ30 Tables 13-14","CRM","JPM","eta",-0.00673954220216384,0.0322066251443795,5010,-0.0067,3.95422021638404e-05
"DJ30 Tables 13-14","CRM","KO","rho",0.289010987645273,0.0144646648141348,5013,0.289,1.09876452731306e-05
"DJ30 Tables 13-14","CRM","KO","eta",-0.0224667398664331,0.0299534451723304,5013,-0.0225,3.32601335669182e-05
"DJ30 Tables 13-14","CRM","MCD","rho",0.220448734435403,0.0150104197995699,5012,0.2204,4.87344354026809e-05
"DJ30 Tables 13-14","CRM","MCD","eta",-0.00475764437369931,0.0305938886221014,5012,-0.0048,4.23556263006858e-05
"DJ30 Tables 13-14","CRM","MMM","rho",0.272869725915733,0.0145739489556659,5009,0.2729,3.02740842671456e-05
"DJ30 Tables 13-14","CRM","MMM","eta",-0.0147389196624905,0.0305266304497052,5009,-0.0147,3.89196624904567e-05
"DJ30 Tables 13-14","CRM","MRK","rho",0.236696805245057,0.0149021808840721,5011,0.2367,3.19475494306443e-06
"DJ30 Tables 13-14","CRM","MRK","eta",-0.00468272237771091,0.0304010561433981,5011,-0.0047,1.7277622289087e-05
"DJ30 Tables 13-14","CRM","MSFT","rho",0.357116511821132,0.0136508591483015,5012,0.3571,1.65118211318815e-05
"DJ30 Tables 13-14","CRM","MSFT","eta",-0.0150768240740821,0.0305268285892392,5012,-0.0151,2.31759259178878e-05
"DJ30 Tables 13-14","CRM","NIKE","rho",0.26520639134061,0.0146088405771275,5012,0.2652,6.39134061020119e-06
"DJ30 Tables 13-14","CRM","NIKE","eta",0.0327656440233796,0.0308521990055002,5012,0.0328,3.43559766203885e-05
"DJ30 Tables 13-14","CRM","PG","rho",0.248255708711622,0.0148440598034217,5009,0.2485,0.000244291288377996
"DJ30 Tables 13-14","CRM","PG","eta",-0.0113539364663524,0.0300371327666064,5009,-0.0103,0.0010539364663524
"DJ30 Tables 13-14","CRM","SPC","rho",0.232255496404942,0.0151295954149364,4994,0.2323,4.4503595058254e-05
"DJ30 Tables 13-14","CRM","SPC","eta",0.0209055996833258,0.0287886222794677,4994,0.0209,5.59968332576252e-06
"DJ30 Tables 13-14","CRM","UNH","rho",0.196606890654901,0.0152369797194267,4993,0.1966,6.89065490089291e-06
"DJ30 Tables 13-14","CRM","UNH","eta",-0.0150349964657579,0.0303987779326614,4993,-0.015,3.49964657578566e-05
"DJ30 Tables 13-14","CRM","V","rho",0.340428627614853,0.0150484644848013,4188,0.3404,2.86276148528941e-05
"DJ30 Tables 13-14","CRM","V","eta",0.0323888646085753,0.0347444135651602,4188,0.0324,1.11353914247422e-05
"DJ30 Tables 13-14","CRM","WAG","rho",0.192724783669403,0.0152164674153536,4978,0.1928,7.52163305971776e-05
"DJ30 Tables 13-14","CRM","WAG","eta",-0.0019326288314108,0.0311494205696341,4978,-0.0018,0.000132628831410799
"DJ30 Tables 13-14","CRM","WMT","rho",0.236365597588891,0.0149291386720211,4976,0.2364,3.44024111085528e-05
"DJ30 Tables 13-14","CRM","WMT","eta",0.00496606309506825,0.0307945961193222,4976,0.005,3.39369049317528e-05
"DJ30 Tables 13-14","CRM","XOM","rho",0.310835622911049,0.0141726471294411,4971,0.3108,3.5622911049249e-05
"DJ30 Tables 13-14","CRM","XOM","eta",0.00681749543368533,0.0313906430146424,4971,0.0068,1.74954336853326e-05
"DJ30 Tables 13-14","CSCO","DIS","rho",0.387571674439491,0.013258897544997,5012,0.3876,2.83255605088018e-05
"DJ30 Tables 13-14","CSCO","DIS","eta",-0.0419968450491499,0.0305990851468294,5012,-0.042,3.15495085005668e-06
"DJ30 Tables 13-14","CSCO","GS","rho",0.459538897778948,0.0121541853308488,5013,0.4594,0.000138897778948155
"DJ30 Tables 13-14","CSCO","GS","eta",-0.0202467056536771,0.0317285001603649,5013,-0.0201,0.000146705653677123
"DJ30 Tables 13-14","CSCO","HD","rho",0.417031215336759,0.0128415420554417,5016,0.417,3.12153367587054e-05
"DJ30 Tables 13-14","CSCO","HD","eta",-0.0468624705351366,0.03076100982399,5016,-0.0469,3.752946486342e-05
"DJ30 Tables 13-14","CSCO","IBM","rho",0.439066466362153,0.0125474676193278,5013,0.4391,3.35336378465834e-05
"DJ30 Tables 13-14","CSCO","IBM","eta",-0.0500829480497638,0.0304841471047901,5013,-0.0501,1.70519502361716e-05
"DJ30 Tables 13-14","CSCO","INTC","rho",0.469647032872536,0.0120860636176579,5016,0.4696,4.70328725356017e-05
"DJ30 Tables 13-14","CSCO","INTC","eta",0.040554693330965,0.0303302343311484,5016,0.0406,4.53066690349682e-05
"DJ30 Tables 13-14","CSCO","JNJ","rho",0.366307352153508,0.0136406020505577,5014,0.3663,7.35215350827767e-06
"DJ30 Tables 13-14","CSCO","JNJ","eta",-0.0187689397901032,0.0290470289522639,5014,-0.0188,3.10602098967765e-05
"DJ30 Tables 13-14","CSCO","JPM","rho",0.490407279294153,0.0117000675525415,5013,0.4904,7.27929415261785e-06
"DJ30 Tables 13-14","CSCO","JPM","eta",-0.000390318974587726,0.0311757382505893,5013,-4e-04,9.68102541227389e-06
"DJ30 Tables 13-14","CSCO","KO","rho",0.403471656345943,0.0130854459277201,5015,0.4035,2.83436540566284e-05
"DJ30 Tables 13-14","CSCO","KO","eta",-0.0044346442192899,0.0299779999198652,5015,-0.0044,3.46442192899043e-05
"DJ30 Tables 13-14","CSCO","MCD","rho",0.331736350301688,0.0139065966873235,5015,0.3317,3.63503016883038e-05
"DJ30 Tables 13-14","CSCO","MCD","eta",0.048421977613478,0.0309643091687739,5015,0.0484,2.19776134779831e-05
"DJ30 Tables 13-14","CSCO","MMM","rho",0.389029102767471,0.0132389738851139,5012,0.389,2.91027674708677e-05
"DJ30 Tables 13-14","CSCO","MMM","eta",-0.082571908467638,0.0306053636223399,5012,-0.0826,2.80915323620096e-05
"DJ30 Tables 13-14","CSCO","MRK","rho",0.303423037369366,0.0141904040121183,5015,0.3034,2.30373693662633e-05
"DJ30 Tables 13-14","CSCO","MRK","eta",-0.0108169641216424,0.0312369841133877,5015,-0.0108,1.69641216424144e-05
"DJ30 Tables 13-14","CSCO","MSFT","rho",0.535664172634506,0.0110620294451826,5015,0.5357,3.58273654937902e-05
"DJ30 Tables 13-14","CSCO","MSFT","eta",-0.00576799561126178,0.0289530467271401,5015,-0.0058,3.20043887382174e-05
"DJ30 Tables 13-14","CSCO","NIKE","rho",0.330761298665808,0.0138635672083322,5016,0.3308,3.87013341917597e-05
"DJ30 Tables 13-14","CSCO","NIKE","eta",0.0304079156499477,0.0316762479280195,5016,0.0304,7.91564994767277e-06
"DJ30 Tables 13-14","CSCO","PG","rho",0.374898731850231,0.0134647503454155,5012,0.3753,0.000401268149768541
"DJ30 Tables 13-14","CSCO","PG","eta",-0.00981142137456856,0.0300272128003239,5012,-0.0089,0.000911421374568561
"DJ30 Tables 13-14","CSCO","SPC","rho",0.328302818774346,0.0141244401642042,4996,0.3283,2.81877434593625e-06
"DJ30 Tables 13-14","CSCO","SPC","eta",-0.0279325234836811,0.0290375015834867,4996,-0.0279,3.25234836811364e-05
"DJ30 Tables 13-14","CSCO","UNH","rho",0.28198917912806,0.0144500652334048,4996,0.282,1.08208719403757e-05
"DJ30 Tables 13-14","CSCO","UNH","eta",0.0285731479315417,0.0310577659238284,4996,0.0286,2.68520684583405e-05
"DJ30 Tables 13-14","CSCO","V","rho",0.384650766021889,0.014444810016811,4191,0.3847,4.92339781105744e-05
"DJ30 Tables 13-14","CSCO","V","eta",-0.0452925597489969,0.0348191742425437,4191,-0.0453,7.44025100313933e-06
"DJ30 Tables 13-14","CSCO","WAG","rho",0.302427778603312,0.0142257028711248,4981,0.3025,7.22213966875551e-05
"DJ30 Tables 13-14","CSCO","WAG","eta",-0.0224817965631894,0.0316773337661823,4981,-0.0224,8.17965631894485e-05
"DJ30 Tables 13-14","CSCO","WMT","rho",0.398126819261795,0.0131797828007705,4979,0.3981,2.68192617945973e-05
"DJ30 Tables 13-14","CSCO","WMT","eta",0.00797008508049963,0.0304632263616753,4979,0.008,2.99149195003741e-05
"DJ30 Tables 13-14","CSCO","XOM","rho",0.457447170523942,0.0122957531864407,4973,0.4574,4.71705239418196e-05
"DJ30 Tables 13-14","CSCO","XOM","eta",-0.0165982086506179,0.0309568109504085,4973,-0.0166,1.79134938209369e-06
"DJ30 Tables 13-14","DIS","GS","rho",0.377412130387206,0.0132999025132599,5010,0.3772,0.000212130387206133
"DJ30 Tables 13-14","DIS","GS","eta",0.0659028568135285,0.0317149703902196,5010,0.066,9.71431864714711e-05
"DJ30 Tables 13-14","DIS","HD","rho",0.367983173343409,0.0135418015027498,5013,0.368,1.68266565907516e-05
"DJ30 Tables 13-14","DIS","HD","eta",-0.0310966581343682,0.0302506652318319,5013,-0.0311,3.34186563176117e-06
"DJ30 Tables 13-14","DIS","IBM","rho",0.364065529154217,0.0135874741151832,5010,0.3641,3.44708457832299e-05
"DJ30 Tables 13-14","DIS","IBM","eta",-0.00445764084706113,0.0303473668243391,5010,-0.0045,4.23591529388721e-05
"DJ30 Tables 13-14","DIS","INTC","rho",0.348740464219941,0.0137241872465832,5012,0.3487,4.04642199406391e-05
"DJ30 Tables 13-14","DIS","INTC","eta",0.0692281518088336,0.0308922484550477,5012,0.0692,2.81518088336014e-05
"DJ30 Tables 13-14","DIS","JNJ","rho",0.331403247945916,0.0141438097042881,5011,0.3314,3.24794591621824e-06
"DJ30 Tables 13-14","DIS","JNJ","eta",-0.00420277668485543,0.0285117640686364,5011,-0.0042,2.77668485543139e-06
"DJ30 Tables 13-14","DIS","JPM","rho",0.416305767357202,0.012820456047327,5010,0.4163,5.76735720214661e-06
"DJ30 Tables 13-14","DIS","JPM","eta",0.0283862904187828,0.0311389340461687,5010,0.0284,1.37095812172243e-05
"DJ30 Tables 13-14","DIS","KO","rho",0.373435319754471,0.0135636442431385,5012,0.3734,3.53197544711303e-05
"DJ30 Tables 13-14","DIS","KO","eta",0.0483820816678557,0.0292356356799852,5012,0.0484,1.79183321442761e-05
"DJ30 Tables 13-14","DIS","MCD","rho",0.321221418123143,0.014119142575778,5012,0.3212,2.14181231433797e-05
"DJ30 Tables 13-14","DIS","MCD","eta",0.03237213952241,0.0300210974417305,5012,0.0324,2.78604775899999e-05
"DJ30 Tables 13-14","DIS","MMM","rho",0.360516662720806,0.0136786790468969,5009,0.3605,1.6662720805527e-05
"DJ30 Tables 13-14","DIS","MMM","eta",0.0457628413738274,0.0298349521929473,5009,0.0458,3.71586261725884e-05
"DJ30 Tables 13-14","DIS","MRK","rho",0.289294494498521,0.0144396148460932,5011,0.2893,5.50550147926376e-06
"DJ30 Tables 13-14","DIS","MRK","eta",0.0284167666166367,0.0302164672426472,5011,0.0284,1.67666166367465e-05
"DJ30 Tables 13-14","DIS","MSFT","rho",0.430397882885703,0.0127293733574418,5012,0.4304,2.11711429659589e-06
"DJ30 Tables 13-14","DIS","MSFT","eta",0.0124848398309184,0.0297591423630224,5012,0.0125,1.51601690815649e-05
"DJ30 Tables 13-14","DIS","NIKE","rho",0.302181984611954,0.0142559554872422,5013,0.3022,1.8015388045689e-05
"DJ30 Tables 13-14","DIS","NIKE","eta",0.0378128135760508,0.0307525478268377,5013,0.0378,1.28135760507908e-05
"DJ30 Tables 13-14","DIS","PG","rho",0.344081340228661,0.0139174783620355,5009,0.3441,1.86597713389691e-05
"DJ30 Tables 13-14","DIS","PG","eta",0.0326158887924676,0.0293997741639771,5009,0.0336,0.000984111207532404
"DJ30 Tables 13-14","DIS","SPC","rho",0.299654956174224,0.0145316312895321,4993,0.2997,4.5043825775748e-05
"DJ30 Tables 13-14","DIS","SPC","eta",0.00812095393043474,0.0284351006431792,4993,0.0081,2.09539304347438e-05
"DJ30 Tables 13-14","DIS","UNH","rho",0.247586873992087,0.0148535076035648,4994,0.2476,1.31260079131446e-05
"DJ30 Tables 13-14","DIS","UNH","eta",0.0491554392230449,0.0302554857405731,4994,0.0492,4.45607769551451e-05
"DJ30 Tables 13-14","DIS","V","rho",0.355175893702987,0.0149505639573723,4188,0.3552,2.41062970126604e-05
"DJ30 Tables 13-14","DIS","V","eta",0.0549113893077384,0.0335182828769951,4188,0.0549,1.13893077383978e-05
"DJ30 Tables 13-14","DIS","WAG","rho",0.262182762317795,0.0146844055081256,4978,0.2624,0.000217237682204996
"DJ30 Tables 13-14","DIS","WAG","eta",0.0371504645540119,0.0309901737801573,4978,0.037,0.000150464554011874
"DJ30 Tables 13-14","DIS","WMT","rho",0.301806644794168,0.0143475978424284,4976,0.3018,6.64479416800923e-06
"DJ30 Tables 13-14","DIS","WMT","eta",0.0481010299267116,0.0304827893815419,4976,0.0481,1.02992671156821e-06
"DJ30 Tables 13-14","DIS","XOM","rho",0.408808915824269,0.0130436295804099,4970,0.4088,8.91582426854054e-06
"DJ30 Tables 13-14","DIS","XOM","eta",0.0530256543691988,0.0304884389746314,4970,0.053,2.56543691988173e-05
"DJ30 Tables 13-14","GS","HD","rho",0.451171854569501,0.0123118405114002,5015,0.4511,7.18545695013173e-05
"DJ30 Tables 13-14","GS","HD","eta",-0.0210417377068863,0.0311190307568765,5015,-0.0214,0.000358262293113663
"DJ30 Tables 13-14","GS","IBM","rho",0.421701941177285,0.0127029213176339,5012,0.4216,0.000101941177285125
"DJ30 Tables 13-14","GS","IBM","eta",-0.0309582700953754,0.031808260588298,5012,-0.0312,0.0002417299046246
"DJ30 Tables 13-14","GS","INTC","rho",0.403471349222663,0.0129061633016803,5014,0.4033,0.000171349222663431
"DJ30 Tables 13-14","GS","INTC","eta",0.00911512347008465,0.0325531110617824,5014,0.009,0.000115123470084653
"DJ30 Tables 13-14","GS","JNJ","rho",0.410470972043923,0.0130050757866922,5012,0.4104,7.09720439228678e-05
"DJ30 Tables 13-14","GS","JNJ","eta",-0.0404194925990829,0.0293197820991792,5012,-0.0409,0.000480507400917117
"DJ30 Tables 13-14","GS","JPM","rho",0.639382086692203,0.00905653487027421,5012,0.6394,1.79133077968796e-05
"DJ30 Tables 13-14","GS","JPM","eta",-0.0381032237672224,0.0285891215174561,5012,-0.0385,0.000396776232777625
"DJ30 Tables 13-14","GS","KO","rho",0.42095367041905,0.0127794191965911,5014,0.4209,5.36704190504111e-05
"DJ30 Tables 13-14","GS","KO","eta",-0.0341637443728756,0.0306254740181425,5014,-0.0349,0.000736255627124351
"DJ30 Tables 13-14","GS","MCD","rho",0.334573758813907,0.0137895712912778,5014,0.3343,0.000273758813907288
"DJ30 Tables 13-14","GS","MCD","eta",0.0186721578422659,0.031907265747637,5014,0.0187,2.78421577341176e-05
"DJ30 Tables 13-14","GS","MMM","rho",0.407861987998799,0.012923355269631,5011,0.4077,0.000161987998798518
"DJ30 Tables 13-14","GS","MMM","eta",-0.0226251262727476,0.0313086136425923,5011,-0.0226,2.51262727475714e-05
"DJ30 Tables 13-14","GS","MRK","rho",0.288005533386633,0.0142431815989116,5013,0.2878,0.000205533386632928
"DJ30 Tables 13-14","GS","MRK","eta",-0.0255847965463149,0.0323880069947911,5013,-0.0259,0.000315203453685062
"DJ30 Tables 13-14","GS","MSFT","rho",0.483652619216564,0.0118114814209047,5014,0.4836,5.26192165643535e-05
"DJ30 Tables 13-14","GS","MSFT","eta",-0.0431818281743662,0.031102809866526,5014,-0.0434,0.000218171825633794
"DJ30 Tables 13-14","GS","NIKE","rho",0.338310070735349,0.0137051956888611,5014,0.3382,0.000110070735348855
"DJ30 Tables 13-14","GS","NIKE","eta",0.0349534720106494,0.0325930378046054,5014,0.0348,0.000153472010649448
"DJ30 Tables 13-14","GS","PG","rho",0.367382239843871,0.0134592320566146,5012,0.3678,0.000417760156128988
"DJ30 Tables 13-14","GS","PG","eta",-0.0260733182708057,0.0310869465480673,5012,-0.0258,0.000273318270805734
"DJ30 Tables 13-14","GS","SPC","rho",0.398525727522157,0.0132133369660952,4995,0.3986,7.42724778431958e-05
"DJ30 Tables 13-14","GS","SPC","eta",0.0240667078712658,0.0290022323359627,4995,0.0236,0.00046670787126582
"DJ30 Tables 13-14","GS","UNH","rho",0.319250927426876,0.014001850926154,4995,0.3194,0.000149072573123854
"DJ30 Tables 13-14","GS","UNH","eta",0.0442669861228364,0.0316708881260345,4995,0.0437,0.000566986122836413
"DJ30 Tables 13-14","GS","V","rho",0.405292557209182,0.0140941060387477,4190,0.4052,9.25572091817761e-05
"DJ30 Tables 13-14","GS","V","eta",-0.00989546978705981,0.0355515122055902,4190,-0.0099,4.5302129401889e-06
"DJ30 Tables 13-14","GS","WAG","rho",0.290118641247058,0.0142541261761676,4981,0.2901,1.86412470578046e-05
"DJ30 Tables 13-14","GS","WAG","eta",-0.0112239719999978,0.0327765801013344,4981,-0.0114,0.000176028000002182
"DJ30 Tables 13-14","GS","WMT","rho",0.355051817991676,0.0136085348400177,4978,0.355,5.18179916760286e-05
"DJ30 Tables 13-14","GS","WMT","eta",-0.00901482618247184,0.0319657535028725,4978,-0.0093,0.000285173817528158
"DJ30 Tables 13-14","GS","XOM","rho",0.481449020117016,0.0118770012944043,4972,0.4812,0.000249020117016385
"DJ30 Tables 13-14","GS","XOM","eta",-0.0251790451179943,0.0315983500687631,4972,-0.0254,0.000220954882005679
"DJ30 Tables 13-14","HD","IBM","rho",0.386283667148693,0.0132731636614509,5015,0.3863,1.63328513071437e-05
"DJ30 Tables 13-14","HD","IBM","eta",-0.0268740422987355,0.0306299397986495,5015,-0.0269,2.59577012645396e-05
"DJ30 Tables 13-14","HD","INTC","rho",0.386336693857438,0.0132378428644074,5017,0.3863,3.6693857437764e-05
"DJ30 Tables 13-14","HD","INTC","eta",0.0711303491465415,0.031030066648477,5017,0.0711,3.03491465414862e-05
"DJ30 Tables 13-14","HD","JNJ","rho",0.378413480929477,0.0135546306470611,5015,0.3784,1.34809294771721e-05
"DJ30 Tables 13-14","HD","JNJ","eta",0.0097792769580071,0.0284099993289866,5015,0.0098,2.07230419929007e-05
"DJ30 Tables 13-14","HD","JPM","rho",0.502037674347034,0.0115605865364669,5015,0.502,3.76743470342777e-05
"DJ30 Tables 13-14","HD","JPM","eta",0.0389684898270599,0.0301789846608215,5015,0.039,3.15101729400635e-05
"DJ30 Tables 13-14","HD","KO","rho",0.406912742521119,0.0130971782612533,5017,0.4069,1.27425211185472e-05
"DJ30 Tables 13-14","HD","KO","eta",0.0286394364916929,0.0292916936122496,5017,0.0286,3.94364916929194e-05
"DJ30 Tables 13-14","HD","MCD","rho",0.358293180367601,0.0136726058353538,5017,0.3583,6.81963239862471e-06
"DJ30 Tables 13-14","HD","MCD","eta",0.0391085756519015,0.0300410686330753,5017,0.0391,8.57565190152954e-06
"DJ30 Tables 13-14","HD","MMM","rho",0.381437917891418,0.0133814772097143,5014,0.3814,3.79178914180489e-05
"DJ30 Tables 13-14","HD","MMM","eta",-0.00302932872591836,0.0300840537580296,5014,-0.003,2.93287259183614e-05
"DJ30 Tables 13-14","HD","MRK","rho",0.311938501738073,0.0141669050713543,5016,0.3119,3.85017380730712e-05
"DJ30 Tables 13-14","HD","MRK","eta",0.0142487565191157,0.0305096324786834,5016,0.0142,4.87565191156555e-05
"DJ30 Tables 13-14","HD","MSFT","rho",0.444783653382818,0.0124865634992541,5017,0.4448,1.63466171818616e-05
"DJ30 Tables 13-14","HD","MSFT","eta",0.0519698209389141,0.0300696275760771,5017,0.052,3.01790610859401e-05
"DJ30 Tables 13-14","HD","NIKE","rho",0.376633623229567,0.013410406644242,5017,0.3766,3.36232295666261e-05
"DJ30 Tables 13-14","HD","NIKE","eta",0.0664757361761948,0.0304409395865264,5017,0.0665,2.42638238052151e-05
"DJ30 Tables 13-14","HD","PG","rho",0.38084400002282,0.0134486018438724,5014,0.3811,0.00025599997718051
"DJ30 Tables 13-14","HD","PG","eta",0.04850630229135,0.029358885458397,5014,0.0497,0.00119369770865003
"DJ30 Tables 13-14","HD","SPC","rho",0.353026483939817,0.0139167177294527,4998,0.353,2.64839398170791e-05
"DJ30 Tables 13-14","HD","SPC","eta",0.0204383280394975,0.0282691277849985,4998,0.0204,3.8328039497465e-05
"DJ30 Tables 13-14","HD","UNH","rho",0.293939792190085,0.0144013997066429,4998,0.2939,3.97921900854858e-05
"DJ30 Tables 13-14","HD","UNH","eta",0.0216015821693218,0.0303183641368248,4998,0.0216,1.58216932178573e-06
"DJ30 Tables 13-14","HD","V","rho",0.395978139130329,0.014323687971184,4193,0.396,2.18608696713751e-05
"DJ30 Tables 13-14","HD","V","eta",0.078234593574672,0.0341839842474139,4193,0.0782,3.45935746719622e-05
"DJ30 Tables 13-14","HD","WAG","rho",0.321049408420147,0.0140982935727287,4983,0.3213,0.000250591579852799
"DJ30 Tables 13-14","HD","WAG","eta",-0.0191391246824294,0.0308185953888007,4983,-0.0193,0.000160875317570634
"DJ30 Tables 13-14","HD","WMT","rho",0.426906869189139,0.0128615901354406,4981,0.4269,6.86918913878065e-06
"DJ30 Tables 13-14","HD","WMT","eta",0.0131305387680043,0.0293664984482019,4981,0.0131,3.05387680042939e-05
"DJ30 Tables 13-14","HD","XOM","rho",0.44260063580623,0.0125553100198576,4975,0.4426,6.35806229942748e-07
"DJ30 Tables 13-14","HD","XOM","eta",0.0243066692706754,0.0303980215140523,4975,0.0243,6.66927067543774e-06
"DJ30 Tables 13-14","IBM","INTC","rho",0.405868450804986,0.012990393335532,5014,0.4059,3.15491950135249e-05
"DJ30 Tables 13-14","IBM","INTC","eta",0.0631598553102,0.0308994386427031,5014,0.0632,4.01446897999591e-05
"DJ30 Tables 13-14","IBM","JNJ","rho",0.341644822276709,0.013967745846899,5012,0.3416,4.48222767090445e-05
"DJ30 Tables 13-14","IBM","JNJ","eta",-0.0247531608373396,0.0289461810467052,5012,-0.0248,4.68391626603885e-05
"DJ30 Tables 13-14","IBM","JPM","rho",0.425904362677192,0.0126497310260752,5012,0.4259,4.36267719194916e-06
"DJ30 Tables 13-14","IBM","JPM","eta",0.0530810329847226,0.0317094925318334,5012,0.0531,1.89670152774407e-05
"DJ30 Tables 13-14","IBM","KO","rho",0.385374380854136,0.0133628964861228,5014,0.3854,2.56191458641863e-05
"DJ30 Tables 13-14","IBM","KO","eta",0.0112720880597415,0.0296599654953974,5014,0.0113,2.79119402584738e-05
"DJ30 Tables 13-14","IBM","MCD","rho",0.323055505073959,0.0140473860167288,5014,0.3231,4.44949260410277e-05
"DJ30 Tables 13-14","IBM","MCD","eta",0.00228831669554264,0.0305260421842433,5014,0.0023,1.16833044573644e-05
"DJ30 Tables 13-14","IBM","MMM","rho",0.37828963802701,0.0134150339824493,5012,0.3783,1.03619729903137e-05
"DJ30 Tables 13-14","IBM","MMM","eta",0.0111334945453261,0.0302073345190227,5012,0.0111,3.34945453261161e-05
"DJ30 Tables 13-14","IBM","MRK","rho",0.298251774762436,0.014294296229771,5013,0.2983,4.82252375635928e-05
"DJ30 Tables 13-14","IBM","MRK","eta",0.027568169708993,0.0307436423875918,5013,0.0276,3.1830291006972e-05
"DJ30 Tables 13-14","IBM","MSFT","rho",0.445058548790103,0.0124790287059885,5014,0.4451,4.14512098969588e-05
"DJ30 Tables 13-14","IBM","MSFT","eta",0.0853800550348549,0.030178034069033,5014,0.0854,1.99449651451244e-05
"DJ30 Tables 13-14","IBM","NIKE","rho",0.327295230175303,0.0139487857534577,5014,0.3273,4.76982469743703e-06
"DJ30 Tables 13-14","IBM","NIKE","eta",0.100076317227914,0.0311624991426808,5014,0.1001,2.3682772086267e-05
"DJ30 Tables 13-14","IBM","PG","rho",0.366524106571004,0.0136117900744249,5011,0.3664,0.000124106571003979
"DJ30 Tables 13-14","IBM","PG","eta",0.045788574166448,0.0296411982809312,5011,0.047,0.001211425833552
"DJ30 Tables 13-14","IBM","SPC","rho",0.323237695417958,0.0142383473301168,4995,0.3232,3.76954179580058e-05
"DJ30 Tables 13-14","IBM","SPC","eta",0.028895597458173,0.0286279105608761,4995,0.0289,4.40254182701785e-06
"DJ30 Tables 13-14","IBM","UNH","rho",0.275627673006363,0.0145635071676203,4995,0.2756,2.76730063625275e-05
"DJ30 Tables 13-14","IBM","UNH","eta",0.0206235908877218,0.030565877115949,4995,0.0206,2.35908877218027e-05
"DJ30 Tables 13-14","IBM","V","rho",0.360152078137195,0.0147746345608923,4190,0.3602,4.7921862805278e-05
"DJ30 Tables 13-14","IBM","V","eta",0.0723762670659926,0.0349363302809905,4190,0.0724,2.37329340073839e-05
"DJ30 Tables 13-14","IBM","WAG","rho",0.293850206664525,0.0143639471186838,4980,0.294,0.000149793335475101
"DJ30 Tables 13-14","IBM","WAG","eta",0.01871028060579,0.0311302036910497,4980,0.0186,0.00011028060579004
"DJ30 Tables 13-14","IBM","WMT","rho",0.340845944768012,0.013898700426583,4978,0.3408,4.59447680123404e-05
"DJ30 Tables 13-14","IBM","WMT","eta",0.0446974048033309,0.0306093824681836,4978,0.0447,2.59519666907099e-06
"DJ30 Tables 13-14","IBM","XOM","rho",0.428082526531969,0.0127465975993215,4972,0.4281,1.74734680308264e-05
"DJ30 Tables 13-14","IBM","XOM","eta",0.0511876146419058,0.03079234464117,4972,0.0512,1.23853580941552e-05
"DJ30 Tables 13-14","INTC","JNJ","rho",0.32273914468213,0.0141345671369669,5014,0.3227,3.91446821298991e-05
"DJ30 Tables 13-14","INTC","JNJ","eta",-0.0739067087022337,0.0293793954959582,5014,-0.0739,6.70870223375142e-06
"DJ30 Tables 13-14","INTC","JPM","rho",0.428927294155807,0.0125788323519126,5014,0.4289,2.72941558069895e-05
"DJ30 Tables 13-14","INTC","JPM","eta",0.0163584144728978,0.0321518736516095,5014,0.0164,4.15855271021885e-05
"DJ30 Tables 13-14","INTC","KO","rho",0.360774434729857,0.0136099781694422,5016,0.3608,2.55652701425801e-05
"DJ30 Tables 13-14","INTC","KO","eta",-0.0110208033306467,0.0303866542180804,5016,-0.011,2.08033306466557e-05
"DJ30 Tables 13-14","INTC","MCD","rho",0.296608047557798,0.014265824195288,5016,0.2966,8.04755779776345e-06
"DJ30 Tables 13-14","INTC","MCD","eta",0.000511318436846582,0.031175589241042,5016,5e-04,1.1318436846582e-05
"DJ30 Tables 13-14","INTC","MMM","rho",0.34064504982912,0.0138015094693732,5013,0.3406,4.50498291200141e-05
"DJ30 Tables 13-14","INTC","MMM","eta",-0.0841311453587461,0.0310839400561302,5013,-0.0841,3.11453587460847e-05
"DJ30 Tables 13-14","INTC","MRK","rho",0.267608791018441,0.0145251939934082,5016,0.2676,8.791018441201e-06
"DJ30 Tables 13-14","INTC","MRK","eta",-0.0514039858113732,0.0314086904064561,5016,-0.0514,3.98581137323745e-06
"DJ30 Tables 13-14","INTC","MSFT","rho",0.510177664506181,0.01148131208434,5016,0.5102,2.23354938188036e-05
"DJ30 Tables 13-14","INTC","MSFT","eta",-0.00515959114009832,0.0293837178231986,5016,-0.0052,4.04088599016807e-05
"DJ30 Tables 13-14","INTC","NIKE","rho",0.321241033554635,0.013977120193398,5016,0.3212,4.10335546354168e-05
"DJ30 Tables 13-14","INTC","NIKE","eta",0.0106502834454619,0.0315839270250414,5016,0.0107,4.971655453807e-05
"DJ30 Tables 13-14","INTC","PG","rho",0.362346016624043,0.0136201534406482,5013,0.3623,4.60166240432436e-05
"DJ30 Tables 13-14","INTC","PG","eta",-0.0289829950599402,0.0300662161450415,5013,-0.0281,0.000882995059940193
"DJ30 Tables 13-14","INTC","SPC","rho",0.296084678253871,0.0144482331558087,4997,0.2961,1.53217461286159e-05
"DJ30 Tables 13-14","INTC","SPC","eta",-0.0167893495849422,0.029315266254363,4997,-0.0168,1.06504150577842e-05
"DJ30 Tables 13-14","INTC","UNH","rho",0.249514110935423,0.0147276256483047,4997,0.2495,1.41109354234448e-05
"DJ30 Tables 13-14","INTC","UNH","eta",-0.0161751799905751,0.0312677949901051,4997,-0.0162,2.48200094249106e-05
"DJ30 Tables 13-14","INTC","V","rho",0.340516086396625,0.0149898747615749,4192,0.3405,1.60863966250924e-05
"DJ30 Tables 13-14","INTC","V","eta",-0.0977153897459518,0.0354035207065895,4192,-0.0977,1.53897459518465e-05
"DJ30 Tables 13-14","INTC","WAG","rho",0.264265215545369,0.014568782396575,4982,0.2643,3.47844546312315e-05
"DJ30 Tables 13-14","INTC","WAG","eta",-0.0281337899969388,0.0319833769006148,4982,-0.0281,3.37899969387601e-05
"DJ30 Tables 13-14","INTC","WMT","rho",0.324397782726379,0.0140206947903552,4980,0.3244,2.21727362131885e-06
"DJ30 Tables 13-14","INTC","WMT","eta",-0.0521392986975754,0.0313221240462929,4980,-0.0521,3.92986975754211e-05
"DJ30 Tables 13-14","INTC","XOM","rho",0.449407782920849,0.0124157759355463,4974,0.4494,7.78292084907539e-06
"DJ30 Tables 13-14","INTC","XOM","eta",-0.0216849553385961,0.0309767461600835,4974,-0.0217,1.50446614038922e-05
"DJ30 Tables 13-14","JNJ","JPM","rho",0.437835748977524,0.0126421861383894,5012,0.4378,3.57489775241748e-05
"DJ30 Tables 13-14","JNJ","JPM","eta",0.069583686573032,0.0288832981896131,5012,0.0696,1.63134269680065e-05
"DJ30 Tables 13-14","JNJ","KO","rho",0.395124848998255,0.0134397086154965,5014,0.3951,2.4848998255389e-05
"DJ30 Tables 13-14","JNJ","KO","eta",0.0292048819039167,0.0274476298487815,5014,0.0292,4.88190391670015e-06
"DJ30 Tables 13-14","JNJ","MCD","rho",0.294797876920162,0.0145367026693664,5014,0.2948,2.123079837546e-06
"DJ30 Tables 13-14","JNJ","MCD","eta",-0.0134822091424577,0.0285995253554364,5014,-0.0135,1.77908575423238e-05
"DJ30 Tables 13-14","JNJ","MMM","rho",0.378737795100013,0.0136042972460072,5011,0.3787,3.7795100013116e-05
"DJ30 Tables 13-14","JNJ","MMM","eta",-0.042522167666199,0.0280115895596774,5011,-0.0425,2.21676661989953e-05
"DJ30 Tables 13-14","JNJ","MRK","rho",0.345566019386614,0.0140222502912036,5013,0.3456,3.39806133864973e-05
"DJ30 Tables 13-14","JNJ","MRK","eta",-0.0496718442389631,0.0280747814079168,5013,-0.0497,2.81557610369437e-05
"DJ30 Tables 13-14","JNJ","MSFT","rho",0.384133376076987,0.0134476143258821,5014,0.3841,3.33760769871128e-05
"DJ30 Tables 13-14","JNJ","MSFT","eta",0.0204572954894811,0.0286756083976959,5014,0.0205,4.2704510518906e-05
"DJ30 Tables 13-14","JNJ","NIKE","rho",0.28980055743131,0.0145158182355063,5015,0.2898,5.57431310499457e-07
"DJ30 Tables 13-14","JNJ","NIKE","eta",0.0370515613560955,0.0291840651227156,5015,0.0371,4.84386439045387e-05
"DJ30 Tables 13-14","JNJ","PG","rho",0.349630775779373,0.0140120546334396,5011,0.3498,0.000169224220626873
"DJ30 Tables 13-14","JNJ","PG","eta",0.05519160636494,0.0277629745335756,5011,0.0561,0.000908393635060019
"DJ30 Tables 13-14","JNJ","SPC","rho",0.328899864725652,0.014416570384914,4995,0.3289,1.35274348334047e-07
"DJ30 Tables 13-14","JNJ","SPC","eta",0.0545829419295746,0.0267557720883609,4995,0.0546,1.70580704253673e-05
"DJ30 Tables 13-14","JNJ","UNH","rho",0.295062197476428,0.0146109713587897,4995,0.2951,3.78025235723833e-05
"DJ30 Tables 13-14","JNJ","UNH","eta",0.0440992846041329,0.0282383826654144,4995,0.0441,7.1539586711522e-07
"DJ30 Tables 13-14","JNJ","V","rho",0.338953609796825,0.0152856742141474,4190,0.339,4.63902031750396e-05
"DJ30 Tables 13-14","JNJ","V","eta",-0.0121590437560674,0.0318294451481843,4190,-0.0122,4.0956243932579e-05
"DJ30 Tables 13-14","JNJ","WAG","rho",0.239561692029007,0.0150329130285681,4980,0.2396,3.83079709934953e-05
"DJ30 Tables 13-14","JNJ","WAG","eta",0.0212517996359337,0.0293363944802865,4980,0.0213,4.8200364066258e-05
"DJ30 Tables 13-14","JNJ","WMT","rho",0.330268589527154,0.0142170564164703,4978,0.3303,3.1410472845883e-05
"DJ30 Tables 13-14","JNJ","WMT","eta",-0.00496611812591945,0.0284732804439563,4978,-0.005,3.38818740805505e-05
"DJ30 Tables 13-14","JNJ","XOM","rho",0.397440026101221,0.01331474378005,4972,0.3974,4.00261012210024e-05
"DJ30 Tables 13-14","JNJ","XOM","eta",0.0217080894282665,0.0287788058726284,4972,0.0217,8.08942826648756e-06
"DJ30 Tables 13-14","JPM","KO","rho",0.458576945383989,0.0122660679038025,5014,0.4586,2.30546160113754e-05
"DJ30 Tables 13-14","JPM","KO","eta",0.0155079920602899,0.0299824739373862,5014,0.0155,7.99206028988426e-06
"DJ30 Tables 13-14","JPM","MCD","rho",0.383369484173615,0.0132438185859926,5014,0.3834,3.05158263846361e-05
"DJ30 Tables 13-14","JPM","MCD","eta",0.050403732307297,0.0312864904938262,5014,0.0504,3.73230729699275e-06
"DJ30 Tables 13-14","JPM","MMM","rho",0.422765888803668,0.0127293707647223,5012,0.4228,3.4111196331843e-05
"DJ30 Tables 13-14","JPM","MMM","eta",0.0011372462362116,0.0310924977732357,5012,0.0011,3.72462362115964e-05
"DJ30 Tables 13-14","JPM","MRK","rho",0.343669481907256,0.0137010277017823,5013,0.3437,3.05180927439586e-05
"DJ30 Tables 13-14","JPM","MRK","eta",-0.0171982967853328,0.0316939425406812,5013,-0.0172,1.70321466716819e-06
"DJ30 Tables 13-14","JPM","MSFT","rho",0.503136518009362,0.0115131919088683,5014,0.5031,3.65180093621076e-05
"DJ30 Tables 13-14","JPM","MSFT","eta",0.0108040505545613,0.0307419915322967,5014,0.0108,4.05055456132418e-06
"DJ30 Tables 13-14","JPM","NIKE","rho",0.372884475030627,0.0133220447348815,5014,0.3729,1.55249693734039e-05
"DJ30 Tables 13-14","JPM","NIKE","eta",0.0605453505201303,0.0321746089782302,5014,0.0605,4.53505201303481e-05
"DJ30 Tables 13-14","JPM","PG","rho",0.421846914756347,0.0127908651098862,5011,0.4223,0.000453085243653506
"DJ30 Tables 13-14","JPM","PG","eta",0.0190025010704972,0.0302980932614459,5011,0.0199,0.000897498929502784
"DJ30 Tables 13-14","JPM","SPC","rho",0.417356351923656,0.0129806370355104,4996,0.4174,4.36480763437164e-05
"DJ30 Tables 13-14","JPM","SPC","eta",0.00184608263951066,0.0286515295170577,4996,0.0018,4.60826395106628e-05
"DJ30 Tables 13-14","JPM","UNH","rho",0.295538262080194,0.0142416793605995,4995,0.2955,3.82620801938072e-05
"DJ30 Tables 13-14","JPM","UNH","eta",0.0561721409475249,0.0317966684528454,4995,0.0562,2.78590524750849e-05
"DJ30 Tables 13-14","JPM","V","rho",0.459376749380647,0.013299248279978,4191,0.4594,2.325061935321e-05
"DJ30 Tables 13-14","JPM","V","eta",0.0244106223815794,0.0345942758688599,4191,0.0244,1.06223815793567e-05
"DJ30 Tables 13-14","JPM","WAG","rho",0.327301391835772,0.0139006431650543,4981,0.3272,0.000101391835771514
"DJ30 Tables 13-14","JPM","WAG","eta",0.0144203613721258,0.0323150606334254,4981,0.0144,2.0361372125844e-05
"DJ30 Tables 13-14","JPM","WMT","rho",0.392837618045431,0.013173468793842,4978,0.3928,3.76180454308983e-05
"DJ30 Tables 13-14","JPM","WMT","eta",-0.0178333758539423,0.0313852020250647,4978,-0.0178,3.33758539422975e-05
"DJ30 Tables 13-14","JPM","XOM","rho",0.505110966318997,0.0115235884626271,4972,0.5051,1.09663189973297e-05
"DJ30 Tables 13-14","JPM","XOM","eta",0.00306230568756675,0.0309921224430561,4972,0.0031,3.76943124332464e-05
"DJ30 Tables 13-14","KO","MCD","rho",0.340665282996816,0.0139516270864183,5016,0.3407,3.47170031837485e-05
"DJ30 Tables 13-14","KO","MCD","eta",0.000419767626120058,0.0293614636931249,5016,4e-04,1.97676261200584e-05
"DJ30 Tables 13-14","KO","MMM","rho",0.394602617587069,0.0133016237314358,5013,0.3946,2.61758706887605e-06
"DJ30 Tables 13-14","KO","MMM","eta",-0.0524401726020977,0.0290024531114913,5013,-0.0524,4.01726020976614e-05
"DJ30 Tables 13-14","KO","MRK","rho",0.322639277796736,0.0141450173499755,5015,0.3226,3.92777967356817e-05
"DJ30 Tables 13-14","KO","MRK","eta",-0.00803993261922912,0.0295288082860754,5015,-0.008,3.9932619229124e-05
"DJ30 Tables 13-14","KO","MSFT","rho",0.435875784013668,0.0126789940396822,5016,0.4359,2.42159863319547e-05
"DJ30 Tables 13-14","KO","MSFT","eta",0.0312933133750512,0.0292567276808196,5016,0.0313,6.68662494882066e-06
"DJ30 Tables 13-14","KO","NIKE","rho",0.325203009273542,0.0140569543683662,5016,0.3252,3.00927354207614e-06
"DJ30 Tables 13-14","KO","NIKE","eta",0.0172659294700399,0.0301258502415258,5016,0.0173,3.40705299601389e-05
"DJ30 Tables 13-14","KO","PG","rho",0.438518596733581,0.0127802096367107,5013,0.4387,0.000181403266419244
"DJ30 Tables 13-14","KO","PG","eta",0.00601170653745976,0.0277697663776232,5013,0.0066,0.000588293462540242
"DJ30 Tables 13-14","KO","SPC","rho",0.363471192295412,0.0138912487968984,4997,0.3635,2.8807704587519e-05
"DJ30 Tables 13-14","KO","SPC","eta",0.0251202652850393,0.0274334980551379,4997,0.0251,2.02652850393344e-05
"DJ30 Tables 13-14","KO","UNH","rho",0.3189981655822,0.0142498164801189,4997,0.319,1.83441779982862e-06
"DJ30 Tables 13-14","KO","UNH","eta",0.0409208828552638,0.0291899268118059,4997,0.0409,2.08828552637763e-05
"DJ30 Tables 13-14","KO","V","rho",0.339397498627346,0.0151383237539273,4192,0.3394,2.5013726542289e-06
"DJ30 Tables 13-14","KO","V","eta",-0.0115913589315099,0.0336164080904594,4192,-0.0116,8.64106849012697e-06
"DJ30 Tables 13-14","KO","WAG","rho",0.2837712997322,0.0145326393640434,4982,0.2841,0.00032870026780002
"DJ30 Tables 13-14","KO","WAG","eta",0.0253319408573593,0.0303444372757337,4982,0.0254,6.80591426407001e-05
"DJ30 Tables 13-14","KO","WMT","rho",0.379785626422722,0.0135359544821937,4980,0.3798,1.43735772785147e-05
"DJ30 Tables 13-14","KO","WMT","eta",-0.0304253787899453,0.02919820008982,4980,-0.0304,2.53787899452719e-05
"DJ30 Tables 13-14","KO","XOM","rho",0.443070548996079,0.0126067627702687,4974,0.4431,2.94510039209883e-05
"DJ30 Tables 13-14","KO","XOM","eta",-0.0290924720061687,0.0295530734578354,4974,-0.0291,7.5279938313022e-06
"DJ30 Tables 13-14","MCD","MMM","rho",0.338573930115045,0.0139406964118591,5013,0.3386,2.60698849552377e-05
"DJ30 Tables 13-14","MCD","MMM","eta",-0.0318128117199462,0.0297905742821445,5013,-0.0318,1.2811719946243e-05
"DJ30 Tables 13-14","MCD","MRK","rho",0.256388865310807,0.0147461150264514,5015,0.2564,1.11346891933373e-05
"DJ30 Tables 13-14","MCD","MRK","eta",-0.02751308369251,0.0302005598281197,5015,-0.0275,1.30836925100394e-05
"DJ30 Tables 13-14","MCD","MSFT","rho",0.353874268834483,0.013688142072635,5016,0.3539,2.57311655171288e-05
"DJ30 Tables 13-14","MCD","MSFT","eta",-0.0199949262019382,0.030474227654363,5016,-0.02,5.07379806184705e-06
"DJ30 Tables 13-14","MCD","NIKE","rho",0.281088458279074,0.0144709872845879,5016,0.2811,1.15417209257673e-05
"DJ30 Tables 13-14","MCD","NIKE","eta",0.0400069487428705,0.0306485403261884,5016,0.04,6.94874287045233e-06
"DJ30 Tables 13-14","MCD","PG","rho",0.313929386319088,0.0142662922910601,5013,0.3139,2.9386319088387e-05
"DJ30 Tables 13-14","MCD","PG","eta",0.0112161373092622,0.0293068305375941,5013,0.012,0.000783862690737847
"DJ30 Tables 13-14","MCD","SPC","rho",0.262753210064497,0.0148935516037832,4997,0.2628,4.67899355030554e-05
"DJ30 Tables 13-14","MCD","SPC","eta",-0.000733582129443995,0.0284721850963319,4997,-7e-04,3.35821294439953e-05
"DJ30 Tables 13-14","MCD","UNH","rho",0.255738342281269,0.0148200989434504,4997,0.2557,3.83422812685885e-05
"DJ30 Tables 13-14","MCD","UNH","eta",0.00560787606044679,0.0298365042629815,4997,0.0056,7.87606044679468e-06
"DJ30 Tables 13-14","MCD","V","rho",0.297615610375906,0.015556205224815,4192,0.2976,1.56103759064163e-05
"DJ30 Tables 13-14","MCD","V","eta",0.033103283680689,0.0346067865835941,4192,0.0331,3.28368068902574e-06
"DJ30 Tables 13-14","MCD","WAG","rho",0.231416238166062,0.0149515659307683,4983,0.2315,8.37618339382673e-05
"DJ30 Tables 13-14","MCD","WAG","eta",-0.0122083986877579,0.0308467447697264,4983,-0.0122,8.398687757925e-06
"DJ30 Tables 13-14","MCD","WMT","rho",0.297507350477095,0.0144115915087652,4980,0.2975,7.35047709543579e-06
"DJ30 Tables 13-14","MCD","WMT","eta",-0.0360176970245857,0.0301974331172711,4980,-0.036,1.76970245857402e-05
"DJ30 Tables 13-14","MCD","XOM","rho",0.351707926436646,0.0137443671709333,4974,0.3517,7.92643664637716e-06
"DJ30 Tables 13-14","MCD","XOM","eta",0.0072324358972537,0.0308967217746529,4974,0.0072,3.24358972536984e-05
"DJ30 Tables 13-14","MMM","MRK","rho",0.326297930907559,0.0140806129164452,5012,0.3263,2.06909244065967e-06
"DJ30 Tables 13-14","MMM","MRK","eta",0.0463361628187606,0.0298199963027785,5012,0.0463,3.61628187606003e-05
"DJ30 Tables 13-14","MMM","MSFT","rho",0.40983445614819,0.0129917755880206,5013,0.4098,3.44561481903649e-05
"DJ30 Tables 13-14","MMM","MSFT","eta",0.096395530720109,0.0301447230956889,5013,0.0964,4.46927989099233e-06
"DJ30 Tables 13-14","MMM","NIKE","rho",0.323264642039445,0.0140429482488631,5013,0.3233,3.53579605546495e-05
"DJ30 Tables 13-14","MMM","NIKE","eta",0.0499646536941894,0.0305980198576294,5013,0.05,3.53463058106185e-05
"DJ30 Tables 13-14","MMM","PG","rho",0.362079405782457,0.0137199686767219,5010,0.3613,0.000779405782456999
"DJ30 Tables 13-14","MMM","PG","eta",0.0598182941203303,0.0291393859806893,5010,0.0611,0.00128170587966975
"DJ30 Tables 13-14","MMM","SPC","rho",0.348439314511431,0.0140221079311575,4994,0.3484,3.93145114311877e-05
"DJ30 Tables 13-14","MMM","SPC","eta",0.0489369747193343,0.0279577175382304,4994,0.0489,3.69747193342679e-05
"DJ30 Tables 13-14","MMM","UNH","rho",0.253079638780712,0.0148096116210823,4994,0.2531,2.03612192878344e-05
"DJ30 Tables 13-14","MMM","UNH","eta",0.0607638054274579,0.0302181664104561,4994,0.0608,3.61945725420795e-05
"DJ30 Tables 13-14","MMM","V","rho",0.354655032072729,0.0149189043264396,4189,0.3547,4.49679272713222e-05
"DJ30 Tables 13-14","MMM","V","eta",0.0701688872542722,0.0340062689457381,4189,0.0702,3.1112745727771e-05
"DJ30 Tables 13-14","MMM","WAG","rho",0.264733156622037,0.0146750084698936,4979,0.2647,3.31566220370672e-05
"DJ30 Tables 13-14","MMM","WAG","eta",0.0335472039208868,0.0308198554976237,4979,0.0336,5.2796079113196e-05
"DJ30 Tables 13-14","MMM","WMT","rho",0.348889099096507,0.0138662539972623,4977,0.3489,1.09009034933716e-05
"DJ30 Tables 13-14","MMM","WMT","eta",-0.0120308928948701,0.0299209986177506,4977,-0.012,3.08928948701409e-05
"DJ30 Tables 13-14","MMM","XOM","rho",0.42814692503322,0.0127891330165095,4971,0.4281,4.69250332204574e-05
"DJ30 Tables 13-14","MMM","XOM","eta",0.0360844653642521,0.0301665332556164,4971,0.0361,1.55346357479241e-05
"DJ30 Tables 13-14","MRK","MSFT","rho",0.312561182020036,0.0141204942898425,5015,0.3126,3.88179799639121e-05
"DJ30 Tables 13-14","MRK","MSFT","eta",0.0296224547232911,0.0309468594357497,5015,0.0296,2.24547232911265e-05
"DJ30 Tables 13-14","MRK","NIKE","rho",0.267517595481222,0.0145911205632244,5015,0.2675,1.75954812220991e-05
"DJ30 Tables 13-14","MRK","NIKE","eta",0.041774554637901,0.0307526331521726,5015,0.0418,2.54453620989678e-05
"DJ30 Tables 13-14","MRK","PG","rho",0.335542148587489,0.0140437793096224,5012,0.3353,0.000242148587488999
"DJ30 Tables 13-14","MRK","PG","eta",0.031242124441869,0.0291006392602151,5012,0.0319,0.000657875558131019
"DJ30 Tables 13-14","MRK","SPC","rho",0.26997429022021,0.0148339807260389,4996,0.27,2.57097797901062e-05
"DJ30 Tables 13-14","MRK","SPC","eta",0.00322610995496284,0.0284158698531483,4996,0.0032,2.610995496284e-05
"DJ30 Tables 13-14","MRK","UNH","rho",0.239551019994521,0.0149466913437057,4996,0.2396,4.89800054787326e-05
"DJ30 Tables 13-14","MRK","UNH","eta",0.00508539610279237,0.0299877502337512,4996,0.0051,1.46038972076287e-05
"DJ30 Tables 13-14","MRK","V","rho",0.301379771874709,0.0156090489791971,4192,0.3014,2.02281252906777e-05
"DJ30 Tables 13-14","MRK","V","eta",-0.0121819574958828,0.0333875202046547,4192,-0.0122,1.8042504117223e-05
"DJ30 Tables 13-14","MRK","WAG","rho",0.246408985042631,0.0148447108563438,4981,0.2466,0.000191014957369146
"DJ30 Tables 13-14","MRK","WAG","eta",0.0135689858759747,0.0306984024998595,4981,0.0134,0.00016898587597468
"DJ30 Tables 13-14","MRK","WMT","rho",0.265228094196918,0.0147027036621852,4979,0.2652,2.8094196918238e-05
"DJ30 Tables 13-14","MRK","WMT","eta",-0.0111646013188684,0.0304746170061554,4979,-0.0112,3.53986811315928e-05
"DJ30 Tables 13-14","MRK","XOM","rho",0.346825129369248,0.0137999744555195,4973,0.3468,2.51293692484778e-05
"DJ30 Tables 13-14","MRK","XOM","eta",0.0290915720687787,0.030939977045047,4973,0.0291,8.42793122132063e-06
"DJ30 Tables 13-14","MSFT","NIKE","rho",0.389916287017301,0.0132180223342665,5016,0.3899,1.62870173006091e-05
"DJ30 Tables 13-14","MSFT","NIKE","eta",0.0466953620274416,0.0306837118481762,5016,0.0467,4.63797255838283e-06
"DJ30 Tables 13-14","MSFT","PG","rho",0.410399003237028,0.0130408782655514,5014,0.4108,0.000400996762972172
"DJ30 Tables 13-14","MSFT","PG","eta",-0.0490220109486756,0.0293656936369766,5014,-0.0476,0.00142201094867555
"DJ30 Tables 13-14","MSFT","SPC","rho",0.366560047043856,0.0137161304192067,4997,0.3666,3.99529561438405e-05
"DJ30 Tables 13-14","MSFT","SPC","eta",-0.0417254443388061,0.0284785058266981,4997,-0.0417,2.54443388060591e-05
"DJ30 Tables 13-14","MSFT","UNH","rho",0.303558047322939,0.0142708209091103,4997,0.3036,4.1952677060697e-05
"DJ30 Tables 13-14","MSFT","UNH","eta",0.0037545359171845,0.030632565471565,4997,0.0038,4.54640828154952e-05
"DJ30 Tables 13-14","MSFT","V","rho",0.463190295549321,0.0132994102422047,4192,0.4632,9.70445067899339e-06
"DJ30 Tables 13-14","MSFT","V","eta",0.0267368045914674,0.0336379701401292,4192,0.0267,3.68045914674285e-05
"DJ30 Tables 13-14","MSFT","WAG","rho",0.293206118521214,0.0143243550476904,4982,0.2934,0.000193881478786462
"DJ30 Tables 13-14","MSFT","WAG","eta",-0.0065432778794515,0.0316071814579884,4982,-0.0068,0.000256722120548505
"DJ30 Tables 13-14","MSFT","WMT","rho",0.370583684698028,0.0135290229977911,4980,0.3706,1.63153019719364e-05
"DJ30 Tables 13-14","MSFT","WMT","eta",-0.0370655629655746,0.0306218417083206,4980,-0.0371,3.44370344254261e-05
"DJ30 Tables 13-14","MSFT","XOM","rho",0.491123069360464,0.0118112455488754,4974,0.4911,2.30693604637566e-05
"DJ30 Tables 13-14","MSFT","XOM","eta",-0.00810041531090841,0.0301146507251327,4974,-0.0081,4.15310908406796e-07
"DJ30 Tables 13-14","NIKE","PG","rho",0.316895117083548,0.0141717158103566,5013,0.3168,9.51170835480353e-05
"DJ30 Tables 13-14","NIKE","PG","eta",-0.0137609763152446,0.0299229317573418,5013,-0.0131,0.000660976315244614
"DJ30 Tables 13-14","NIKE","SPC","rho",0.274341352605801,0.014719675146272,4997,0.2743,4.13526058012925e-05
"DJ30 Tables 13-14","NIKE","SPC","eta",-0.014579341813318,0.0289411452495748,4997,-0.0146,2.06581866820394e-05
"DJ30 Tables 13-14","NIKE","UNH","rho",0.235315783191313,0.0149098029694282,4997,0.2353,1.57831913126238e-05
"DJ30 Tables 13-14","NIKE","UNH","eta",-0.011407193999541,0.0306608951085924,4997,-0.0114,7.19399954098726e-06
"DJ30 Tables 13-14","NIKE","V","rho",0.327435056659218,0.015209521179877,4192,0.3274,3.50566592179358e-05
"DJ30 Tables 13-14","NIKE","V","eta",-0.0244933393106094,0.0346226417900082,4192,-0.0245,6.66068939056755e-06
"DJ30 Tables 13-14","NIKE","WAG","rho",0.24320005686577,0.0148060230891906,4982,0.2436,0.000399943134229724
"DJ30 Tables 13-14","NIKE","WAG","eta",-0.0357133964521171,0.0313950464446464,4982,-0.0356,0.000113396452117144
"DJ30 Tables 13-14","NIKE","WMT","rho",0.313012471189058,0.014202546882301,4980,0.313,1.24711890581719e-05
"DJ30 Tables 13-14","NIKE","WMT","eta",-0.0642088333529288,0.0306912390787679,4980,-0.0642,8.83335292881093e-06
"DJ30 Tables 13-14","NIKE","XOM","rho",0.353617063097166,0.0136754970447014,4974,0.3536,1.70630971655372e-05
"DJ30 Tables 13-14","NIKE","XOM","eta",-0.0384650667342792,0.0315369871225562,4974,-0.0385,3.49332657208073e-05
"DJ30 Tables 13-14","PG","SPC","rho",0.35457024128623,0.0140259440006308,4995,0.355,0.00042975871376999
"DJ30 Tables 13-14","PG","SPC","eta",0.0421092761696089,0.0273096282229909,4995,0.0418,0.000309276169608873
"DJ30 Tables 13-14","PG","UNH","rho",0.256354375300357,0.0148471385047602,4995,0.2564,4.56246996432541e-05
"DJ30 Tables 13-14","PG","UNH","eta",-0.00338605277675303,0.029560670988721,4995,-0.0035,0.000113947223246969
"DJ30 Tables 13-14","PG","V","rho",0.337304451969187,0.0151902605008713,4190,0.3378,0.000495548030813309
"DJ30 Tables 13-14","PG","V","eta",-0.0368071815799153,0.0333397826679365,4190,-0.0373,0.000492818420084716
"DJ30 Tables 13-14","PG","WAG","rho",0.279518186348565,0.0146085681143127,4980,0.2799,0.000381813651434804
"DJ30 Tables 13-14","PG","WAG","eta",-0.00513287519530901,0.0300110807229646,4980,-0.0059,0.000767124804690989
"DJ30 Tables 13-14","PG","WMT","rho",0.370643245454054,0.0136698946687961,4978,0.3707,5.67545459458363e-05
"DJ30 Tables 13-14","PG","WMT","eta",0.0481290008283591,0.0290710782718609,4978,0.0476,0.000529000828359077
"DJ30 Tables 13-14","PG","XOM","rho",0.430408211125335,0.0128055990597803,4972,0.4301,0.000308211125335356
"DJ30 Tables 13-14","PG","XOM","eta",-0.0185552565479795,0.0294358327222211,4972,-0.0195,0.00094474345202045
"DJ30 Tables 13-14","SPC","UNH","rho",0.259848388318559,0.0149612280711613,4992,0.2598,4.83883185589118e-05
"DJ30 Tables 13-14","SPC","UNH","eta",-0.0166132938769373,0.0282416581604961,4992,-0.0166,1.32938769373293e-05
"DJ30 Tables 13-14","SPC","V","rho",0.322902328969556,0.0154764882121635,4187,0.3229,2.32896955609796e-06
"DJ30 Tables 13-14","SPC","V","eta",0.0170072280278465,0.031994609245268,4187,0.017,7.22802784653906e-06
"DJ30 Tables 13-14","SPC","WAG","rho",0.254230561803818,0.0149482179733801,4977,0.2544,0.00016943819618187
"DJ30 Tables 13-14","SPC","WAG","eta",-0.0190540729342974,0.0289392164735398,4977,-0.0191,4.59270657025869e-05
"DJ30 Tables 13-14","SPC","WMT","rho",0.325334129412368,0.0143049136527303,4976,0.3253,3.41294123677449e-05
"DJ30 Tables 13-14","SPC","WMT","eta",0.00333827191798277,0.0281796616858937,4976,0.0033,3.82719179827652e-05
"DJ30 Tables 13-14","SPC","XOM","rho",0.388534966595756,0.0134594133889425,4969,0.3885,3.49665957563583e-05
"DJ30 Tables 13-14","SPC","XOM","eta",-0.0271589523738913,0.028513206786646,4969,-0.0272,4.10476261087089e-05
"DJ30 Tables 13-14","UNH","V","rho",0.278902787310924,0.0158090922772594,4191,0.2789,2.78731092445694e-06
"DJ30 Tables 13-14","UNH","V","eta",-0.00322646193940684,0.0339531313580366,4191,-0.0032,2.64619394068351e-05
"DJ30 Tables 13-14","UNH","WAG","rho",0.210029026849822,0.0151395674328756,4980,0.2104,0.000370973150178172
"DJ30 Tables 13-14","UNH","WAG","eta",-0.0517620976266939,0.0306440288240031,4980,-0.0516,0.000162097626693856
"DJ30 Tables 13-14","UNH","WMT","rho",0.24939697512917,0.0148637810808614,4978,0.2494,3.02487082959324e-06
"DJ30 Tables 13-14","UNH","WMT","eta",-0.0310831787051881,0.0302828175320049,4978,-0.0311,1.68212948119251e-05
"DJ30 Tables 13-14","UNH","XOM","rho",0.326886856720859,0.0140352517272367,4972,0.3269,1.31432791408148e-05
"DJ30 Tables 13-14","UNH","XOM","eta",-0.0316563255972115,0.0308609814334442,4972,-0.0317,4.36744027885183e-05
"DJ30 Tables 13-14","V","WAG","rho",0.242771746256154,0.0160360368380083,4178,0.2429,0.000128253743846146
"DJ30 Tables 13-14","V","WAG","eta",-0.0096729995731594,0.0359028599880647,4178,-0.0096,7.2999573159406e-05
"DJ30 Tables 13-14","V","WMT","rho",0.303819644119698,0.0155115440224364,4175,0.3038,1.96441196979591e-05
"DJ30 Tables 13-14","V","WMT","eta",0.0312541933876224,0.034775305589454,4175,0.0313,4.58066123775538e-05
"DJ30 Tables 13-14","V","XOM","rho",0.410963907010023,0.0141335331451263,4169,0.411,3.60929899765328e-05
"DJ30 Tables 13-14","V","XOM","eta",-0.000783769658588586,0.0343779685246823,4169,-8e-04,1.6230341411414e-05
"DJ30 Tables 13-14","WAG","WMT","rho",0.304645168251185,0.0143117122596965,4977,0.3049,0.000254831748815187
"DJ30 Tables 13-14","WAG","WMT","eta",-0.0497489510106414,0.0305305091283632,4977,-0.0496,0.000148951010641413
"DJ30 Tables 13-14","WAG","XOM","rho",0.326506268180973,0.0139806946844101,4971,0.3267,0.000193731819026599
"DJ30 Tables 13-14","WAG","XOM","eta",-0.00236534744768631,0.031701509051218,4971,-0.0026,0.000234652552313691
"DJ30 Tables 13-14","WMT","XOM","rho",0.417859573819847,0.0129257003316561,4974,0.4179,4.04261801532635e-05
"DJ30 Tables 13-14","WMT","XOM","eta",0.00542282224653171,0.0302693949729953,4974,0.0054,2.28222465317061e-05
