"panel","calendar","model","value_h1","value_h2","value_h3","value_h4","value_h5","value_h10","value_h15","value_h20","mcs_p_h1","mcs_p_h2","mcs_p_h3","mcs_p_h4","mcs_p_h5","mcs_p_h10","mcs_p_h15","mcs_p_h20"
"full","trading","fBm",0.500148356364207,0.642276462382,0.729098525611452,0.777694388349193,0.852681712692649,1.07183291290875,1.24174154542152,1.36983943184114,0.4028,0.35,0.2128,0.2116,0.1074,0.103,0.046,0.029
"full","trading","bfBm",0.499215550539428,0.639943358386049,0.725493339698853,0.772810308524658,0.846832100706953,1.06240343001877,1.22883806400916,1.35444769396717,0.6464,0.8054,0.4288,0.5286,0.3024,0.4042,0.2008,0.143
"full","trading","mfBm3",0.498502498602925,0.63923899030757,0.724186234292927,0.771528023128537,0.844385019690932,1.06069011490836,1.2240963392309,1.34858776171935,0.6464,0.8494,0.4704,0.5286,0.3214,0.3326,0.2008,0.176
"full","trading","mfBm4",0.498337951689085,0.639246079469264,0.723055099720701,0.770496786576944,0.842368801508653,1.05625130879858,1.21674342957993,1.33922031720005,0.6464,0.8494,0.6482,0.5286,0.8012,1,0.7618,0.9578
"full","trading","mfBm5",0.497757651089549,0.638768833403391,0.722697612410758,0.769673049913337,0.842186028895695,1.05702681528781,1.21634142041617,1.33913993471937,1,1,1,1,1,0.4042,1,1
"period1","trading","fBm",0.634950329515785,0.802997199826247,0.893734013815716,0.929657732659366,1.01511062041161,1.26711005749848,1.47592903546136,1.63118629557497,0.264,0.2872,0.2038,0.212,0.1048,0.1116,0.0508,0.0342
"period1","trading","bfBm",0.632842834332392,0.798734988350697,0.887292174132941,0.921090154147116,1.00490752266537,1.2514629072106,1.45511099364302,1.60713969085389,0.5576,0.7408,0.467,0.5952,0.322,0.4136,0.1892,0.118
"period1","trading","mfBm3",0.631528103363439,0.797519979373428,0.885418417490916,0.919266469991333,1.00106931400522,1.24897457676547,1.44694751930017,1.59731203529626,0.5576,0.753,0.467,0.5952,0.322,0.3072,0.1892,0.1232
"period1","trading","mfBm4",0.630949238454751,0.797166370599753,0.883313169615759,0.917472336035557,0.997742756113147,1.24189488593314,1.4342850677194,1.58107211359318,0.5576,0.753,0.5496,0.5952,0.4212,0.9544,0.2232,0.231
"period1","trading","mfBm5",0.630156598366574,0.796237401608195,0.882538703634642,0.916015328645798,0.996852135101033,1.2418375172239,1.43203898833343,1.5788474208433,1,1,1,1,1,1,1,1
"period2","trading","fBm",0.409859638179234,0.560185399181015,0.667507531930521,0.762574638117474,0.8608916823953,1.12010173770621,1.29953172335593,1.44474485630321,1,1,0.9798,0.9824,1,0.8576,0.6684,0.3522
"period2","trading","bfBm",0.410794011094197,0.56069454779347,0.667805786146843,0.762679837405226,0.860929031469276,1.11918321143786,1.29735852194665,1.44118757373615,0.6228,0.693,0.9798,0.9824,0.9988,0.9554,0.8006,0.5838
"period2","trading","mfBm3",0.41073587853575,0.560660195637454,0.667351271374927,0.762467061224387,0.86092619392955,1.11935161710713,1.29809443596316,1.44139153162869,0.5402,0.693,1,1,0.9988,0.9378,0.6684,0.5838
"period2","trading","mfBm4",0.411158301875262,0.561057876575656,0.667708237345409,0.762780901923865,0.861181483760498,1.11913395238593,1.29699052636069,1.43983823296187,0.1772,0.693,0.9798,0.9824,0.849,1,1,1
"period2","trading","mfBm5",0.410659197636356,0.561196623866424,0.667858652197275,0.762883619301919,0.862582642526025,1.12270599016102,1.30095071624773,1.44495003981863,0.6228,0.693,0.9798,0.9824,0.3794,0.3414,0.6684,0.443
