"class","model","h","value_250","n_forecasts_250","value_500","n_forecasts_500","ratio_250_to_500"
"mfbm","bfBm",1,0.508514344822047,4508,0.499215550539428,4508,1.01862681215073
"mfbm","bfBm",10,1.08886866397545,4500,1.06240343001877,4500,1.02491071960885
"mfbm","bfBm",15,1.27429182668249,4495,1.22883806400916,4495,1.0369892209597
"mfbm","bfBm",2,0.646613276495773,4508,0.639943358386049,4508,1.01042266947898
"mfbm","bfBm",20,1.43697558954256,4490,1.35444769396717,4490,1.0609310318464
"mfbm","bfBm",3,0.735872072459246,4507,0.725493339698853,4507,1.01430575884363
"mfbm","bfBm",4,0.778569723292707,4506,0.772810308524658,4506,1.00745255945025
"mfbm","bfBm",5,0.853715828443528,4505,0.846832100706953,4505,1.00812879876758
"mfbm","fBm",1,0.512728846656324,4508,0.500148356364207,4508,1.02515351721551
"mfbm","fBm",10,1.11089103201959,4500,1.07183291290875,4500,1.03644049239432
"mfbm","fBm",15,1.30861952903221,4495,1.24174154542152,4495,1.05385821538893
"mfbm","fBm",2,0.653300748138317,4508,0.642276462382,4508,1.01716439322007
"mfbm","fBm",20,1.47825009793464,4490,1.36983943184114,4490,1.07914114864382
"mfbm","fBm",3,0.746073163724691,4507,0.729098525611452,4507,1.02328167938483
"mfbm","fBm",4,0.790177900769493,4506,0.777694388349193,4506,1.0160519512643
"mfbm","fBm",5,0.867463342578568,4505,0.852681712692649,4505,1.01733546019093
"mfbm","mfBm3",1,0.506672093722282,4508,0.498502498602925,4508,1.01638827316263
"mfbm","mfBm3",10,1.08937887322596,4500,1.06069011490836,4500,1.02704725717188
"mfbm","mfBm3",15,1.27346663509219,4495,1.2240963392309,4495,1.04033203456218
"mfbm","mfBm3",2,0.644898328358392,4508,0.63923899030757,4508,1.00885324289762
"mfbm","mfBm3",20,1.44291438325686,4490,1.34858776171935,4490,1.06994474087266
"mfbm","mfBm3",3,0.732677195013858,4507,0.724186234292927,4507,1.0117248303252
"mfbm","mfBm3",4,0.776375530437458,4506,0.771528023128537,4506,1.00628299577411
"mfbm","mfBm3",5,0.850514390134207,4505,0.844385019690932,4505,1.00725897582304
"mfbm","mfBm4",1,0.507065009595556,4508,0.498337951689085,4508,1.0175123284849
"mfbm","mfBm4",10,1.08817011985847,4500,1.05625130879858,4500,1.03021895527514
"mfbm","mfBm4",15,1.27278306932215,4495,1.21674342957993,4495,1.04605707200044
"mfbm","mfBm4",2,0.645563925332692,4508,0.639246079469264,4508,1.00988327666972
"mfbm","mfBm4",20,1.4482842574119,4490,1.33922031720005,4490,1.08143838531354
"mfbm","mfBm4",3,0.732223363100922,4507,0.723055099720701,4507,1.01267989588036
"mfbm","mfBm4",4,0.77562927572433,4506,0.770496786576944,4506,1.00666127261891
"mfbm","mfBm4",5,0.849813213959251,4505,0.842368801508653,4505,1.00883747408174
"mfbm","mfBm5",1,0.507708046280116,4508,0.497757651089549,4508,1.01999044147043
"mfbm","mfBm5",10,1.17316860986508,4500,1.05702681528781,4500,1.10987592074062
"mfbm","mfBm5",15,1.46007314850284,4495,1.21634142041617,4495,1.20038101473456
"mfbm","mfBm5",2,0.65013142312439,4508,0.638768833403391,4508,1.01778826568676
"mfbm","mfBm5",20,1.76607462162286,4490,1.33913993471937,4490,1.31881260190553
"mfbm","mfBm5",3,0.741212050872259,4507,0.722697612410758,4507,1.02561851339143
"mfbm","mfBm5",4,0.790598556021916,4506,0.769673049913337,4506,1.02718752606829
"mfbm","mfBm5",5,0.872868860121624,4505,0.842186028895695,4505,1.03643236787739
"vhar","HAR",1,0.541393400311919,4508,0.514467799756722,4508,1.05233680430132
"vhar","HAR",10,1.24309143995468,4500,1.11133489972695,4500,1.11855700766718
"vhar","HAR",15,1.39505378008442,4495,1.24001758050807,4495,1.12502742058933
"vhar","HAR",2,0.674492853400349,4508,0.649607767320155,4508,1.03830786411753
"vhar","HAR",20,1.48874941803627,4490,1.30445051777141,4490,1.14128470015078
"vhar","HAR",3,0.764578026487644,4507,0.734515233301488,4507,1.04092875385447
"vhar","HAR",4,0.828766322482947,4506,0.78521517557137,4506,1.05546396486783
"vhar","HAR",5,0.920971711528445,4505,0.866348312257029,4505,1.06305015950122
"vhar","VHAR2",1,0.564532365222172,4508,0.528743230931186,4508,1.06768717252031
"vhar","VHAR2",10,1.61102430122552,4500,1.25061760547755,4500,1.28818296989378
"vhar","VHAR2",15,1.77431195707899,4495,1.39526210546738,4495,1.27166928000573
"vhar","VHAR2",2,0.713846668048131,4508,0.665547988449129,4508,1.07256979276813
"vhar","VHAR2",20,1.79836985359586,4490,1.44635195546721,4490,1.24338329049027
"vhar","VHAR2",3,0.835325211044311,4507,0.763025916638629,4507,1.0947533928129
"vhar","VHAR2",4,0.940883554362294,4506,0.822471453671552,4506,1.14397107663998
"vhar","VHAR2",5,1.07657521954069,4505,0.922736169530273,4505,1.16672051566888
"vhar","VHAR3",1,0.576311649018248,4508,0.535219295403052,4508,1.07677666700011
"vhar","VHAR3",10,1.72218100291574,4500,1.29136724962194,4500,1.33361056153462
"vhar","VHAR3",15,1.88511841733529,4495,1.44802232690011,4495,1.30185728653155
"vhar","VHAR3",2,0.739293860723683,4508,0.678446780693389,4508,1.08968585563647
"vhar","VHAR3",20,1.95418638597201,4490,1.48256433382654,4490,1.31811236880911
"vhar","VHAR3",3,0.874034226589373,4507,0.777979221360577,4507,1.12346731453934
"vhar","VHAR3",4,0.992792574961352,4506,0.839957262978677,4506,1.18195605743165
"vhar","VHAR3",5,1.15385385758833,4505,0.945468589642497,4505,1.22040422096373
"vhar","VHAR4",1,0.589883643359475,4508,0.542736804608435,4508,1.0868686964855
"vhar","VHAR4",10,1.98722610158855,4500,1.31811445192628,4500,1.50762788366704
"vhar","VHAR4",15,2.40723724250507,4495,1.51492071302965,4495,1.58901863430919
"vhar","VHAR4",2,0.765911436170544,4508,0.693118029205362,4508,1.1050231041438
"vhar","VHAR4",20,3.35677143421538,4490,1.69810156356934,4490,1.97677895494047
"vhar","VHAR4",3,0.921497520474008,4507,0.79985331054807,4507,1.15208314864958
"vhar","VHAR4",4,1.05405211803668,4506,0.868351884988977,4506,1.21385366492302
"vhar","VHAR4",5,1.24928600929867,4505,0.975218253423033,4505,1.28103222526204
"vhar","VHAR5",1,0.615304327602483,4508,0.553669879234871,4508,1.11131985083383
"vhar","VHAR5",10,2.61454598646636,4500,1.3503214599541,4500,1.93623967625845
"vhar","VHAR5",15,6.24046412419731,4495,1.60494398051202,4495,3.88827535413817
"vhar","VHAR5",2,0.792388911256661,4508,0.700564722595584,4508,1.1310716707528
"vhar","VHAR5",20,15.6238590514066,4490,1.80107672508377,4490,8.67473263843325
"vhar","VHAR5",3,0.959736001302577,4507,0.804517784596567,4507,1.19293323240063
"vhar","VHAR5",4,1.12588251571993,4506,0.884782648077475,4506,1.27249615277418
"vhar","VHAR5",5,1.35698626614819,4505,0.992474384120042,4505,1.36727585906546
