"table","n","delta","rho","eta","reps","parameter","true","mean","bias","sd","rmse","method"
"Table 12",500,"1/250",0,0,1000,"rho",0,-0.00152115555703399,-0.00152115555703399,0.0455273423639321,0.0455299909735183,"bfBm"
"Table 12",500,"1/250",0,0,1000,"eta",0,0.0020195694869913,0.0020195694869913,0.11943791886905,0.119395266691016,"bfBm"
"Table 12",500,"1/250",0,0,1000,"rho",0,-0.000799393165150122,-0.000799393165150122,0.0504806481843936,0.0504617337663689,"bfBm+noise"
"Table 12",500,"1/250",0,0,1000,"eta",0,-0.000218671952357069,-0.000218671952357069,0.0793021480558022,0.0792627887031542,"bfBm+noise"
"Table 12",1000,"1/250",0,0,1000,"rho",0,-8.83638232040859e-06,-8.83638232040859e-06,0.0347412360276042,0.0347238621890859,"bfBm"
"Table 12",1000,"1/250",0,0,1000,"eta",0,-0.00147499141798067,-0.00147499141798067,0.0784709273234966,0.0784455502132377,"bfBm"
"Table 12",1000,"1/250",0,0,1000,"rho",0,-0.00206789281395582,-0.00206789281395582,0.0367779367924695,0.0368176615059428,"bfBm+noise"
"Table 12",1000,"1/250",0,0,1000,"eta",0,0.000386225825221262,0.000386225825221262,0.057603640338718,0.0575761267478125,"bfBm+noise"
"Table 12",500,"1/250",0.4,0,1000,"rho",0.4,0.399797005415479,-0.000202994584521221,0.039215484773183,0.0391963977751923,"bfBm"
"Table 12",500,"1/250",0.4,0,1000,"eta",0,0.00527047556556252,0.00527047556556252,0.105503290581848,0.10558215423054,"bfBm"
"Table 12",500,"1/250",0.4,0,1000,"rho",0.4,0.15635138805435,-0.24364861194565,0.0503945625687539,0.24880055954037,"bfBm+noise"
"Table 12",500,"1/250",0.4,0,1000,"eta",0,0.00400686275417664,0.00400686275417664,0.0781409609048886,0.0782045952006594,"bfBm+noise"
"Table 12",1000,"1/250",0.4,0,1000,"rho",0.4,0.399888227807363,-0.000111772192636805,0.0284191705933644,0.0284051773622447,"bfBm"
"Table 12",1000,"1/250",0.4,0,1000,"eta",0,0.00281071097986819,0.00281071097986819,0.0738760081414766,0.0738925369070041,"bfBm"
"Table 12",1000,"1/250",0.4,0,1000,"rho",0.4,0.155771078267121,-0.244228921732879,0.0367112736816638,0.246969909317956,"bfBm+noise"
"Table 12",1000,"1/250",0.4,0,1000,"eta",0,-0.00102639322030975,-0.00102639322030975,0.0544489027945225,0.0544313495658019,"bfBm+noise"
"Table 12",500,"1/250",0,0.5,1000,"rho",0,-0.00121691960864819,-0.00121691960864819,0.0449036723313236,0.0448977097676925,"bfBm"
"Table 12",500,"1/250",0,0.5,1000,"eta",0.5,0.504631459424148,0.00463145942414844,0.129600204747638,0.129618159506902,"bfBm"
"Table 12",500,"1/250",0,0.5,1000,"rho",0,0.000522042682197574,0.000522042682197574,0.0502905698433191,0.0502681290910317,"bfBm+noise"
"Table 12",500,"1/250",0,0.5,1000,"eta",0.5,0.134358300882448,-0.365641699117552,0.0806022087639768,0.374411633733708,"bfBm+noise"
"Table 12",1000,"1/250",0,0.5,1000,"rho",0,-0.00102532414482993,-0.00102532414482993,0.0313779389952189,0.031379002057651,"bfBm"
"Table 12",1000,"1/250",0,0.5,1000,"eta",0.5,0.501541562325631,0.00154156232563107,0.0949277581522565,0.0948928048007292,"bfBm"
"Table 12",1000,"1/250",0,0.5,1000,"rho",0,-0.00142107833716626,-0.00142107833716626,0.0369944235315931,0.0370032194370006,"bfBm+noise"
"Table 12",1000,"1/250",0,0.5,1000,"eta",0.5,0.131291589084308,-0.368708410915692,0.0549426515432729,0.372775493485854,"bfBm+noise"
"Table 12",500,"1/250",0.4,0.5,1000,"rho",0.4,0.397432588723058,-0.00256741127694238,0.038144995276917,0.0382122653695946,"bfBm"
"Table 12",500,"1/250",0.4,0.5,1000,"eta",0.5,0.506143918037686,0.00614391803768566,0.126259093263402,0.126345419394288,"bfBm"
"Table 12",500,"1/250",0.4,0.5,1000,"rho",0.4,0.153959642238558,-0.246040357761442,0.0520254200267205,0.251475238009642,"bfBm+noise"
"Table 12",500,"1/250",0.4,0.5,1000,"eta",0.5,0.132123497075365,-0.367876502924635,0.0812761886553527,0.376739080037573,"bfBm+noise"
"Table 12",1000,"1/250",0.4,0.5,1000,"rho",0.4,0.398574373075055,-0.00142562692494458,0.026860120586484,0.0268845127159052,"bfBm"
"Table 12",1000,"1/250",0.4,0.5,1000,"eta",0.5,0.501094021751403,0.00109402175140261,0.0915321409441994,0.0914929045150251,"bfBm"
"Table 12",1000,"1/250",0.4,0.5,1000,"rho",0.4,0.157060040365738,-0.242939959634262,0.0385320120697078,0.245973688075133,"bfBm+noise"
"Table 12",1000,"1/250",0.4,0.5,1000,"eta",0.5,0.127747253976152,-0.372252746023848,0.0555519141536312,0.376370875697445,"bfBm+noise"
