"table","n","delta","rho","eta","reps","parameter","method","metric","value","paper_value","diff"
"Table 6",500,"1/250",0.2,0,1000,"rho","BYZ","bias",-0.000452702609425676,-2e-04,-0.000252702609425676
"Table 6",500,"1/250",0.2,0,1000,"eta","BYZ","bias",-0.00156241317056697,0.0019,-0.00346241317056697
"Table 6",500,"1/250",0.2,0,1000,"rho","AC","bias",-0.00592248801801967,0.0045,-0.0104224880180197
"Table 6",500,"1/250",0.2,0,1000,"eta","AC","bias",0.304033367132004,0.3078,-0.00376663286799622
"Table 6",1000,"1/250",0.2,0,1000,"rho","BYZ","bias",0.00159367232279028,-2e-04,0.00179367232279029
"Table 6",1000,"1/250",0.2,0,1000,"eta","BYZ","bias",-0.000647783520296784,-0.0041,0.00345221647970322
"Table 6",1000,"1/250",0.2,0,1000,"rho","AC","bias",-0.000172910303449153,-0.0025,0.00232708969655085
"Table 6",1000,"1/250",0.2,0,1000,"eta","AC","bias",0.212113555275342,0.2068,0.00531355527534227
"Table 6",500,"1/250",0.4,0,1000,"rho","BYZ","bias",-0.000525144554625767,-0.0022,0.00167485544537423
"Table 6",500,"1/250",0.4,0,1000,"eta","BYZ","bias",-0.00109523418461511,5e-04,-0.00159523418461511
"Table 6",500,"1/250",0.4,0,1000,"rho","AC","bias",-0.00154156091666463,-0.0026,0.00105843908333537
"Table 6",500,"1/250",0.4,0,1000,"eta","AC","bias",0.275889925086466,0.2843,-0.00841007491353407
"Table 6",1000,"1/250",0.4,0,1000,"rho","BYZ","bias",-0.000749939780683995,-0.0012,0.000450060219316005
"Table 6",1000,"1/250",0.4,0,1000,"eta","BYZ","bias",-0.00195741421362845,-0.0018,-0.000157414213628451
"Table 6",1000,"1/250",0.4,0,1000,"rho","AC","bias",-0.00144942371490214,-0.0014,-4.94237149021427e-05
"Table 6",1000,"1/250",0.4,0,1000,"eta","AC","bias",0.19627906964577,0.1936,0.00267906964576967
"Table 6",500,"1/250",0.2,0.5,1000,"rho","BYZ","bias",-0.00186520454567299,4e-04,-0.00226520454567299
"Table 6",500,"1/250",0.2,0.5,1000,"eta","BYZ","bias",-0.00101415304716002,0.0116,-0.01261415304716
"Table 6",500,"1/250",0.2,0.5,1000,"rho","AC","bias",-0.00468291470520715,-0.0033,-0.00138291470520715
"Table 6",500,"1/250",0.2,0.5,1000,"eta","AC","bias",-0.0477948778169487,-0.0541,0.00630512218305131
"Table 6",1000,"1/250",0.2,0.5,1000,"rho","BYZ","bias",0.000170875450270058,0,0.000170875450270058
"Table 6",1000,"1/250",0.2,0.5,1000,"eta","BYZ","bias",-0.00388582358344502,0.0012,-0.00508582358344502
"Table 6",1000,"1/250",0.2,0.5,1000,"rho","AC","bias",-0.00217005308773299,-0.0019,-0.000270053087732993
"Table 6",1000,"1/250",0.2,0.5,1000,"eta","AC","bias",-0.078558120696699,-0.0864,0.00784187930330102
"Table 6",500,"1/250",0.4,0.5,1000,"rho","BYZ","bias",-0.00286751004637142,0.0017,-0.00456751004637142
"Table 6",500,"1/250",0.4,0.5,1000,"eta","BYZ","bias",0.00599216444631756,0.0051,0.00089216444631756
"Table 6",500,"1/250",0.4,0.5,1000,"rho","AC","bias",-0.00427835712717189,-0.0011,-0.00317835712717189
"Table 6",500,"1/250",0.4,0.5,1000,"eta","AC","bias",-0.0527620573306589,-0.0573,0.00453794266934108
"Table 6",1000,"1/250",0.4,0.5,1000,"rho","BYZ","bias",-0.00124175020150347,6e-04,-0.00184175020150347
"Table 6",1000,"1/250",0.4,0.5,1000,"eta","BYZ","bias",0.00313573762846275,0.0037,-0.000564262371537247
"Table 6",1000,"1/250",0.4,0.5,1000,"rho","AC","bias",-0.0014061349550219,-0.0013,-0.000106134955021898
"Table 6",1000,"1/250",0.4,0.5,1000,"eta","AC","bias",-0.0750240088739172,-0.0852,0.0101759911260828
"Table 6",500,"1/250",0.2,0,1000,"rho","BYZ","sd",0.044771236193999,0.0456,-0.00082876380600104
"Table 6",500,"1/250",0.2,0,1000,"eta","BYZ","sd",0.111374791345492,0.1146,-0.00322520865450819
"Table 6",500,"1/250",0.2,0,1000,"rho","AC","sd",0.0462456588859573,0.0477,-0.00145434111404271
"Table 6",500,"1/250",0.2,0,1000,"eta","AC","sd",0.143819149839936,0.1462,-0.00238085016006434
"Table 6",1000,"1/250",0.2,0,1000,"rho","BYZ","sd",0.0320419554713315,0.0322,-0.00015804452866848
"Table 6",1000,"1/250",0.2,0,1000,"eta","BYZ","sd",0.0795048078999406,0.0764,0.00310480789994065
"Table 6",1000,"1/250",0.2,0,1000,"rho","AC","sd",0.0319398114214364,0.032,-6.01885785636372e-05
"Table 6",1000,"1/250",0.2,0,1000,"eta","AC","sd",0.102419759442112,0.0971,0.00531975944211242
"Table 6",500,"1/250",0.4,0,1000,"rho","BYZ","sd",0.0396632850357418,0.0381,0.00156328503574181
"Table 6",500,"1/250",0.4,0,1000,"eta","BYZ","sd",0.106223664247392,0.1093,-0.00307633575260764
"Table 6",500,"1/250",0.4,0,1000,"rho","AC","sd",0.0401525103462296,0.038,0.00215251034622956
"Table 6",500,"1/250",0.4,0,1000,"eta","AC","sd",0.134105035201682,0.1407,-0.0065949647983182
"Table 6",1000,"1/250",0.4,0,1000,"rho","BYZ","sd",0.0273308089194838,0.0276,-0.000269191080516228
"Table 6",1000,"1/250",0.4,0,1000,"eta","BYZ","sd",0.0729497381297917,0.0735,-0.000550261870208305
"Table 6",1000,"1/250",0.4,0,1000,"rho","AC","sd",0.0275345762940354,0.0269,0.000634576294035443
"Table 6",1000,"1/250",0.4,0,1000,"eta","AC","sd",0.0942630041879322,0.095,-0.000736995812067778
"Table 6",500,"1/250",0.2,0.5,1000,"rho","BYZ","sd",0.0429852193948317,0.0444,-0.00141478060516831
"Table 6",500,"1/250",0.2,0.5,1000,"eta","BYZ","sd",0.1275919719225,0.1357,-0.00810802807750044
"Table 6",500,"1/250",0.2,0.5,1000,"rho","AC","sd",0.0415260748470788,0.0436,-0.00207392515292123
"Table 6",500,"1/250",0.2,0.5,1000,"eta","AC","sd",0.183390910109452,0.1946,-0.011209089890548
"Table 6",1000,"1/250",0.2,0.5,1000,"rho","BYZ","sd",0.0315083163143517,0.0314,0.000108316314351729
"Table 6",1000,"1/250",0.2,0.5,1000,"eta","BYZ","sd",0.0862850135376936,0.0894,-0.00311498646230637
"Table 6",1000,"1/250",0.2,0.5,1000,"rho","AC","sd",0.0308575059023468,0.0295,0.00135750590234678
"Table 6",1000,"1/250",0.2,0.5,1000,"eta","AC","sd",0.150272622648742,0.1479,0.00237262264874161
"Table 6",500,"1/250",0.4,0.5,1000,"rho","BYZ","sd",0.0397088547289223,0.0372,0.00250885472892228
"Table 6",500,"1/250",0.4,0.5,1000,"eta","BYZ","sd",0.123707466101228,0.1279,-0.00419253389877207
"Table 6",500,"1/250",0.4,0.5,1000,"rho","AC","sd",0.0370431684899796,0.0358,0.00124316848997959
"Table 6",500,"1/250",0.4,0.5,1000,"eta","AC","sd",0.188737559565685,0.1835,0.00523755956568467
"Table 6",1000,"1/250",0.4,0.5,1000,"rho","BYZ","sd",0.0277434121271845,0.0269,0.000843412127184494
"Table 6",1000,"1/250",0.4,0.5,1000,"eta","BYZ","sd",0.088847017231384,0.0874,0.00144701723138396
"Table 6",1000,"1/250",0.4,0.5,1000,"rho","AC","sd",0.0249941931495251,0.0253,-0.000305806850474943
"Table 6",1000,"1/250",0.4,0.5,1000,"eta","AC","sd",0.15489923145114,0.1468,0.0080992314511395
"Table 6",500,"1/250",0.2,0,1000,"rho","BYZ","rmse",0.0447511348057352,0.0456,-0.00084886519426481
"Table 6",500,"1/250",0.2,0,1000,"eta","BYZ","rmse",0.11133005406457,0.1146,-0.00326994593542994
"Table 6",500,"1/250",0.2,0,1000,"rho","AC","rmse",0.0466004095384806,0.0479,-0.00129959046151942
"Table 6",500,"1/250",0.2,0,1000,"eta","AC","rmse",0.336302768710644,0.3408,-0.00449723128935592
"Table 6",1000,"1/250",0.2,0,1000,"rho","BYZ","rmse",0.0320655580801082,0.0322,-0.000134441919891815
"Table 6",1000,"1/250",0.2,0,1000,"eta","BYZ","rmse",0.0794676858113814,0.0765,0.00296768581138142
"Table 6",1000,"1/250",0.2,0,1000,"rho","AC","rmse",0.0319243057881658,0.0321,-0.000175694211834172
"Table 6",1000,"1/250",0.2,0,1000,"eta","AC","rmse",0.235523836688777,0.2284,0.00712383668877686
"Table 6",500,"1/250",0.4,0,1000,"rho","BYZ","rmse",0.0396469264943694,0.0382,0.00144692649436935
"Table 6",500,"1/250",0.4,0,1000,"eta","BYZ","rmse",0.106176188089495,0.1093,-0.00312381191050523
"Table 6",500,"1/250",0.4,0,1000,"rho","AC","rmse",0.0401620252611438,0.0381,0.00206202526114382
"Table 6",500,"1/250",0.4,0,1000,"eta","AC","rmse",0.306726958499239,0.3173,-0.0105730415007613
"Table 6",1000,"1/250",0.4,0,1000,"rho","BYZ","rmse",0.0273274322385363,0.0276,-0.00027256776146372
"Table 6",1000,"1/250",0.4,0,1000,"eta","BYZ","rmse",0.0729395235747786,0.0735,-0.000560476425221376
"Table 6",1000,"1/250",0.4,0,1000,"rho","AC","rmse",0.0275589471479897,0.027,0.000558947147989673
"Table 6",1000,"1/250",0.4,0,1000,"eta","AC","rmse",0.21772023706028,0.2157,0.00202023706027982
"Table 6",500,"1/250",0.2,0.5,1000,"rho","BYZ","rmse",0.0430041898578801,0.0444,-0.00139581014211994
"Table 6",500,"1/250",0.2,0.5,1000,"eta","BYZ","rmse",0.127532192383633,0.1362,-0.0086678076163674
"Table 6",500,"1/250",0.2,0.5,1000,"rho","AC","rmse",0.0417686505342132,0.0437,-0.00193134946578678
"Table 6",500,"1/250",0.2,0.5,1000,"eta","AC","rmse",0.189427938885475,0.202,-0.0125720611145247
"Table 6",1000,"1/250",0.2,0.5,1000,"rho","BYZ","rmse",0.0314930217887675,0.0314,9.30217887674806e-05
"Table 6",1000,"1/250",0.2,0.5,1000,"eta","BYZ","rmse",0.0863293581729902,0.0894,-0.00307064182700981
"Table 6",1000,"1/250",0.2,0.5,1000,"rho","AC","rmse",0.0309183216757707,0.0295,0.00141832167577069
"Table 6",1000,"1/250",0.2,0.5,1000,"eta","AC","rmse",0.169501202308451,0.1713,-0.00179879769154881
"Table 6",500,"1/250",0.4,0.5,1000,"rho","BYZ","rmse",0.0397924485877008,0.0372,0.00259244858770083
"Table 6",500,"1/250",0.4,0.5,1000,"eta","BYZ","rmse",0.123790709129437,0.128,-0.0042092908705626
"Table 6",500,"1/250",0.4,0.5,1000,"rho","AC","rmse",0.0372710138734227,0.0358,0.00147101387342269
"Table 6",500,"1/250",0.4,0.5,1000,"eta","AC","rmse",0.195882820120048,0.1924,0.00348282012004822
"Table 6",1000,"1/250",0.4,0.5,1000,"rho","BYZ","rmse",0.0277573262960481,0.0269,0.000857326296048073
"Table 6",1000,"1/250",0.4,0.5,1000,"eta","BYZ","rmse",0.0888579289029262,0.0875,0.00135792890292616
"Table 6",1000,"1/250",0.4,0.5,1000,"rho","AC","rmse",0.0250212349218879,0.0253,-0.000278765078112069
"Table 6",1000,"1/250",0.4,0.5,1000,"eta","AC","rmse",0.172041797362627,0.1697,0.00234179736262727
