"table","panel","model","h","class","period","metric","value","mcs_p","n_forecasts","first_target","last_target","mcs_status","mcs_B","mcs_block","mcs_seed","calendar","paper_value","paper_mcs_p","diff","rel_diff"
"Table 15","full","HAR",1,"vharf","full","MSFE",0.514631049637425,1,4508,2007-01-03,2025-01-14,"ok",5000,20,20251005,"common_obs",0.5157,1,-0.00106895036257482,-0.00207281435442082
"Table 15","full","HAR",2,"vharf","full","MSFE",0.65027250487008,1,4507,2007-01-04,2025-01-14,"ok",5000,20,20251006,"common_obs",0.6513,1,-0.00102749512991962,-0.0015776065252873
"Table 15","full","HAR",3,"vharf","full","MSFE",0.734968897893013,1,4506,2007-01-05,2025-01-14,"ok",5000,20,20251007,"common_obs",0.7369,1,-0.00193110210698721,-0.00262057552854826
"Table 15","full","HAR",4,"vharf","full","MSFE",0.785610466429993,1,4505,2007-01-08,2025-01-14,"ok",5000,20,20251008,"common_obs",0.787,1,-0.00138953357000704,-0.0017656080940369
"Table 15","full","HAR",5,"vharf","full","MSFE",0.866271531878394,1,4504,2007-01-09,2025-01-14,"ok",5000,20,20251009,"common_obs",0.8678,1,-0.00152846812160568,-0.00176131380687448
"Table 15","full","HAR",10,"vharf","full","MSFE",1.11057484589472,1,4499,2007-01-17,2025-01-14,"ok",5000,20,20251014,"common_obs",1.1109,1,-0.000325154105277781,-0.00029269430666827
"Table 15","full","HAR",15,"vharf","full","MSFE",1.24632759660081,1,4494,2007-01-24,2025-01-14,"ok",5000,20,20251019,"common_obs",1.2468,1,-0.000472403399188526,-0.000378892684623457
"Table 15","full","HAR",20,"vharf","full","MSFE",1.30598807690006,1,4489,2007-01-31,2025-01-14,"ok",5000,20,20251024,"common_obs",1.3072,1,-0.00121192309994034,-0.000927113754544322
"Table 15","full","VHARF2",1,"vharf","full","MSFE",0.528883598380463,0.1564,4508,2007-01-03,2025-01-14,"ok",5000,20,20251005,"common_obs",0.5316,0.1446,-0.00271640161953712,-0.00510986008189828
"Table 15","full","VHARF2",2,"vharf","full","MSFE",0.666229869281948,0.2308,4507,2007-01-04,2025-01-14,"ok",5000,20,20251006,"common_obs",0.6703,0.1664,-0.00407013071805218,-0.00607210311510097
"Table 15","full","VHARF2",3,"vharf","full","MSFE",0.763514103249692,0.0848,4506,2007-01-05,2025-01-14,"ok",5000,20,20251007,"common_obs",0.7701,0.0958,-0.00658589675030774,-0.00855200201312523
"Table 15","full","VHARF2",4,"vharf","full","MSFE",0.823174301230416,0.0684,4505,2007-01-08,2025-01-14,"ok",5000,20,20251008,"common_obs",0.8292,0.073,-0.00602569876958425,-0.00726688225950826
"Table 15","full","VHARF2",5,"vharf","full","MSFE",0.923060316765777,0.0766,4504,2007-01-09,2025-01-14,"ok",5000,20,20251009,"common_obs",0.9307,0.0946,-0.00763968323422326,-0.00820853468810923
"Table 15","full","VHARF2",10,"vharf","full","MSFE",1.25076001719253,0.32,4499,2007-01-17,2025-01-14,"ok",5000,20,20251014,"common_obs",1.2834,0.1972,-0.032639982807473,-0.0254324316717103
"Table 15","full","VHARF2",15,"vharf","full","MSFE",1.401051391456,0.3634,4494,2007-01-24,2025-01-14,"ok",5000,20,20251019,"common_obs",1.456,0.2186,-0.054948608543997,-0.0377394289450529
"Table 15","full","VHARF2",20,"vharf","full","MSFE",1.44829978847555,0.2356,4489,2007-01-31,2025-01-14,"ok",5000,20,20251024,"common_obs",1.5053,0.2222,-0.0570002115244455,-0.037866346591673
"Table 15","full","VHARF3",1,"vharf","full","MSFE",0.527429208031546,0.1564,4508,2007-01-03,2025-01-14,"ok",5000,20,20251005,"common_obs",0.53,0.1446,-0.00257079196845367,-0.00485055088387484
"Table 15","full","VHARF3",2,"vharf","full","MSFE",0.665946252532824,0.2308,4507,2007-01-04,2025-01-14,"ok",5000,20,20251006,"common_obs",0.6695,0.1664,-0.00355374746717585,-0.00530806193752927
"Table 15","full","VHARF3",3,"vharf","full","MSFE",0.762758166344206,0.0848,4506,2007-01-05,2025-01-14,"ok",5000,20,20251007,"common_obs",0.7691,0.0958,-0.00634183365579366,-0.00824578553607289
"Table 15","full","VHARF3",4,"vharf","full","MSFE",0.818755473075409,0.0684,4505,2007-01-08,2025-01-14,"ok",5000,20,20251008,"common_obs",0.8249,0.073,-0.00614452692459144,-0.00744881431033027
"Table 15","full","VHARF3",5,"vharf","full","MSFE",0.919416672539401,0.0766,4504,2007-01-09,2025-01-14,"ok",5000,20,20251009,"common_obs",0.9278,0.0946,-0.00838332746059867,-0.00903570538973773
"Table 15","full","VHARF3",10,"vharf","full","MSFE",1.24183232076556,0.356,4499,2007-01-17,2025-01-14,"ok",5000,20,20251014,"common_obs",1.2629,0.1972,-0.0210676792344362,-0.0166819852992606
"Table 15","full","VHARF3",15,"vharf","full","MSFE",1.36491359596412,0.3634,4494,2007-01-24,2025-01-14,"ok",5000,20,20251019,"common_obs",1.3993,0.2186,-0.0343864040358783,-0.0245740041705698
"Table 15","full","VHARF3",20,"vharf","full","MSFE",1.37981786804799,0.2356,4489,2007-01-31,2025-01-14,"ok",5000,20,20251024,"common_obs",1.4299,0.2222,-0.0500821319520086,-0.0350249191915579
"Table 15","full","VHARF4",1,"vharf","full","MSFE",0.527196694488175,0.1564,4508,2007-01-03,2025-01-14,"ok",5000,20,20251005,"common_obs",0.5293,0.1446,-0.00210330551182492,-0.00397374931385777
"Table 15","full","VHARF4",2,"vharf","full","MSFE",0.665873651578358,0.2308,4507,2007-01-04,2025-01-14,"ok",5000,20,20251006,"common_obs",0.6691,0.1664,-0.00322634842164204,-0.00482192261491861
"Table 15","full","VHARF4",3,"vharf","full","MSFE",0.768307755447258,0.0848,4506,2007-01-05,2025-01-14,"ok",5000,20,20251007,"common_obs",0.7743,0.0958,-0.00599224455274205,-0.0077389184460055
"Table 15","full","VHARF4",4,"vharf","full","MSFE",0.829140462893699,0.0684,4505,2007-01-08,2025-01-14,"ok",5000,20,20251008,"common_obs",0.8348,0.073,-0.00565953710630085,-0.0067795125854107
"Table 15","full","VHARF4",5,"vharf","full","MSFE",0.929335847578422,0.0742,4504,2007-01-09,2025-01-14,"ok",5000,20,20251009,"common_obs",0.9372,0.0688,-0.00786415242157845,-0.0083911144062937
"Table 15","full","VHARF4",10,"vharf","full","MSFE",1.20362206660254,0.356,4499,2007-01-17,2025-01-14,"ok",5000,20,20251014,"common_obs",1.2306,0.1662,-0.0269779333974622,-0.0219225852409087
"Table 15","full","VHARF4",15,"vharf","full","MSFE",1.35283897274179,0.3634,4494,2007-01-24,2025-01-14,"ok",5000,20,20251019,"common_obs",1.3949,0.1718,-0.0420610272582129,-0.0301534355568234
"Table 15","full","VHARF4",20,"vharf","full","MSFE",1.4227131920032,0.2356,4489,2007-01-31,2025-01-14,"ok",5000,20,20251024,"common_obs",1.4871,0.2222,-0.0643868079968029,-0.0432968919351778
"Table 15","full","VHARF5",1,"vharf","full","MSFE",0.530465317353252,0.123,4508,2007-01-03,2025-01-14,"ok",5000,20,20251005,"common_obs",0.5323,0.1446,-0.00183468264674758,-0.00344670795932289
"Table 15","full","VHARF5",2,"vharf","full","MSFE",0.668107976758761,0.1354,4507,2007-01-04,2025-01-14,"ok",5000,20,20251006,"common_obs",0.6712,0.1664,-0.00309202324123892,-0.00460670923903295
"Table 15","full","VHARF5",3,"vharf","full","MSFE",0.771147067210524,0.072,4506,2007-01-05,2025-01-14,"ok",5000,20,20251007,"common_obs",0.7773,0.0854,-0.00615293278947582,-0.00791577613466592
"Table 15","full","VHARF5",4,"vharf","full","MSFE",0.831445299936014,0.0494,4505,2007-01-08,2025-01-14,"ok",5000,20,20251008,"common_obs",0.8378,0.0584,-0.00635470006398642,-0.00758498455954454
"Table 15","full","VHARF5",5,"vharf","full","MSFE",0.936104376518253,0.0766,4504,2007-01-09,2025-01-14,"ok",5000,20,20251009,"common_obs",0.9454,0.0946,-0.00929562348174673,-0.00983247671011924
"Table 15","full","VHARF5",10,"vharf","full","MSFE",1.20988864968006,0.356,4499,2007-01-17,2025-01-14,"ok",5000,20,20251014,"common_obs",1.2351,0.1972,-0.0252113503199407,-0.0204123960164689
"Table 15","full","VHARF5",15,"vharf","full","MSFE",1.38161025600828,0.3634,4494,2007-01-24,2025-01-14,"ok",5000,20,20251019,"common_obs",1.4075,0.2186,-0.0258897439917167,-0.0183941342747543
"Table 15","full","VHARF5",20,"vharf","full","MSFE",1.46881001437096,0.2324,4489,2007-01-31,2025-01-14,"ok",5000,20,20251024,"common_obs",1.4925,0.2222,-0.0236899856290389,-0.0158726871886358
"Table 16","full","LHAR",1,"vlhar","full","MSFE",0.499769190575363,1,4508,2007-01-03,2025-01-14,"ok",5000,20,20251005,"common_obs",0.5003,1,-0.000530809424637457,-0.00106098225991896
"Table 16","full","LHAR",2,"vlhar","full","MSFE",0.637686022884049,1,4507,2007-01-04,2025-01-14,"ok",5000,20,20251006,"common_obs",0.6389,1,-0.00121397711595128,-0.00190010504922724
"Table 16","full","LHAR",3,"vlhar","full","MSFE",0.724762009539194,1,4506,2007-01-05,2025-01-14,"ok",5000,20,20251007,"common_obs",0.7263,1,-0.00153799046080583,-0.00211756913232249
"Table 16","full","LHAR",4,"vlhar","full","MSFE",0.775476139615516,1,4505,2007-01-08,2025-01-14,"ok",5000,20,20251008,"common_obs",0.7774,1,-0.00192386038448422,-0.00247473679506589
"Table 16","full","LHAR",5,"vlhar","full","MSFE",0.848875695144045,1,4504,2007-01-09,2025-01-14,"ok",5000,20,20251009,"common_obs",0.851,1,-0.00212430485595505,-0.002496245424154
"Table 16","full","LHAR",10,"vlhar","full","MSFE",1.05621534550221,1,4499,2007-01-17,2025-01-14,"ok",5000,20,20251014,"common_obs",1.0568,1,-0.000584654497790993,-0.000553230978227662
"Table 16","full","LHAR",15,"vlhar","full","MSFE",1.19142705037605,1,4494,2007-01-24,2025-01-14,"ok",5000,20,20251019,"common_obs",1.1918,1,-0.000372949623953511,-0.000312929706287558
"Table 16","full","LHAR",20,"vlhar","full","MSFE",1.2722502662824,1,4489,2007-01-31,2025-01-14,"ok",5000,20,20251024,"common_obs",1.2721,1,0.000150266282398226,0.000118124583286083
"Table 16","full","VLHAR2",1,"vlhar","full","MSFE",0.507585508676683,0.262,4508,2007-01-03,2025-01-14,"ok",5000,20,20251005,"common_obs",0.509,0.2292,-0.00141449132331695,-0.00277896134246944
"Table 16","full","VLHAR2",2,"vlhar","full","MSFE",0.646818810912258,0.3332,4507,2007-01-04,2025-01-14,"ok",5000,20,20251006,"common_obs",0.6495,0.2532,-0.00268118908774195,-0.00412808173632325
"Table 16","full","VLHAR2",3,"vlhar","full","MSFE",0.739049190632745,0.2662,4506,2007-01-05,2025-01-14,"ok",5000,20,20251007,"common_obs",0.7425,0.194,-0.00345080936725506,-0.00464755470337382
"Table 16","full","VLHAR2",4,"vlhar","full","MSFE",0.787859866113385,0.4196,4505,2007-01-08,2025-01-14,"ok",5000,20,20251008,"common_obs",0.7915,0.3522,-0.00364013388661499,-0.00459903207405558
"Table 16","full","VLHAR2",5,"vlhar","full","MSFE",0.867243609144795,0.2354,4504,2007-01-09,2025-01-14,"ok",5000,20,20251009,"common_obs",0.8723,0.1412,-0.00505639085520471,-0.00579661911636445
"Table 16","full","VLHAR2",10,"vlhar","full","MSFE",1.10948453094822,0.1098,4499,2007-01-17,2025-01-14,"ok",5000,20,20251014,"common_obs",1.1162,0.1462,-0.006715469051779,-0.00601636718489428
"Table 16","full","VLHAR2",15,"vlhar","full","MSFE",1.27616951019393,0.0764,4494,2007-01-24,2025-01-14,"ok",5000,20,20251019,"common_obs",1.2874,0.167,-0.0112304898060678,-0.00872338807368943
"Table 16","full","VLHAR2",20,"vlhar","full","MSFE",1.39286038076465,0.2512,4489,2007-01-31,2025-01-14,"ok",5000,20,20251024,"common_obs",1.4055,0.1332,-0.0126396192353508,-0.00899296992910056
"Table 16","full","VLHAR3",1,"vlhar","full","MSFE",0.512648893266305,0.262,4508,2007-01-03,2025-01-14,"ok",5000,20,20251005,"common_obs",0.5136,0.2292,-0.00095110673369514,-0.00185184332884568
"Table 16","full","VLHAR3",2,"vlhar","full","MSFE",0.653542081600178,0.1106,4507,2007-01-04,2025-01-14,"ok",5000,20,20251006,"common_obs",0.6563,0.084,-0.00275791839982198,-0.00420222215423127
"Table 16","full","VLHAR3",3,"vlhar","full","MSFE",0.753028191656361,0.1174,4506,2007-01-05,2025-01-14,"ok",5000,20,20251007,"common_obs",0.7565,0.083,-0.00347180834363869,-0.00458930382503463
"Table 16","full","VLHAR3",4,"vlhar","full","MSFE",0.803293137064612,0.1348,4505,2007-01-08,2025-01-14,"ok",5000,20,20251008,"common_obs",0.8066,0.093,-0.00330686293538751,-0.0040997556848345
"Table 16","full","VLHAR3",5,"vlhar","full","MSFE",0.890063159124106,0.1464,4504,2007-01-09,2025-01-14,"ok",5000,20,20251009,"common_obs",0.8954,0.1154,-0.00533684087589414,-0.00596028688395594
"Table 16","full","VLHAR3",10,"vlhar","full","MSFE",1.14813724616375,0.0718,4499,2007-01-17,2025-01-14,"ok",5000,20,20251014,"common_obs",1.1598,0.1462,-0.0116627538362477,-0.0100558318988168
"Table 16","full","VLHAR3",15,"vlhar","full","MSFE",1.33340372403611,0.0398,4494,2007-01-24,2025-01-14,"ok",5000,20,20251019,"common_obs",1.3485,0.167,-0.0150962759638935,-0.0111948653792314
"Table 16","full","VLHAR3",20,"vlhar","full","MSFE",1.44399850814741,0.2512,4489,2007-01-31,2025-01-14,"ok",5000,20,20251024,"common_obs",1.46,0.1332,-0.0160014918525935,-0.0109599259264339
"Table 16","full","VLHAR4",1,"vlhar","full","MSFE",0.51580137878419,0.216,4508,2007-01-03,2025-01-14,"ok",5000,20,20251005,"common_obs",0.5174,0.1992,-0.00159862121580956,-0.0030897201697131
"Table 16","full","VLHAR4",2,"vlhar","full","MSFE",0.658471932409574,0.089,4507,2007-01-04,2025-01-14,"ok",5000,20,20251006,"common_obs",0.6619,0.0678,-0.00342806759042635,-0.00517913218073176
"Table 16","full","VLHAR4",3,"vlhar","full","MSFE",0.762008094578543,0.1174,4506,2007-01-05,2025-01-14,"ok",5000,20,20251007,"common_obs",0.7675,0.083,-0.00549190542145694,-0.00715557709636084
"Table 16","full","VLHAR4",4,"vlhar","full","MSFE",0.813958244672716,0.1348,4505,2007-01-08,2025-01-14,"ok",5000,20,20251008,"common_obs",0.8184,0.093,-0.00444175532728408,-0.0054273647694087
"Table 16","full","VLHAR4",5,"vlhar","full","MSFE",0.901964745286835,0.1464,4504,2007-01-09,2025-01-14,"ok",5000,20,20251009,"common_obs",0.9079,0.1154,-0.00593525471316514,-0.00653734410525954
"Table 16","full","VLHAR4",10,"vlhar","full","MSFE",1.16218022666524,0.0718,4499,2007-01-17,2025-01-14,"ok",5000,20,20251014,"common_obs",1.1716,0.1462,-0.00941977333475874,-0.00804009332089343
"Table 16","full","VLHAR4",15,"vlhar","full","MSFE",1.34642342503959,0.0398,4494,2007-01-24,2025-01-14,"ok",5000,20,20251019,"common_obs",1.3644,0.167,-0.0179765749604086,-0.013175443389335
"Table 16","full","VLHAR4",20,"vlhar","full","MSFE",1.44844784099035,0.2512,4489,2007-01-31,2025-01-14,"ok",5000,20,20251024,"common_obs",1.4771,0.1332,-0.0286521590096476,-0.0193975756615311
"Table 16","full","VLHAR5",1,"vlhar","full","MSFE",0.523696130998121,0.1508,4508,2007-01-03,2025-01-14,"ok",5000,20,20251005,"common_obs",0.5263,0.1376,-0.00260386900187892,-0.00494749952855581
"Table 16","full","VLHAR5",2,"vlhar","full","MSFE",0.665212521309558,0.0072,4507,2007-01-04,2025-01-14,"ok",5000,20,20251006,"common_obs",0.6699,0.0048,-0.00468747869044173,-0.00699728122173716
"Table 16","full","VLHAR5",3,"vlhar","full","MSFE",0.768817884800548,0.031,4506,2007-01-05,2025-01-14,"ok",5000,20,20251007,"common_obs",0.7769,0.0124,-0.00808211519945168,-0.0104030315348844
"Table 16","full","VLHAR5",4,"vlhar","full","MSFE",0.82610508029995,0.0124,4505,2007-01-08,2025-01-14,"ok",5000,20,20251008,"common_obs",0.8349,0.0062,-0.0087949197000502,-0.0105340995329383
"Table 16","full","VLHAR5",5,"vlhar","full","MSFE",0.919023241304996,0.0224,4504,2007-01-09,2025-01-14,"ok",5000,20,20251009,"common_obs",0.9293,0.0128,-0.0102767586950043,-0.0110586018454797
"Table 16","full","VLHAR5",10,"vlhar","full","MSFE",1.17832236130304,0.0502,4499,2007-01-17,2025-01-14,"ok",5000,20,20251014,"common_obs",1.1905,0.0208,-0.0121776386969588,-0.0102290119252069
"Table 16","full","VLHAR5",15,"vlhar","full","MSFE",1.37661777558749,0.023,4494,2007-01-24,2025-01-14,"ok",5000,20,20251019,"common_obs",1.3842,0.0394,-0.00758222441251255,-0.00547769427287426
"Table 16","full","VLHAR5",20,"vlhar","full","MSFE",1.48391804375937,0.1276,4489,2007-01-31,2025-01-14,"ok",5000,20,20251024,"common_obs",1.4928,0.0354,-0.00888195624062771,-0.00594986350524364
"Table 18","mfbm","fBm",1,"mfbm","full","QLIKE",0.0279614519442932,0.7458,4508,2007-01-03,2025-01-14,"ok",5000,20,20251005,"common_obs",0.028,0.7192,-3.85480557067511e-05,-0.00137671627524111
"Table 18","mfbm","fBm",2,"mfbm","full","QLIKE",0.0387772932457728,0.6666,4507,2007-01-04,2025-01-14,"ok",5000,20,20251006,"common_obs",0.0388,0.671,-2.2706754227178e-05,-0.000585225624411805
"Table 18","mfbm","fBm",3,"mfbm","full","QLIKE",0.0447697041500505,1,4506,2007-01-05,2025-01-14,"ok",5000,20,20251007,"common_obs",0.0448,1,-3.0295849949534e-05,-0.000676246650659241
"Table 18","mfbm","fBm",4,"mfbm","full","QLIKE",0.0481906585902311,0.7994,4505,2007-01-08,2025-01-14,"ok",5000,20,20251008,"common_obs",0.0482,0.803,-9.34140976890929e-06,-0.000193805181927579
"Table 18","mfbm","fBm",5,"mfbm","full","QLIKE",0.0523518465390128,0.0972,4504,2007-01-09,2025-01-14,"ok",5000,20,20251009,"common_obs",0.0523,0.095,5.18465390128425e-05,0.000991329617836377
"Table 18","mfbm","fBm",10,"mfbm","full","QLIKE",0.0650149481431383,0.015,4499,2007-01-17,2025-01-14,"ok",5000,20,20251014,"common_obs",0.0649,0.0252,0.000114948143138324,0.00177115782955815
"Table 18","mfbm","fBm",15,"mfbm","full","QLIKE",0.0752947288951567,0.0254,4494,2007-01-24,2025-01-14,"ok",5000,20,20251019,"common_obs",0.0752,0.0448,9.47288951566733e-05,0.001259692754743
"Table 18","mfbm","fBm",20,"mfbm","full","QLIKE",0.0818132115066305,0.0314,4489,2007-01-31,2025-01-14,"ok",5000,20,20251024,"common_obs",0.0817,0.0248,0.000113211506630545,0.00138569775557583
"Table 18","mfbm","bfBm",1,"mfbm","full","QLIKE",0.0279389001502366,1,4508,2007-01-03,2025-01-14,"ok",5000,20,20251005,"common_obs",0.0279,1,3.89001502365573e-05,0.00139427061779775
"Table 18","mfbm","bfBm",2,"mfbm","full","QLIKE",0.0387560295279699,1,4507,2007-01-04,2025-01-14,"ok",5000,20,20251006,"common_obs",0.0388,1,-4.39704720301484e-05,-0.00113325958840589
"Table 18","mfbm","bfBm",3,"mfbm","full","QLIKE",0.0447771264497295,0.8996,4506,2007-01-05,2025-01-14,"ok",5000,20,20251007,"common_obs",0.0448,0.9054,-2.28735502705441e-05,-0.00051057031853893
"Table 18","mfbm","bfBm",4,"mfbm","full","QLIKE",0.048120916598724,0.8076,4505,2007-01-08,2025-01-14,"ok",5000,20,20251008,"common_obs",0.0481,0.8182,2.09165987240315e-05,0.000434856522329136
"Table 18","mfbm","bfBm",5,"mfbm","full","QLIKE",0.0521737939797698,0.3324,4504,2007-01-09,2025-01-14,"ok",5000,20,20251009,"common_obs",0.0521,0.3336,7.37939797698026e-05,0.00141639116640696
"Table 18","mfbm","bfBm",10,"mfbm","full","QLIKE",0.0645434603578783,0.7298,4499,2007-01-17,2025-01-14,"ok",5000,20,20251014,"common_obs",0.0644,0.2536,0.000143460357878336,0.00222764530866982
"Table 18","mfbm","bfBm",15,"mfbm","full","QLIKE",0.0746977896272883,0.2444,4494,2007-01-24,2025-01-14,"ok",5000,20,20251019,"common_obs",0.0746,0.4018,9.77896272882917e-05,0.00131085291271168
"Table 18","mfbm","bfBm",20,"mfbm","full","QLIKE",0.0811073741004297,0.3486,4489,2007-01-31,2025-01-14,"ok",5000,20,20251024,"common_obs",0.0809,0.4066,0.000207374100429661,0.00256333869505143
"Table 18","mfbm","mfBm3",1,"mfbm","full","QLIKE",0.0279954966608431,0.2004,4508,2007-01-03,2025-01-14,"ok",5000,20,20251005,"common_obs",0.028,0.202,-4.50333915686871e-06,-0.00016083354131674
"Table 18","mfbm","mfBm3",2,"mfbm","full","QLIKE",0.0388240774477778,0.56,4507,2007-01-04,2025-01-14,"ok",5000,20,20251006,"common_obs",0.0388,0.55,2.40774477777497e-05,0.000620552777777055
"Table 18","mfbm","mfBm3",3,"mfbm","full","QLIKE",0.0448383599923007,0.488,4506,2007-01-05,2025-01-14,"ok",5000,20,20251007,"common_obs",0.0448,0.4768,3.835999230066e-05,0.000856249828139732
"Table 18","mfbm","mfBm3",4,"mfbm","full","QLIKE",0.0481281824506708,0.8076,4505,2007-01-08,2025-01-14,"ok",5000,20,20251008,"common_obs",0.0481,0.8182,2.81824506707593e-05,0.00058591373535882
"Table 18","mfbm","mfBm3",5,"mfbm","full","QLIKE",0.0521160258917613,0.3324,4504,2007-01-09,2025-01-14,"ok",5000,20,20251009,"common_obs",0.0521,0.3336,1.60258917613135e-05,0.000307598690236343
"Table 18","mfbm","mfBm3",10,"mfbm","full","QLIKE",0.0645142213898268,0.7298,4499,2007-01-17,2025-01-14,"ok",5000,20,20251014,"common_obs",0.0644,0.3256,0.000114221389826821,0.00177362406563387
"Table 18","mfbm","mfBm3",15,"mfbm","full","QLIKE",0.0744301073975225,0.2444,4494,2007-01-24,2025-01-14,"ok",5000,20,20251019,"common_obs",0.0743,0.6268,0.000130107397522464,0.0017511089841516
"Table 18","mfbm","mfBm3",20,"mfbm","full","QLIKE",0.0808641097741574,0.3486,4489,2007-01-31,2025-01-14,"ok",5000,20,20251024,"common_obs",0.0807,0.471,0.000164109774157442,0.00203357836626322
"Table 18","mfbm","mfBm4",1,"mfbm","full","QLIKE",0.0280075250971339,0.2004,4508,2007-01-03,2025-01-14,"ok",5000,20,20251005,"common_obs",0.028,0.202,7.52509713385432e-06,0.000268753469066226
"Table 18","mfbm","mfBm4",2,"mfbm","full","QLIKE",0.0388404419906667,0.5136,4507,2007-01-04,2025-01-14,"ok",5000,20,20251006,"common_obs",0.0388,0.5044,4.04419906667314e-05,0.00104231934708071
"Table 18","mfbm","mfBm4",3,"mfbm","full","QLIKE",0.0448679066022846,0.321,4506,2007-01-05,2025-01-14,"ok",5000,20,20251007,"common_obs",0.0449,0.3292,-3.20933977154478e-05,-0.000714775004798391
"Table 18","mfbm","mfBm4",4,"mfbm","full","QLIKE",0.0481357087132755,0.8076,4505,2007-01-08,2025-01-14,"ok",5000,20,20251008,"common_obs",0.0481,0.8182,3.57087132755521e-05,0.000742384891383619
"Table 18","mfbm","mfBm4",5,"mfbm","full","QLIKE",0.0520564551257848,0.3324,4504,2007-01-09,2025-01-14,"ok",5000,20,20251009,"common_obs",0.052,0.3336,5.64551257848378e-05,0.00108567549586227
"Table 18","mfbm","mfBm4",10,"mfbm","full","QLIKE",0.0644535086718512,0.7298,4499,2007-01-17,2025-01-14,"ok",5000,20,20251014,"common_obs",0.0643,0.3256,0.000153508671851224,0.00238738214387596
"Table 18","mfbm","mfBm4",15,"mfbm","full","QLIKE",0.0743350682162782,0.2444,4494,2007-01-24,2025-01-14,"ok",5000,20,20251019,"common_obs",0.0742,0.6268,0.000135068216278247,0.00182032636493595
"Table 18","mfbm","mfBm4",20,"mfbm","full","QLIKE",0.0807476269090751,0.3486,4489,2007-01-31,2025-01-14,"ok",5000,20,20251024,"common_obs",0.0806,0.471,0.000147626909075119,0.00183159936817765
"Table 18","mfbm","mfBm5",1,"mfbm","full","QLIKE",0.0279776530082824,0.7458,4508,2007-01-03,2025-01-14,"ok",5000,20,20251005,"common_obs",0.028,0.7192,-2.23469917175617e-05,-0.000798106847055775
"Table 18","mfbm","mfBm5",2,"mfbm","full","QLIKE",0.0388398928617964,0.56,4507,2007-01-04,2025-01-14,"ok",5000,20,20251006,"common_obs",0.0388,0.55,3.98928617963978e-05,0.00102816654114427
"Table 18","mfbm","mfBm5",3,"mfbm","full","QLIKE",0.0448301736135393,0.7082,4506,2007-01-05,2025-01-14,"ok",5000,20,20251007,"common_obs",0.0448,0.7052,3.01736135393388e-05,0.000673518159360241
"Table 18","mfbm","mfBm5",4,"mfbm","full","QLIKE",0.0480938249939649,1,4505,2007-01-08,2025-01-14,"ok",5000,20,20251008,"common_obs",0.0481,1,-6.17500603513482e-06,-0.000128378503848957
"Table 18","mfbm","mfBm5",5,"mfbm","full","QLIKE",0.0520228240335568,1,4504,2007-01-09,2025-01-14,"ok",5000,20,20251009,"common_obs",0.052,1,2.28240335568494e-05,0.000438923722247104
"Table 18","mfbm","mfBm5",10,"mfbm","full","QLIKE",0.0644138603980086,1,4499,2007-01-17,2025-01-14,"ok",5000,20,20251014,"common_obs",0.0643,1,0.000113860398008619,0.0017707682427468
"Table 18","mfbm","mfBm5",15,"mfbm","full","QLIKE",0.0741048260918432,1,4494,2007-01-24,2025-01-14,"ok",5000,20,20251019,"common_obs",0.074,1,0.000104826091843244,0.00141656880869248
"Table 18","mfbm","mfBm5",20,"mfbm","full","QLIKE",0.0805679788764381,1,4489,2007-01-31,2025-01-14,"ok",5000,20,20251024,"common_obs",0.0804,1,0.000167978876438088,0.00208928950793642
"Table 18","vhar","HAR",1,"vhar","full","QLIKE",0.0283570385608282,1,4508,2007-01-03,2025-01-14,"ok",5000,20,20251005,"common_obs",0.0284,1,-4.29614391717868e-05,-0.00151272673140094
"Table 18","vhar","HAR",2,"vhar","full","QLIKE",0.0386533949745671,1,4507,2007-01-04,2025-01-14,"ok",5000,20,20251006,"common_obs",0.0387,1,-4.6605025432904e-05,-0.00120426422307245
"Table 18","vhar","HAR",3,"vhar","full","QLIKE",0.0443780870638888,1,4506,2007-01-05,2025-01-14,"ok",5000,20,20251007,"common_obs",0.0445,1,-0.000121912936111163,-0.00273961654182388
"Table 18","vhar","HAR",4,"vhar","full","QLIKE",0.0478880262708532,1,4505,2007-01-08,2025-01-14,"ok",5000,20,20251008,"common_obs",0.048,1,-0.000111973729146807,-0.00233278602389181
"Table 18","vhar","HAR",5,"vhar","full","QLIKE",0.0521738677502319,1,4504,2007-01-09,2025-01-14,"ok",5000,20,20251009,"common_obs",0.0522,1,-2.61322497680933e-05,-0.000500617811649296
"Table 18","vhar","HAR",10,"vhar","full","QLIKE",0.0660335598040939,1,4499,2007-01-17,2025-01-14,"ok",5000,20,20251014,"common_obs",0.066,1,3.35598040938495e-05,0.000508481880209841
"Table 18","vhar","HAR",15,"vhar","full","QLIKE",0.0747879504456718,1,4494,2007-01-24,2025-01-14,"ok",5000,20,20251019,"common_obs",0.0748,1,-1.20495543281807e-05,-0.000161090298505089
"Table 18","vhar","HAR",20,"vhar","full","QLIKE",0.0795144662743613,1,4489,2007-01-31,2025-01-14,"ok",5000,20,20251024,"common_obs",0.0799,1,-0.000385533725638709,-0.00482520307432677
"Table 18","vhar","VHAR2",1,"vhar","full","QLIKE",0.0288140451432293,0.002,4508,2007-01-03,2025-01-14,"ok",5000,20,20251005,"common_obs",0.0289,0.002,-8.59548567707057e-05,-0.00297421649725625
"Table 18","vhar","VHAR2",2,"vhar","full","QLIKE",0.0391267323262824,0.1618,4507,2007-01-04,2025-01-14,"ok",5000,20,20251006,"common_obs",0.0393,0.087,-0.000173267673717573,-0.00440884665948022
"Table 18","vhar","VHAR2",3,"vhar","full","QLIKE",0.0451915791539304,0.1422,4506,2007-01-05,2025-01-14,"ok",5000,20,20251007,"common_obs",0.0455,0.0795,-0.000308420846069649,-0.00677848013339887
"Table 18","vhar","VHAR2",4,"vhar","full","QLIKE",0.0493906213768884,0.1092,4505,2007-01-08,2025-01-14,"ok",5000,20,20251008,"common_obs",0.0497,0.0735,-0.000309378623111568,-0.00622492199419655
"Table 18","vhar","VHAR2",5,"vhar","full","QLIKE",0.0553929555145254,0.1544,4504,2007-01-09,2025-01-14,"ok",5000,20,20251009,"common_obs",0.0556,0.135,-0.000207044485474581,-0.00372382168119749
"Table 18","vhar","VHAR2",10,"vhar","full","QLIKE",0.0731240272782258,0.2014,4499,2007-01-17,2025-01-14,"ok",5000,20,20251014,"common_obs",0.0825,0.722,-0.00937597272177418,-0.113648154203323
"Table 18","vhar","VHAR2",15,"vhar","full","QLIKE",0.0869737029378693,0.1124,4494,2007-01-24,2025-01-14,"ok",5000,20,20251019,"common_obs",0.1023,0.5855,-0.0153262970621307,-0.149817175582901
"Table 18","vhar","VHAR2",20,"vhar","full","QLIKE",0.0946935646858422,0.1474,4489,2007-01-31,2025-01-14,"ok",5000,20,20251024,"common_obs",0.1604,0.232,-0.0657064353141578,-0.409641117918689
"Table 18","vhar","VHAR3",1,"vhar","full","QLIKE",0.0292250898927109,4e-04,4508,2007-01-03,2025-01-14,"ok",5000,20,20251005,"common_obs",0.0294,0,-0.000174910107289077,-0.0059493233771795
"Table 18","vhar","VHAR3",2,"vhar","full","QLIKE",0.0400839967306394,0.0028,4507,2007-01-04,2025-01-14,"ok",5000,20,20251006,"common_obs",0.0403,0.002,-0.00021600326936061,-0.00535988261440718
"Table 18","vhar","VHAR3",3,"vhar","full","QLIKE",0.046507751993364,0.0334,4506,2007-01-05,2025-01-14,"ok",5000,20,20251007,"common_obs",0.0469,0.016,-0.000392248006635981,-0.0083634969431979
"Table 18","vhar","VHAR3",4,"vhar","full","QLIKE",0.0516450162684999,0.0992,4505,2007-01-08,2025-01-14,"ok",5000,20,20251008,"common_obs",0.0521,0.0735,-0.000454983731500103,-0.00873289311900389
"Table 18","vhar","VHAR3",5,"vhar","full","QLIKE",0.0580247906228746,0.1544,4504,2007-01-09,2025-01-14,"ok",5000,20,20251009,"common_obs",0.0585,0.135,-0.000475209377125425,-0.00812323721581924
"Table 18","vhar","VHAR3",10,"vhar","full","QLIKE",0.0969004450089939,0.2014,4499,2007-01-17,2025-01-14,"ok",5000,20,20251014,"common_obs",0.1275,0.722,-0.0305995549910061,-0.239996509733381
"Table 18","vhar","VHAR3",15,"vhar","full","QLIKE",0.106540588856512,0.1124,4494,2007-01-24,2025-01-14,"ok",5000,20,20251019,"common_obs",0.1312,0.5855,-0.0246594111434877,-0.187952828837559
"Table 18","vhar","VHAR3",20,"vhar","full","QLIKE",0.101357018038668,0.1474,4489,2007-01-31,2025-01-14,"ok",5000,20,20251024,"common_obs",0.1593,0.232,-0.0579429819613323,-0.363734977786141
"Table 18","vhar","VHAR4",1,"vhar","full","QLIKE",0.0299303161865671,4e-04,4508,2007-01-03,2025-01-14,"ok",5000,20,20251005,"common_obs",0.0301,0,-0.000169683813432891,-0.0056373359944482
"Table 18","vhar","VHAR4",2,"vhar","full","QLIKE",0.0417434860668336,0.0016,4507,2007-01-04,2025-01-14,"ok",5000,20,20251006,"common_obs",0.0419,0.002,-0.000156513933166416,-0.00373541606602425
"Table 18","vhar","VHAR4",3,"vhar","full","QLIKE",0.0491890775340306,0.005,4506,2007-01-05,2025-01-14,"ok",5000,20,20251007,"common_obs",0.0495,0.004,-0.000310922465969428,-0.00628126193877632
"Table 18","vhar","VHAR4",4,"vhar","full","QLIKE",0.055028696073404,0.011,4505,2007-01-08,2025-01-14,"ok",5000,20,20251008,"common_obs",0.0554,0.0105,-0.000371303926595963,-0.0067022369421654
"Table 18","vhar","VHAR4",5,"vhar","full","QLIKE",0.0624938687055055,0.0118,4504,2007-01-09,2025-01-14,"ok",5000,20,20251009,"common_obs",0.0628,0.112,-0.000306131294494451,-0.00487470214163138
"Table 18","vhar","VHAR4",10,"vhar","full","QLIKE",0.102903142066587,0.2014,4499,2007-01-17,2025-01-14,"ok",5000,20,20251014,"common_obs",0.2009,0.6735,-0.0979968579334127,-0.487789238095633
"Table 18","vhar","VHAR4",15,"vhar","full","QLIKE",0.146964771913321,0.1124,4494,2007-01-24,2025-01-14,"ok",5000,20,20251019,"common_obs",0.2896,0.3875,-0.142635228086679,-0.492524958862841
"Table 18","vhar","VHAR4",20,"vhar","full","QLIKE",0.460451136659958,0.1474,4489,2007-01-31,2025-01-14,"ok",5000,20,20251024,"common_obs",0.4238,0.232,0.0366511366599577,0.0864821535157095
"Table 18","vhar","VHAR5",1,"vhar","full","QLIKE",0.0308132179266893,0,4508,2007-01-03,2025-01-14,"ok",5000,20,20251005,"common_obs",0.031,0,-0.000186782073310732,-0.00602522817131395
"Table 18","vhar","VHAR5",2,"vhar","full","QLIKE",0.043409568816743,0,4507,2007-01-04,2025-01-14,"ok",5000,20,20251006,"common_obs",0.0437,0,-0.000290431183257014,-0.00664602250016051
"Table 18","vhar","VHAR5",3,"vhar","full","QLIKE",0.0517454242700276,6e-04,4506,2007-01-05,2025-01-14,"ok",5000,20,20251007,"common_obs",0.0525,5e-04,-0.000754575729972361,-0.0143728710470926
"Table 18","vhar","VHAR5",4,"vhar","full","QLIKE",0.0582552408141477,0.0018,4505,2007-01-08,2025-01-14,"ok",5000,20,20251008,"common_obs",0.0598,0.0105,-0.00154475918585225,-0.0258320934089005
"Table 18","vhar","VHAR5",5,"vhar","full","QLIKE",0.0676083413483125,0.0118,4504,2007-01-09,2025-01-14,"ok",5000,20,20251009,"common_obs",0.074,0.112,-0.00639165865168745,-0.0863737655633439
"Table 18","vhar","VHAR5",10,"vhar","full","QLIKE",0.115301366178606,0.0498,4499,2007-01-17,2025-01-14,"ok",5000,20,20251014,"common_obs",0.1931,0.722,-0.0777986338213943,-0.402892976806806
"Table 18","vhar","VHAR5",15,"vhar","full","QLIKE",0.141284120354137,0.1124,4494,2007-01-24,2025-01-14,"ok",5000,20,20251019,"common_obs",0.2247,0.3875,-0.083415879645863,-0.371232219162719
"Table 18","vhar","VHAR5",20,"vhar","full","QLIKE",0.243059163104582,0.1474,4489,2007-01-31,2025-01-14,"ok",5000,20,20251024,"common_obs",0.2137,0.232,0.0293591631045823,0.137384946675631
"Table 18","vharf","HAR",1,"vharf","full","QLIKE",0.0283570385608282,1,4508,2007-01-03,2025-01-14,"ok",5000,20,20251005,"common_obs",0.0284,1,-4.29614391717868e-05,-0.00151272673140094
"Table 18","vharf","HAR",2,"vharf","full","QLIKE",0.0386533949745671,1,4507,2007-01-04,2025-01-14,"ok",5000,20,20251006,"common_obs",0.0387,1,-4.6605025432904e-05,-0.00120426422307245
"Table 18","vharf","HAR",3,"vharf","full","QLIKE",0.0443780870638888,1,4506,2007-01-05,2025-01-14,"ok",5000,20,20251007,"common_obs",0.0445,1,-0.000121912936111163,-0.00273961654182388
"Table 18","vharf","HAR",4,"vharf","full","QLIKE",0.0478880262708532,1,4505,2007-01-08,2025-01-14,"ok",5000,20,20251008,"common_obs",0.048,1,-0.000111973729146807,-0.00233278602389181
"Table 18","vharf","HAR",5,"vharf","full","QLIKE",0.0521738677502319,1,4504,2007-01-09,2025-01-14,"ok",5000,20,20251009,"common_obs",0.0522,1,-2.61322497680933e-05,-0.000500617811649296
"Table 18","vharf","HAR",10,"vharf","full","QLIKE",0.0660335598040939,1,4499,2007-01-17,2025-01-14,"ok",5000,20,20251014,"common_obs",0.066,1,3.35598040938495e-05,0.000508481880209841
"Table 18","vharf","HAR",15,"vharf","full","QLIKE",0.0747879504456718,1,4494,2007-01-24,2025-01-14,"ok",5000,20,20251019,"common_obs",0.0748,1,-1.20495543281807e-05,-0.000161090298505089
"Table 18","vharf","HAR",20,"vharf","full","QLIKE",0.0795144662743613,1,4489,2007-01-31,2025-01-14,"ok",5000,20,20251024,"common_obs",0.0799,1,-0.000385533725638709,-0.00482520307432677
"Table 18","vharf","VHARF2",1,"vharf","full","QLIKE",0.0288140451432293,0.2488,4508,2007-01-03,2025-01-14,"ok",5000,20,20251005,"common_obs",0.0289,0.236,-8.59548567707057e-05,-0.00297421649725625
"Table 18","vharf","VHARF2",2,"vharf","full","QLIKE",0.0391267323262824,0.3918,4507,2007-01-04,2025-01-14,"ok",5000,20,20251006,"common_obs",0.0393,0.34,-0.000173267673717573,-0.00440884665948022
"Table 18","vharf","VHARF2",3,"vharf","full","QLIKE",0.0451915791539304,0.5546,4506,2007-01-05,2025-01-14,"ok",5000,20,20251007,"common_obs",0.0455,0.318,-0.000308420846069649,-0.00677848013339887
"Table 18","vharf","VHARF2",4,"vharf","full","QLIKE",0.0493906213768884,0.4686,4505,2007-01-08,2025-01-14,"ok",5000,20,20251008,"common_obs",0.0497,0.3515,-0.000309378623111568,-0.00622492199419655
"Table 18","vharf","VHARF2",5,"vharf","full","QLIKE",0.0553929555145254,0.3256,4504,2007-01-09,2025-01-14,"ok",5000,20,20251009,"common_obs",0.0556,0.3505,-0.000207044485474581,-0.00372382168119749
"Table 18","vharf","VHARF2",10,"vharf","full","QLIKE",0.0731240272782258,0.4058,4499,2007-01-17,2025-01-14,"ok",5000,20,20251014,"common_obs",0.0825,0.5475,-0.00937597272177418,-0.113648154203323
"Table 18","vharf","VHARF2",15,"vharf","full","QLIKE",0.0869737029378693,0.3798,4494,2007-01-24,2025-01-14,"ok",5000,20,20251019,"common_obs",0.1023,0.6345,-0.0153262970621307,-0.149817175582901
"Table 18","vharf","VHARF2",20,"vharf","full","QLIKE",0.0946935646858422,0.2972,4489,2007-01-31,2025-01-14,"ok",5000,20,20251024,"common_obs",0.1604,0.477,-0.0657064353141578,-0.409641117918689
"Table 18","vharf","VHARF3",1,"vharf","full","QLIKE",0.0287237661512419,0.2488,4508,2007-01-03,2025-01-14,"ok",5000,20,20251005,"common_obs",0.0289,0.236,-0.000176233848758117,-0.00609805705045388
"Table 18","vharf","VHARF3",2,"vharf","full","QLIKE",0.0393075704537171,0.1454,4507,2007-01-04,2025-01-14,"ok",5000,20,20251006,"common_obs",0.0395,0.0465,-0.000192429546282936,-0.00487163408311232
"Table 18","vharf","VHARF3",3,"vharf","full","QLIKE",0.0452415472514189,0.5546,4506,2007-01-05,2025-01-14,"ok",5000,20,20251007,"common_obs",0.0456,0.2405,-0.000358452748581123,-0.0078608058899369
"Table 18","vharf","VHARF3",4,"vharf","full","QLIKE",0.0491470027481694,0.4686,4505,2007-01-08,2025-01-14,"ok",5000,20,20251008,"common_obs",0.0496,0.3515,-0.000452997251830595,-0.0091330091094878
"Table 18","vharf","VHARF3",5,"vharf","full","QLIKE",0.0544654045845797,0.3256,4504,2007-01-09,2025-01-14,"ok",5000,20,20251009,"common_obs",0.0549,0.3505,-0.000434595415420277,-0.00791612778543311
"Table 18","vharf","VHARF3",10,"vharf","full","QLIKE",0.0715390617483145,0.4058,4499,2007-01-17,2025-01-14,"ok",5000,20,20251014,"common_obs",0.139,0.5475,-0.0674609382516855,-0.48533049101932
"Table 18","vharf","VHARF3",15,"vharf","full","QLIKE",0.0919588760259913,0.3798,4494,2007-01-24,2025-01-14,"ok",5000,20,20251019,"common_obs",0.0992,0.6345,-0.00724112397400867,-0.0729952013508938
"Table 18","vharf","VHARF3",20,"vharf","full","QLIKE",0.0948743972747784,0.2972,4489,2007-01-31,2025-01-14,"ok",5000,20,20251024,"common_obs",0.1564,0.477,-0.0615256027252217,-0.393386206683003
"Table 18","vharf","VHARF4",1,"vharf","full","QLIKE",0.028741696850981,0.2488,4508,2007-01-03,2025-01-14,"ok",5000,20,20251005,"common_obs",0.0289,0.236,-0.000158303149018948,-0.0054776176131124
"Table 18","vharf","VHARF4",2,"vharf","full","QLIKE",0.0391759536733718,0.3918,4507,2007-01-04,2025-01-14,"ok",5000,20,20251006,"common_obs",0.0394,0.27,-0.000224046326628209,-0.00568645499056368
"Table 18","vharf","VHARF4",3,"vharf","full","QLIKE",0.0451541033653412,0.5546,4506,2007-01-05,2025-01-14,"ok",5000,20,20251007,"common_obs",0.0454,0.318,-0.000245896634658807,-0.00541622543301337
"Table 18","vharf","VHARF4",4,"vharf","full","QLIKE",0.0492334308970188,0.4272,4505,2007-01-08,2025-01-14,"ok",5000,20,20251008,"common_obs",0.0495,0.3515,-0.000266569102981166,-0.00538523440365993
"Table 18","vharf","VHARF4",5,"vharf","full","QLIKE",0.054930020732174,0.2106,4504,2007-01-09,2025-01-14,"ok",5000,20,20251009,"common_obs",0.0551,0.244,-0.000169979267825984,-0.0030849231910342
"Table 18","vharf","VHARF4",10,"vharf","full","QLIKE",0.0724099875026232,0.4058,4499,2007-01-17,2025-01-14,"ok",5000,20,20251014,"common_obs",0.0806,0.5475,-0.00819001249737682,-0.101613058280109
"Table 18","vharf","VHARF4",15,"vharf","full","QLIKE",0.0849340896308852,0.38,4494,2007-01-24,2025-01-14,"ok",5000,20,20251019,"common_obs",0.1064,0.6345,-0.0214659103691148,-0.201747277905214
"Table 18","vharf","VHARF4",20,"vharf","full","QLIKE",0.0877918146051032,0.2972,4489,2007-01-31,2025-01-14,"ok",5000,20,20251024,"common_obs",0.1374,0.477,-0.0496081853948968,-0.361049384242335
"Table 18","vharf","VHARF5",1,"vharf","full","QLIKE",0.0287388186430185,0.2488,4508,2007-01-03,2025-01-14,"ok",5000,20,20251005,"common_obs",0.0288,0.236,-6.11813569815385e-05,-0.00212435267297009
"Table 18","vharf","VHARF5",2,"vharf","full","QLIKE",0.0391503943381991,0.3918,4507,2007-01-04,2025-01-14,"ok",5000,20,20251006,"common_obs",0.0393,0.34,-0.000149605661800917,-0.00380675984226251
"Table 18","vharf","VHARF5",3,"vharf","full","QLIKE",0.0453012634756878,0.5546,4506,2007-01-05,2025-01-14,"ok",5000,20,20251007,"common_obs",0.0456,0.2995,-0.000298736524312178,-0.00655123956824951
"Table 18","vharf","VHARF5",4,"vharf","full","QLIKE",0.0492777907374529,0.4686,4505,2007-01-08,2025-01-14,"ok",5000,20,20251008,"common_obs",0.0495,0.3515,-0.000222209262547124,-0.00448907601105301
"Table 18","vharf","VHARF5",5,"vharf","full","QLIKE",0.0550056992697432,0.3256,4504,2007-01-09,2025-01-14,"ok",5000,20,20251009,"common_obs",0.0553,0.3505,-0.000294300730256838,-0.00532189385636236
"Table 18","vharf","VHARF5",10,"vharf","full","QLIKE",0.0826546638910827,0.4058,4499,2007-01-17,2025-01-14,"ok",5000,20,20251014,"common_obs",0.0871,0.5475,-0.00444533610891733,-0.0510371539485342
"Table 18","vharf","VHARF5",15,"vharf","full","QLIKE",0.082940622538187,0.38,4494,2007-01-24,2025-01-14,"ok",5000,20,20251019,"common_obs",0.1066,0.6345,-0.0236593774618129,-0.221945379566726
"Table 18","vharf","VHARF5",20,"vharf","full","QLIKE",0.0925632325579906,0.2972,4489,2007-01-31,2025-01-14,"ok",5000,20,20251024,"common_obs",0.1724,0.477,-0.0798367674420094,-0.463090298387526
"Table 18","vlhar","LHAR",1,"vlhar","full","QLIKE",0.0277234325236869,1,4508,2007-01-03,2025-01-14,"ok",5000,20,20251005,"common_obs",0.0277,1,2.34325236869413e-05,0.000845939483283081
"Table 18","vlhar","LHAR",2,"vlhar","full","QLIKE",0.0380372471636273,1,4507,2007-01-04,2025-01-14,"ok",5000,20,20251006,"common_obs",0.0381,1,-6.27528363727134e-05,-0.00164705607277463
"Table 18","vlhar","LHAR",3,"vlhar","full","QLIKE",0.0438458698649533,1,4506,2007-01-05,2025-01-14,"ok",5000,20,20251007,"common_obs",0.0439,1,-5.41301350467024e-05,-0.00123303268899094
"Table 18","vlhar","LHAR",4,"vlhar","full","QLIKE",0.0473527696552923,1,4505,2007-01-08,2025-01-14,"ok",5000,20,20251008,"common_obs",0.0475,1,-0.00014723034470767,-0.00309958620437201
"Table 18","vlhar","LHAR",5,"vlhar","full","QLIKE",0.0515282650455385,1,4504,2007-01-09,2025-01-14,"ok",5000,20,20251009,"common_obs",0.0516,1,-7.1734954461472e-05,-0.00139021229576496
"Table 18","vlhar","LHAR",10,"vlhar","full","QLIKE",0.0640072631383262,1,4499,2007-01-17,2025-01-14,"ok",5000,20,20251014,"common_obs",0.064,1,7.26313832619119e-06,0.000113486536346737
"Table 18","vlhar","LHAR",15,"vlhar","full","QLIKE",0.0727165576205624,1,4494,2007-01-24,2025-01-14,"ok",5000,20,20251019,"common_obs",0.0729,1,-0.000183442379437584,-0.00251635637088593
"Table 18","vlhar","LHAR",20,"vlhar","full","QLIKE",0.0776257385775644,1,4489,2007-01-31,2025-01-14,"ok",5000,20,20251024,"common_obs",0.0779,1,-0.000274261422435612,-0.00352068578222865
"Table 18","vlhar","VLHAR2",1,"vlhar","full","QLIKE",0.0278297064444959,0.2718,4508,2007-01-03,2025-01-14,"ok",5000,20,20251005,"common_obs",0.0279,0.145,-7.02935555041001e-05,-0.00251948227613262
"Table 18","vlhar","VLHAR2",2,"vlhar","full","QLIKE",0.0381015417279113,0.7688,4507,2007-01-04,2025-01-14,"ok",5000,20,20251006,"common_obs",0.0382,0.5675,-9.84582720887292e-05,-0.00257744167771542
"Table 18","vlhar","VLHAR2",3,"vlhar","full","QLIKE",0.0439050257988981,0.8672,4506,2007-01-05,2025-01-14,"ok",5000,20,20251007,"common_obs",0.0441,0.6575,-0.000194974201101893,-0.00442118369845561
"Table 18","vlhar","VLHAR2",4,"vlhar","full","QLIKE",0.0474774395676231,0.7802,4505,2007-01-08,2025-01-14,"ok",5000,20,20251008,"common_obs",0.0477,0.6105,-0.000222560432376909,-0.00466583715674861
"Table 18","vlhar","VLHAR2",5,"vlhar","full","QLIKE",0.0519047763606176,0.471,4504,2007-01-09,2025-01-14,"ok",5000,20,20251009,"common_obs",0.0522,0.307,-0.00029522363938244,-0.00565562527552567
"Table 18","vlhar","VLHAR2",10,"vlhar","full","QLIKE",0.0650740996836786,0.2666,4499,2007-01-17,2025-01-14,"ok",5000,20,20251014,"common_obs",0.0655,0.3255,-0.000425900316321379,-0.0065022949056699
"Table 18","vlhar","VLHAR2",15,"vlhar","full","QLIKE",0.0751903979739836,0.091,4494,2007-01-24,2025-01-14,"ok",5000,20,20251019,"common_obs",0.0761,0.2855,-0.000909602026016421,-0.0119527204469963
"Table 18","vlhar","VLHAR2",20,"vlhar","full","QLIKE",0.0810830622589577,0.064,4489,2007-01-31,2025-01-14,"ok",5000,20,20251024,"common_obs",0.0822,0.2525,-0.00111693774104225,-0.013588050377643
"Table 18","vlhar","VLHAR3",1,"vlhar","full","QLIKE",0.0279277290199852,0.2718,4508,2007-01-03,2025-01-14,"ok",5000,20,20251005,"common_obs",0.028,0.145,-7.22709800147908e-05,-0.00258110642909967
"Table 18","vlhar","VLHAR3",2,"vlhar","full","QLIKE",0.0383871720045948,0.384,4507,2007-01-04,2025-01-14,"ok",5000,20,20251006,"common_obs",0.0385,0.2615,-0.000112827995405199,-0.00293059728325191
"Table 18","vlhar","VLHAR3",3,"vlhar","full","QLIKE",0.0443324922350598,0.416,4506,2007-01-05,2025-01-14,"ok",5000,20,20251007,"common_obs",0.0445,0.3165,-0.00016750776494015,-0.00376421943685731
"Table 18","vlhar","VLHAR3",4,"vlhar","full","QLIKE",0.0482451514083954,0.195,4505,2007-01-08,2025-01-14,"ok",5000,20,20251008,"common_obs",0.0485,0.149,-0.000254848591604587,-0.00525461013617705
"Table 18","vlhar","VLHAR3",5,"vlhar","full","QLIKE",0.0529697699087483,0.0758,4504,2007-01-09,2025-01-14,"ok",5000,20,20251009,"common_obs",0.0533,0.0565,-0.000330230091251701,-0.0061956865150413
"Table 18","vlhar","VLHAR3",10,"vlhar","full","QLIKE",0.0668509927266793,0.0316,4499,2007-01-17,2025-01-14,"ok",5000,20,20251014,"common_obs",0.0676,0.036,-0.000749007273320654,-0.0110799892503055
"Table 18","vlhar","VLHAR3",15,"vlhar","full","QLIKE",0.0777132011149871,0.0202,4494,2007-01-24,2025-01-14,"ok",5000,20,20251019,"common_obs",0.0789,0.0285,-0.00118679888501293,-0.0150418109634085
"Table 18","vlhar","VLHAR3",20,"vlhar","full","QLIKE",0.0836842260019275,0.064,4489,2007-01-31,2025-01-14,"ok",5000,20,20251024,"common_obs",0.0856,0.0445,-0.00191577399807247,-0.0223805373606597
"Table 18","vlhar","VLHAR4",1,"vlhar","full","QLIKE",0.0281476879493593,0.04,4508,2007-01-03,2025-01-14,"ok",5000,20,20251005,"common_obs",0.0282,0.0205,-5.23120506407126e-05,-0.00185503725676286
"Table 18","vlhar","VLHAR4",2,"vlhar","full","QLIKE",0.0389458630579756,0.0434,4507,2007-01-04,2025-01-14,"ok",5000,20,20251006,"common_obs",0.0391,0.0335,-0.00015413694202436,-0.00394212127939541
"Table 18","vlhar","VLHAR4",3,"vlhar","full","QLIKE",0.0452743693644799,0.0428,4506,2007-01-05,2025-01-14,"ok",5000,20,20251007,"common_obs",0.0456,0.0315,-0.000325630635520123,-0.00714102270877463
"Table 18","vlhar","VLHAR4",4,"vlhar","full","QLIKE",0.049474205366028,0.0296,4505,2007-01-08,2025-01-14,"ok",5000,20,20251008,"common_obs",0.0498,0.0275,-0.000325794633972032,-0.00654206092313317
"Table 18","vlhar","VLHAR4",5,"vlhar","full","QLIKE",0.0543632704312963,0.0244,4504,2007-01-09,2025-01-14,"ok",5000,20,20251009,"common_obs",0.0547,0.025,-0.000336729568703689,-0.00615593361432704
"Table 18","vlhar","VLHAR4",10,"vlhar","full","QLIKE",0.069401713637257,0.0086,4499,2007-01-17,2025-01-14,"ok",5000,20,20251014,"common_obs",0.0699,0.032,-0.000498286362743017,-0.00712856026814044
"Table 18","vlhar","VLHAR4",15,"vlhar","full","QLIKE",0.0814936540644886,0.0202,4494,2007-01-24,2025-01-14,"ok",5000,20,20251019,"common_obs",0.0823,0.0285,-0.000806345935511349,-0.00979764198677216
"Table 18","vlhar","VLHAR4",20,"vlhar","full","QLIKE",0.0874734456018179,0.064,4489,2007-01-31,2025-01-14,"ok",5000,20,20251024,"common_obs",0.0896,0.023,-0.00212655439818213,-0.0237338660511398
"Table 18","vlhar","VLHAR5",1,"vlhar","full","QLIKE",0.0283692390918699,0.0044,4508,2007-01-03,2025-01-14,"ok",5000,20,20251005,"common_obs",0.0285,0.0015,-0.000130760908130134,-0.00458810203965383
"Table 18","vlhar","VLHAR5",2,"vlhar","full","QLIKE",0.0394536974167597,0.003,4507,2007-01-04,2025-01-14,"ok",5000,20,20251006,"common_obs",0.0397,0.0015,-0.000246302583240335,-0.00620409529572632
"Table 18","vlhar","VLHAR5",3,"vlhar","full","QLIKE",0.0459211742100045,0.009,4506,2007-01-05,2025-01-14,"ok",5000,20,20251007,"common_obs",0.0464,0.0045,-0.00047882578999546,-0.0103195213361091
"Table 18","vlhar","VLHAR5",4,"vlhar","full","QLIKE",0.0502639262865727,0.0074,4505,2007-01-08,2025-01-14,"ok",5000,20,20251008,"common_obs",0.0508,0.0045,-0.000536073713427322,-0.0105526321540811
"Table 18","vlhar","VLHAR5",5,"vlhar","full","QLIKE",0.0553775844063555,0.0046,4504,2007-01-09,2025-01-14,"ok",5000,20,20251009,"common_obs",0.056,0.0055,-0.000622415593644544,-0.011114564172224
"Table 18","vlhar","VLHAR5",10,"vlhar","full","QLIKE",0.0712074706515628,0.0086,4499,2007-01-17,2025-01-14,"ok",5000,20,20251014,"common_obs",0.0719,0.005,-0.000692529348437249,-0.00963184072930805
"Table 18","vlhar","VLHAR5",15,"vlhar","full","QLIKE",0.0827690911657517,0.0202,4494,2007-01-24,2025-01-14,"ok",5000,20,20251019,"common_obs",0.0835,0.0075,-0.000730908834248256,-0.00875339921255397
"Table 18","vlhar","VLHAR5",20,"vlhar","full","QLIKE",0.0884835511641796,0.064,4489,2007-01-31,2025-01-14,"ok",5000,20,20251024,"common_obs",0.0899,0.0085,-0.00141644883582037,-0.0157558268723067
"Table 2","full","fBm",1,"mfbm","full","MSFE",0.500288861900561,0.3852,4508,2007-01-03,2025-01-14,"ok",5000,20,20251005,"common_obs",0.5003,0.4016,-1.11380994388677e-05,-2.22628411730315e-05
"Table 2","full","fBm",2,"mfbm","full","MSFE",0.642911961987063,0.3326,4507,2007-01-04,2025-01-14,"ok",5000,20,20251006,"common_obs",0.6428,0.325,0.000111961987063203,0.000174178573527073
"Table 2","full","fBm",3,"mfbm","full","MSFE",0.729881051235196,0.1926,4506,2007-01-05,2025-01-14,"ok",5000,20,20251007,"common_obs",0.7296,0.2032,0.000281051235196395,0.000385212767538918
"Table 2","full","fBm",4,"mfbm","full","MSFE",0.778356796603842,0.2018,4505,2007-01-08,2025-01-14,"ok",5000,20,20251008,"common_obs",0.7778,0.202,0.00055679660384178,0.000715860894628157
"Table 2","full","fBm",5,"mfbm","full","MSFE",0.853081233962529,0.1058,4504,2007-01-09,2025-01-14,"ok",5000,20,20251009,"common_obs",0.8523,0.1,0.000781233962529049,0.000916618517574855
"Table 2","full","fBm",10,"mfbm","full","MSFE",1.07255595683013,0.0906,4499,2007-01-17,2025-01-14,"ok",5000,20,20251014,"common_obs",1.0705,0.08,0.0020559568301266,0.00192055752463952
"Table 2","full","fBm",15,"mfbm","full","MSFE",1.24873024326534,0.0374,4494,2007-01-24,2025-01-14,"ok",5000,20,20251019,"common_obs",1.2456,0.081,0.00313024326533906,0.00251304051488364
"Table 2","full","fBm",20,"mfbm","full","MSFE",1.37314447618135,0.0284,4489,2007-01-31,2025-01-14,"ok",5000,20,20251024,"common_obs",1.3685,0.0732,0.00464447618135133,0.00339384448765169
"Table 2","full","bfBm",1,"mfbm","full","MSFE",0.499336379707773,0.6398,4508,2007-01-03,2025-01-14,"ok",5000,20,20251005,"common_obs",0.4993,0.6312,3.63797077728156e-05,7.28614215357813e-05
"Table 2","full","bfBm",2,"mfbm","full","MSFE",0.640598840855538,0.7358,4507,2007-01-04,2025-01-14,"ok",5000,20,20251006,"common_obs",0.6405,0.7382,9.88408555377962e-05,0.000154318275624975
"Table 2","full","bfBm",3,"mfbm","full","MSFE",0.726267342936722,0.4052,4506,2007-01-05,2025-01-14,"ok",5000,20,20251007,"common_obs",0.726,0.403,0.000267342936721593,0.000368240959671616
"Table 2","full","bfBm",4,"mfbm","full","MSFE",0.773465354180955,0.4866,4505,2007-01-08,2025-01-14,"ok",5000,20,20251008,"common_obs",0.773,0.4882,0.000465354180954836,0.000602010583382711
"Table 2","full","bfBm",5,"mfbm","full","MSFE",0.847251706245442,0.2688,4504,2007-01-09,2025-01-14,"ok",5000,20,20251009,"common_obs",0.8465,0.2734,0.000751706245441519,0.000888016828637353
"Table 2","full","bfBm",10,"mfbm","full","MSFE",1.06312744755444,0.3634,4499,2007-01-17,2025-01-14,"ok",5000,20,20251014,"common_obs",1.0611,0.3828,0.00202744755443685,0.00191070356652233
"Table 2","full","bfBm",15,"mfbm","full","MSFE",1.23585520672302,0.1772,4494,2007-01-24,2025-01-14,"ok",5000,20,20251019,"common_obs",1.2328,0.3538,0.00305520672301629,0.00247826632301776
"Table 2","full","bfBm",20,"mfbm","full","MSFE",1.35772919213323,0.1256,4489,2007-01-31,2025-01-14,"ok",5000,20,20251024,"common_obs",1.3532,0.3592,0.00452919213323066,0.00334702345051039
"Table 2","full","mfBm3",1,"mfbm","full","MSFE",0.498593917552251,0.6398,4508,2007-01-03,2025-01-14,"ok",5000,20,20251005,"common_obs",0.4986,0.6312,-6.08244774874533e-06,-1.2199052845458e-05
"Table 2","full","mfBm3",2,"mfbm","full","MSFE",0.639793432538586,0.819,4507,2007-01-04,2025-01-14,"ok",5000,20,20251006,"common_obs",0.6397,0.8352,9.3432538585625e-05,0.000146056805667696
"Table 2","full","mfBm3",3,"mfbm","full","MSFE",0.724862166362362,0.4632,4506,2007-01-05,2025-01-14,"ok",5000,20,20251007,"common_obs",0.7246,0.46,0.000262166362362426,0.000361808394096641
"Table 2","full","mfBm3",4,"mfbm","full","MSFE",0.772066749583524,0.4866,4505,2007-01-08,2025-01-14,"ok",5000,20,20251008,"common_obs",0.7716,0.4882,0.000466749583524217,0.000604911331679909
"Table 2","full","mfBm3",5,"mfbm","full","MSFE",0.844677806025988,0.2862,4504,2007-01-09,2025-01-14,"ok",5000,20,20251009,"common_obs",0.8439,0.2872,0.000777806025987537,0.000921680324668252
"Table 2","full","mfBm3",10,"mfbm","full","MSFE",1.06120629530574,0.3176,4499,2007-01-17,2025-01-14,"ok",5000,20,20251014,"common_obs",1.0592,0.3876,0.00200629530574425,0.00189416097596701
"Table 2","full","mfBm3",15,"mfbm","full","MSFE",1.23093263406526,0.1772,4494,2007-01-24,2025-01-14,"ok",5000,20,20251019,"common_obs",1.2278,0.3538,0.0031326340652591,0.00255142047993085
"Table 2","full","mfBm3",20,"mfbm","full","MSFE",1.35171737730975,0.155,4489,2007-01-31,2025-01-14,"ok",5000,20,20251024,"common_obs",1.3471,0.3592,0.00461737730975198,0.00342764257275034
"Table 2","full","mfBm4",1,"mfbm","full","MSFE",0.498434852947698,0.6398,4508,2007-01-03,2025-01-14,"ok",5000,20,20251005,"common_obs",0.4984,0.6312,3.48529476980608e-05,6.99296703412135e-05
"Table 2","full","mfBm4",2,"mfbm","full","MSFE",0.639752285185613,0.819,4507,2007-01-04,2025-01-14,"ok",5000,20,20251006,"common_obs",0.6397,0.8352,5.22851856129547e-05,8.17339152930353e-05
"Table 2","full","mfBm4",3,"mfbm","full","MSFE",0.72378942008173,0.5328,4506,2007-01-05,2025-01-14,"ok",5000,20,20251007,"common_obs",0.7235,0.5318,0.000289420081729497,0.000400027756364197
"Table 2","full","mfBm4",4,"mfbm","full","MSFE",0.771039067203641,0.4866,4505,2007-01-08,2025-01-14,"ok",5000,20,20251008,"common_obs",0.7705,0.4882,0.000539067203640831,0.000699632970332032
"Table 2","full","mfBm4",5,"mfbm","full","MSFE",0.842680930268439,0.4612,4504,2007-01-09,2025-01-14,"ok",5000,20,20251009,"common_obs",0.8419,0.47,0.000780930268439062,0.000927580791589336
"Table 2","full","mfBm4",10,"mfbm","full","MSFE",1.05682856226744,1,4499,2007-01-17,2025-01-14,"ok",5000,20,20251014,"common_obs",1.0548,0.4714,0.00202856226743964,0.00192317241888475
"Table 2","full","mfBm4",15,"mfbm","full","MSFE",1.22366288299993,0.3082,4494,2007-01-24,2025-01-14,"ok",5000,20,20251019,"common_obs",1.2206,0.9082,0.0030628829999324,0.00250932574138326
"Table 2","full","mfBm4",20,"mfbm","full","MSFE",1.34235451714049,0.4976,4489,2007-01-31,2025-01-14,"ok",5000,20,20251024,"common_obs",1.3378,0.826,0.00455451714048771,0.00340448283785896
"Table 2","full","mfBm5",1,"mfbm","full","MSFE",0.497906047467658,1,4508,2007-01-03,2025-01-14,"ok",5000,20,20251005,"common_obs",0.4979,1,6.04746765803243e-06,1.21459482989203e-05
"Table 2","full","mfBm5",2,"mfbm","full","MSFE",0.63920062930007,1,4507,2007-01-04,2025-01-14,"ok",5000,20,20251006,"common_obs",0.6391,1,0.000100629300069932,0.000157454702034004
"Table 2","full","mfBm5",3,"mfbm","full","MSFE",0.723316257144905,1,4506,2007-01-05,2025-01-14,"ok",5000,20,20251007,"common_obs",0.723,1,0.00031625714490513,0.000437423436936556
"Table 2","full","mfBm5",4,"mfbm","full","MSFE",0.770084969084827,1,4505,2007-01-08,2025-01-14,"ok",5000,20,20251008,"common_obs",0.7696,1,0.000484969084827092,0.000630157334754537
"Table 2","full","mfBm5",5,"mfbm","full","MSFE",0.842199146563499,1,4504,2007-01-09,2025-01-14,"ok",5000,20,20251009,"common_obs",0.8415,1,0.000699146563499009,0.000830833705881175
"Table 2","full","mfBm5",10,"mfbm","full","MSFE",1.05701667567362,0.768,4499,2007-01-17,2025-01-14,"ok",5000,20,20251014,"common_obs",1.055,1,0.00201667567361841,0.00191154092286105
"Table 2","full","mfBm5",15,"mfbm","full","MSFE",1.22253862492502,1,4494,2007-01-24,2025-01-14,"ok",5000,20,20251019,"common_obs",1.2195,1,0.0030386249250185,0.00249169735548872
"Table 2","full","mfBm5",20,"mfbm","full","MSFE",1.34155262001598,1,4489,2007-01-31,2025-01-14,"ok",5000,20,20251024,"common_obs",1.337,1,0.00455262001597756,0.00340510098427641
"Table 2","period1","fBm",1,"mfbm","period1","MSFE",0.63493322353079,0.2646,2587,2007-01-03,2017-04-11,"ok",5000,20,20251005,"common_obs",0.6349,0.2618,3.32235307900497e-05,5.23287616790828e-05
"Table 2","period1","fBm",2,"mfbm","period1","MSFE",0.803064216838526,0.2896,2586,2007-01-04,2017-04-11,"ok",5000,20,20251006,"common_obs",0.8028,0.2862,0.000264216838525844,0.000329119131198111
"Table 2","period1","fBm",3,"mfbm","period1","MSFE",0.894025730067321,0.2104,2585,2007-01-05,2017-04-11,"ok",5000,20,20251007,"common_obs",0.8933,0.2028,0.000725730067321351,0.000812414717699934
"Table 2","period1","fBm",4,"mfbm","period1","MSFE",0.929919628849691,0.222,2584,2007-01-08,2017-04-11,"ok",5000,20,20251008,"common_obs",0.9288,0.216,0.0011196288496913,0.00120545741784162
"Table 2","period1","fBm",5,"mfbm","period1","MSFE",1.01537428440174,0.0996,2583,2007-01-09,2017-04-11,"ok",5000,20,20251009,"common_obs",1.0137,0.1058,0.00167428440174344,0.0016516567048865
"Table 2","period1","fBm",10,"mfbm","period1","MSFE",1.26733876629144,0.1134,2578,2007-01-17,2017-04-11,"ok",5000,20,20251014,"common_obs",1.2629,0.0908,0.00443876629143669,0.00351474090698922
"Table 2","period1","fBm",15,"mfbm","period1","MSFE",1.476328957927,0.059,2573,2007-01-24,2017-04-11,"ok",5000,20,20251019,"common_obs",1.4685,0.091,0.007828957927003,0.00533126178209261
"Table 2","period1","fBm",20,"mfbm","period1","MSFE",1.63112247432623,0.0358,2568,2007-01-31,2017-04-11,"ok",5000,20,20251024,"common_obs",1.6195,0.0788,0.0116224743262303,0.00717658186244539
"Table 2","period1","bfBm",1,"mfbm","period1","MSFE",0.632829403594986,0.5566,2587,2007-01-03,2017-04-11,"ok",5000,20,20251005,"common_obs",0.6328,0.5622,2.94035949855997e-05,4.64658580682676e-05
"Table 2","period1","bfBm",2,"mfbm","period1","MSFE",0.798828588224821,0.741,2586,2007-01-04,2017-04-11,"ok",5000,20,20251006,"common_obs",0.7985,0.733,0.000328588224821291,0.000411506856382331
"Table 2","period1","bfBm",3,"mfbm","period1","MSFE",0.887607980762336,0.4654,2585,2007-01-05,2017-04-11,"ok",5000,20,20251007,"common_obs",0.8869,0.4654,0.000707980762335692,0.000798264474389099
"Table 2","period1","bfBm",4,"mfbm","period1","MSFE",0.921361692688894,0.5872,2584,2007-01-08,2017-04-11,"ok",5000,20,20251008,"common_obs",0.9202,0.5952,0.00116169268889399,0.00126243500205824
"Table 2","period1","bfBm",5,"mfbm","period1","MSFE",1.00519217798759,0.3238,2583,2007-01-09,2017-04-11,"ok",5000,20,20251009,"common_obs",1.0036,0.3304,0.00159217798759159,0.00158646670744479
"Table 2","period1","bfBm",10,"mfbm","period1","MSFE",1.25171804557657,0.4192,2578,2007-01-17,2017-04-11,"ok",5000,20,20251014,"common_obs",1.2474,0.4104,0.00431804557657078,0.00346163666552091
"Table 2","period1","bfBm",15,"mfbm","period1","MSFE",1.45558969607221,0.1954,2573,2007-01-24,2017-04-11,"ok",5000,20,20251019,"common_obs",1.4479,0.389,0.00768969607221193,0.00531093036274047
"Table 2","period1","bfBm",20,"mfbm","period1","MSFE",1.60710492977128,0.118,2568,2007-01-31,2017-04-11,"ok",5000,20,20251024,"common_obs",1.5957,0.3368,0.0114049297712779,0.0071472894474387
"Table 2","period1","mfBm3",1,"mfbm","period1","MSFE",0.631515289061237,0.5566,2587,2007-01-03,2017-04-11,"ok",5000,20,20251005,"common_obs",0.6315,0.5622,1.52890612369339e-05,2.42107066301407e-05
"Table 2","period1","mfBm3",2,"mfbm","period1","MSFE",0.797613592184781,0.7482,2586,2007-01-04,2017-04-11,"ok",5000,20,20251006,"common_obs",0.7973,0.7492,0.000313592184781331,0.000393317678140387
"Table 2","period1","mfBm3",3,"mfbm","period1","MSFE",0.88573454323555,0.4654,2585,2007-01-05,2017-04-11,"ok",5000,20,20251007,"common_obs",0.885,0.4654,0.000734543235550333,0.000829992356554049
"Table 2","period1","mfBm3",4,"mfbm","period1","MSFE",0.919535159558647,0.5872,2584,2007-01-08,2017-04-11,"ok",5000,20,20251008,"common_obs",0.9184,0.5952,0.0011351595586474,0.00123601868319621
"Table 2","period1","mfBm3",5,"mfbm","period1","MSFE",1.00135324474664,0.3238,2583,2007-01-09,2017-04-11,"ok",5000,20,20251009,"common_obs",0.9998,0.3304,0.00155324474664464,0.00155355545773619
"Table 2","period1","mfBm3",10,"mfbm","period1","MSFE",1.24922468297258,0.3048,2578,2007-01-17,2017-04-11,"ok",5000,20,20251014,"common_obs",1.2449,0.4104,0.00432468297258026,0.00347391997154813
"Table 2","period1","mfBm3",15,"mfbm","period1","MSFE",1.4474254877337,0.1954,2573,2007-01-24,2017-04-11,"ok",5000,20,20251019,"common_obs",1.4398,0.389,0.00762548773369498,0.00529621317800735
"Table 2","period1","mfBm3",20,"mfbm","period1","MSFE",1.59724779734699,0.128,2568,2007-01-31,2017-04-11,"ok",5000,20,20251024,"common_obs",1.5859,0.3368,0.0113477973469887,0.00715543057379952
"Table 2","period1","mfBm4",1,"mfbm","period1","MSFE",0.630931557793812,0.5566,2587,2007-01-03,2017-04-11,"ok",5000,20,20251005,"common_obs",0.6309,0.5622,3.15577938119205e-05,5.00202786684427e-05
"Table 2","period1","mfBm4",2,"mfbm","period1","MSFE",0.797254837015612,0.7482,2586,2007-01-04,2017-04-11,"ok",5000,20,20251006,"common_obs",0.797,0.7492,0.00025483701561213,0.000319745314444329
"Table 2","period1","mfBm4",3,"mfbm","period1","MSFE",0.883631516145522,0.5502,2585,2007-01-05,2017-04-11,"ok",5000,20,20251007,"common_obs",0.8829,0.5478,0.000731516145522138,0.000828537938070152
"Table 2","period1","mfBm4",4,"mfbm","period1","MSFE",0.917745309927858,0.5872,2584,2007-01-08,2017-04-11,"ok",5000,20,20251008,"common_obs",0.9166,0.5952,0.00114530992785822,0.00124951988638252
"Table 2","period1","mfBm4",5,"mfbm","period1","MSFE",0.998037288034606,0.4218,2583,2007-01-09,2017-04-11,"ok",5000,20,20251009,"common_obs",0.9965,0.4208,0.00153728803460573,0.001542687440648
"Table 2","period1","mfBm4",10,"mfbm","period1","MSFE",1.24215710267055,0.9556,2578,2007-01-17,2017-04-11,"ok",5000,20,20251014,"common_obs",1.2379,0.4104,0.00425710267054691,0.00343897137939002
"Table 2","period1","mfBm4",15,"mfbm","period1","MSFE",1.43478179610187,0.2192,2573,2007-01-24,2017-04-11,"ok",5000,20,20251019,"common_obs",1.4272,0.811,0.00758179610186671,0.00531235713415549
"Table 2","period1","mfBm4",20,"mfbm","period1","MSFE",1.58103418256776,0.2454,2568,2007-01-31,2017-04-11,"ok",5000,20,20251024,"common_obs",1.5698,0.6426,0.0112341825677569,0.00715644194658993
"Table 2","period1","mfBm5",1,"mfbm","period1","MSFE",0.630140230582225,1,2587,2007-01-03,2017-04-11,"ok",5000,20,20251005,"common_obs",0.6301,1,4.02305822245763e-05,6.38479324306877e-05
"Table 2","period1","mfBm5",2,"mfbm","period1","MSFE",0.796326592803769,1,2586,2007-01-04,2017-04-11,"ok",5000,20,20251006,"common_obs",0.796,1,0.000326592803769343,0.000410292467046914
"Table 2","period1","mfBm5",3,"mfbm","period1","MSFE",0.882864652053631,1,2585,2007-01-05,2017-04-11,"ok",5000,20,20251007,"common_obs",0.8822,1,0.000664652053630643,0.000753402917287059
"Table 2","period1","mfBm5",4,"mfbm","period1","MSFE",0.916294213939171,1,2584,2007-01-08,2017-04-11,"ok",5000,20,20251008,"common_obs",0.9152,1,0.00109421393917064,0.00119560089507282
"Table 2","period1","mfBm5",5,"mfbm","period1","MSFE",0.997149817032244,1,2583,2007-01-09,2017-04-11,"ok",5000,20,20251009,"common_obs",0.9956,1,0.00154981703224355,0.00155666636424623
"Table 2","period1","mfBm5",10,"mfbm","period1","MSFE",1.24210026950905,1,2578,2007-01-17,2017-04-11,"ok",5000,20,20251014,"common_obs",1.2378,1,0.00430026950905105,0.00347412304819118
"Table 2","period1","mfBm5",15,"mfbm","period1","MSFE",1.43253688423715,1,2573,2007-01-24,2017-04-11,"ok",5000,20,20251019,"common_obs",1.425,1,0.00753688423715304,0.00528904156993196
"Table 2","period1","mfBm5",20,"mfbm","period1","MSFE",1.57881480926136,1,2568,2007-01-31,2017-04-11,"ok",5000,20,20251024,"common_obs",1.5676,1,0.011214809261358,0.00715412685720718
"Table 2","period2","fBm",1,"mfbm","period2","MSFE",0.410001508053548,1,1075,2017-04-12,2021-07-30,"ok",5000,20,20251005,"common_obs",0.3842,1,0.0258015080535481,0.0671564499051227
"Table 2","period2","fBm",2,"mfbm","period2","MSFE",0.560272299364967,1,1075,2017-04-12,2021-07-30,"ok",5000,20,20251006,"common_obs",0.518,1,0.0422722993649672,0.0816067555308248
"Table 2","period2","fBm",3,"mfbm","period2","MSFE",0.66769424239891,0.9494,1075,2017-04-12,2021-07-30,"ok",5000,20,20251007,"common_obs",0.6119,0.9274,0.0557942423989095,0.0911819617566751
"Table 2","period2","fBm",4,"mfbm","period2","MSFE",0.761812693738586,0.9956,1075,2017-04-12,2021-07-30,"ok",5000,20,20251008,"common_obs",0.7114,0.9938,0.0504126937385864,0.0708640620446814
"Table 2","period2","fBm",5,"mfbm","period2","MSFE",0.861145606024432,1,1075,2017-04-12,2021-07-30,"ok",5000,20,20251009,"common_obs",0.808,1,0.0531456060244324,0.0657742648817233
"Table 2","period2","fBm",10,"mfbm","period2","MSFE",1.12327535163669,0.7658,1075,2017-04-12,2021-07-30,"ok",5000,20,20251014,"common_obs",1.0794,0.842,0.0438753516366899,0.0406479077605057
"Table 2","period2","fBm",15,"mfbm","period2","MSFE",1.3164941627953,0.6474,1075,2017-04-12,2021-07-30,"ok",5000,20,20251019,"common_obs",1.2913,0.8442,0.0251941627953043,0.0195106968135246
"Table 2","period2","fBm",20,"mfbm","period2","MSFE",1.45773376338984,0.1592,1075,2017-04-12,2021-07-30,"ok",5000,20,20251024,"common_obs",1.4648,0.8778,-0.00706623661016348,-0.0048240282701826
"Table 2","period2","bfBm",1,"mfbm","period2","MSFE",0.41087900754187,0.1554,1075,2017-04-12,2021-07-30,"ok",5000,20,20251005,"common_obs",0.3849,0.2298,0.0259790075418698,0.067495472958872
"Table 2","period2","bfBm",2,"mfbm","period2","MSFE",0.560829613518853,0.681,1075,2017-04-12,2021-07-30,"ok",5000,20,20251006,"common_obs",0.5186,0.7328,0.0422296135188529,0.0814300299245139
"Table 2","period2","bfBm",3,"mfbm","period2","MSFE",0.667981400576671,0.9494,1075,2017-04-12,2021-07-30,"ok",5000,20,20251007,"common_obs",0.6121,0.9274,0.0558814005766713,0.0912945606545848
"Table 2","period2","bfBm",4,"mfbm","period2","MSFE",0.761952173890492,0.9756,1075,2017-04-12,2021-07-30,"ok",5000,20,20251008,"common_obs",0.7115,0.9938,0.0504521738904921,0.0709095908510078
"Table 2","period2","bfBm",5,"mfbm","period2","MSFE",0.861322001011313,0.8688,1075,2017-04-12,2021-07-30,"ok",5000,20,20251009,"common_obs",0.8081,0.9968,0.053222001011313,0.0658606620607759
"Table 2","period2","bfBm",10,"mfbm","period2","MSFE",1.12239071787259,0.7792,1075,2017-04-12,2021-07-30,"ok",5000,20,20251014,"common_obs",1.0782,0.842,0.044190717872588,0.040985640764782
"Table 2","period2","bfBm",15,"mfbm","period2","MSFE",1.31438154454839,0.859,1075,2017-04-12,2021-07-30,"ok",5000,20,20251019,"common_obs",1.2886,0.8442,0.0257815445483918,0.0200074069132328
"Table 2","period2","bfBm",20,"mfbm","period2","MSFE",1.45406149083519,0.788,1075,2017-04-12,2021-07-30,"ok",5000,20,20251024,"common_obs",1.46,0.8884,-0.00593850916480987,-0.00406747203069169
"Table 2","period2","mfBm3",1,"mfbm","period2","MSFE",0.410882545263498,0.1554,1075,2017-04-12,2021-07-30,"ok",5000,20,20251005,"common_obs",0.385,0.1112,0.0258825452634983,0.0672273902948007
"Table 2","period2","mfBm3",2,"mfbm","period2","MSFE",0.560722924186087,0.681,1075,2017-04-12,2021-07-30,"ok",5000,20,20251006,"common_obs",0.5185,0.7328,0.0422229241860872,0.0814328335315086
"Table 2","period2","mfBm3",3,"mfbm","period2","MSFE",0.667561607287554,1,1075,2017-04-12,2021-07-30,"ok",5000,20,20251007,"common_obs",0.6116,1,0.0559616072875538,0.091500338926674
"Table 2","period2","mfBm3",4,"mfbm","period2","MSFE",0.761747872870438,1,1075,2017-04-12,2021-07-30,"ok",5000,20,20251008,"common_obs",0.7113,1,0.0504478728704375,0.0709234821741002
"Table 2","period2","mfBm3",5,"mfbm","period2","MSFE",0.861448814572212,0.7616,1075,2017-04-12,2021-07-30,"ok",5000,20,20251009,"common_obs",0.8081,0.9968,0.0533488145722122,0.0660175901153473
"Table 2","period2","mfBm3",10,"mfbm","period2","MSFE",1.122127759905,0.7792,1075,2017-04-12,2021-07-30,"ok",5000,20,20251014,"common_obs",1.0781,0.8918,0.0440277599049972,0.040838289495406
"Table 2","period2","mfBm3",15,"mfbm","period2","MSFE",1.31465794412183,0.859,1075,2017-04-12,2021-07-30,"ok",5000,20,20251019,"common_obs",1.289,0.8442,0.0256579441218336,0.0199053096367988
"Table 2","period2","mfBm3",20,"mfbm","period2","MSFE",1.45381138408859,0.788,1075,2017-04-12,2021-07-30,"ok",5000,20,20251024,"common_obs",1.4604,0.8884,-0.00658861591141391,-0.0045115145928608
"Table 2","period2","mfBm4",1,"mfbm","period2","MSFE",0.411365398163574,0.0838,1075,2017-04-12,2021-07-30,"ok",5000,20,20251005,"common_obs",0.3858,0.0486,0.0255653981635743,0.066265936141976
"Table 2","period2","mfBm4",2,"mfbm","period2","MSFE",0.561048950118232,0.6586,1075,2017-04-12,2021-07-30,"ok",5000,20,20251006,"common_obs",0.5191,0.4882,0.0419489501182324,0.0808109229786793
"Table 2","period2","mfBm4",3,"mfbm","period2","MSFE",0.667891512076419,0.9494,1075,2017-04-12,2021-07-30,"ok",5000,20,20251007,"common_obs",0.6121,0.9274,0.0557915120764189,0.0911477080157145
"Table 2","period2","mfBm4",4,"mfbm","period2","MSFE",0.761989496514943,0.9554,1075,2017-04-12,2021-07-30,"ok",5000,20,20251008,"common_obs",0.7116,0.9538,0.0503894965149434,0.0708115465358957
"Table 2","period2","mfBm4",5,"mfbm","period2","MSFE",0.861655342324323,0.756,1075,2017-04-12,2021-07-30,"ok",5000,20,20251009,"common_obs",0.8083,0.9352,0.0533553423243229,0.06600933109529
"Table 2","period2","mfBm4",10,"mfbm","period2","MSFE",1.12191014437097,1,1075,2017-04-12,2021-07-30,"ok",5000,20,20251014,"common_obs",1.0775,1,0.0444101443709735,0.0412159112491633
"Table 2","period2","mfBm4",15,"mfbm","period2","MSFE",1.3135166277292,1,1075,2017-04-12,2021-07-30,"ok",5000,20,20251019,"common_obs",1.2875,1,0.0260166277292029,0.02020708949841
"Table 2","period2","mfBm4",20,"mfbm","period2","MSFE",1.4521747034831,1,1075,2017-04-12,2021-07-30,"ok",5000,20,20251024,"common_obs",1.4582,1,-0.00602529651689987,-0.00413200968104503
"Table 2","period2","mfBm5",1,"mfbm","period2","MSFE",0.411115735836755,0.1554,1075,2017-04-12,2021-07-30,"ok",5000,20,20251005,"common_obs",0.3855,0.0556,0.0256157358367553,0.0664480825856169
"Table 2","period2","mfBm5",2,"mfbm","period2","MSFE",0.560982294852901,0.6586,1075,2017-04-12,2021-07-30,"ok",5000,20,20251006,"common_obs",0.5191,0.4882,0.0418822948529007,0.080682517535929
"Table 2","period2","mfBm5",3,"mfbm","period2","MSFE",0.667848097438059,0.9494,1075,2017-04-12,2021-07-30,"ok",5000,20,20251007,"common_obs",0.6122,0.9274,0.0556480974380589,0.0908985583764438
"Table 2","period2","mfBm5",4,"mfbm","period2","MSFE",0.761792409829418,0.9956,1075,2017-04-12,2021-07-30,"ok",5000,20,20251008,"common_obs",0.7115,0.9938,0.0502924098294183,0.0706850454383953
"Table 2","period2","mfBm5",5,"mfbm","period2","MSFE",0.862073855223704,0.4486,1075,2017-04-12,2021-07-30,"ok",5000,20,20251009,"common_obs",0.809,0.48,0.0530738552237041,0.0656042709810928
"Table 2","period2","mfBm5",10,"mfbm","period2","MSFE",1.12323376817587,0.7658,1075,2017-04-12,2021-07-30,"ok",5000,20,20251014,"common_obs",1.0793,0.842,0.0439337681758663,0.0407057983654834
"Table 2","period2","mfBm5",15,"mfbm","period2","MSFE",1.31503878157737,0.859,1075,2017-04-12,2021-07-30,"ok",5000,20,20251019,"common_obs",1.2895,0.8128,0.0255387815773684,0.0198051815256832
"Table 2","period2","mfBm5",20,"mfbm","period2","MSFE",1.45461194080593,0.788,1075,2017-04-12,2021-07-30,"ok",5000,20,20251024,"common_obs",1.4612,0.7246,-0.00658805919407479,-0.00450866356013878
"Table 3","full","HAR",1,"vhar","full","MSFE",0.514631049637425,1,4508,2007-01-03,2025-01-14,"ok",5000,20,20251005,"common_obs",0.5157,1,-0.00106895036257482,-0.00207281435442082
"Table 3","full","HAR",2,"vhar","full","MSFE",0.65027250487008,1,4507,2007-01-04,2025-01-14,"ok",5000,20,20251006,"common_obs",0.6513,1,-0.00102749512991962,-0.0015776065252873
"Table 3","full","HAR",3,"vhar","full","MSFE",0.734968897893013,1,4506,2007-01-05,2025-01-14,"ok",5000,20,20251007,"common_obs",0.7369,1,-0.00193110210698721,-0.00262057552854826
"Table 3","full","HAR",4,"vhar","full","MSFE",0.785610466429993,1,4505,2007-01-08,2025-01-14,"ok",5000,20,20251008,"common_obs",0.787,1,-0.00138953357000704,-0.0017656080940369
"Table 3","full","HAR",5,"vhar","full","MSFE",0.866271531878394,1,4504,2007-01-09,2025-01-14,"ok",5000,20,20251009,"common_obs",0.8678,1,-0.00152846812160568,-0.00176131380687448
"Table 3","full","HAR",10,"vhar","full","MSFE",1.11057484589472,1,4499,2007-01-17,2025-01-14,"ok",5000,20,20251014,"common_obs",1.1109,1,-0.000325154105277781,-0.00029269430666827
"Table 3","full","HAR",15,"vhar","full","MSFE",1.24632759660081,1,4494,2007-01-24,2025-01-14,"ok",5000,20,20251019,"common_obs",1.2468,1,-0.000472403399188526,-0.000378892684623457
"Table 3","full","HAR",20,"vhar","full","MSFE",1.30598807690006,1,4489,2007-01-31,2025-01-14,"ok",5000,20,20251024,"common_obs",1.3072,1,-0.00121192309994034,-0.000927113754544322
"Table 3","full","VHAR2",1,"vhar","full","MSFE",0.528883598380463,0.0662,4508,2007-01-03,2025-01-14,"ok",5000,20,20251005,"common_obs",0.5316,0.049,-0.00271640161953712,-0.00510986008189828
"Table 3","full","VHAR2",2,"vhar","full","MSFE",0.666229869281948,0.1322,4507,2007-01-04,2025-01-14,"ok",5000,20,20251006,"common_obs",0.6703,0.079,-0.00407013071805218,-0.00607210311510097
"Table 3","full","VHAR2",3,"vhar","full","MSFE",0.763514103249692,0.0512,4506,2007-01-05,2025-01-14,"ok",5000,20,20251007,"common_obs",0.7701,0.031,-0.00658589675030774,-0.00855200201312523
"Table 3","full","VHAR2",4,"vhar","full","MSFE",0.823174301230416,0.0652,4505,2007-01-08,2025-01-14,"ok",5000,20,20251008,"common_obs",0.8292,0.0424,-0.00602569876958425,-0.00726688225950826
"Table 3","full","VHAR2",5,"vhar","full","MSFE",0.923060316765777,0.0448,4504,2007-01-09,2025-01-14,"ok",5000,20,20251009,"common_obs",0.9307,0.0352,-0.00763968323422326,-0.00820853468810923
"Table 3","full","VHAR2",10,"vhar","full","MSFE",1.25076001719253,0.2002,4499,2007-01-17,2025-01-14,"ok",5000,20,20251014,"common_obs",1.2834,0.045,-0.032639982807473,-0.0254324316717103
"Table 3","full","VHAR2",15,"vhar","full","MSFE",1.401051391456,0.1272,4494,2007-01-24,2025-01-14,"ok",5000,20,20251019,"common_obs",1.456,0.0558,-0.054948608543997,-0.0377394289450529
"Table 3","full","VHAR2",20,"vhar","full","MSFE",1.44829978847555,0.048,4489,2007-01-31,2025-01-14,"ok",5000,20,20251024,"common_obs",1.5053,0.1044,-0.0570002115244455,-0.037866346591673
"Table 3","full","VHAR3",1,"vhar","full","MSFE",0.535348982484245,0.0662,4508,2007-01-03,2025-01-14,"ok",5000,20,20251005,"common_obs",0.5384,0.0466,-0.00305101751575543,-0.00566682302331989
"Table 3","full","VHAR3",2,"vhar","full","MSFE",0.679128461354494,0.038,4507,2007-01-04,2025-01-14,"ok",5000,20,20251006,"common_obs",0.6838,0.0244,-0.00467153864550574,-0.00683173244443658
"Table 3","full","VHAR3",3,"vhar","full","MSFE",0.778490405096849,0.039,4506,2007-01-05,2025-01-14,"ok",5000,20,20251007,"common_obs",0.7863,0.019,-0.00780959490315136,-0.00993208050763241
"Table 3","full","VHAR3",4,"vhar","full","MSFE",0.840524248972954,0.0334,4505,2007-01-08,2025-01-14,"ok",5000,20,20251008,"common_obs",0.8482,0.0204,-0.00767575102704643,-0.00904945888593071
"Table 3","full","VHAR3",5,"vhar","full","MSFE",0.945252999059146,0.0258,4504,2007-01-09,2025-01-14,"ok",5000,20,20251009,"common_obs",0.9563,0.0154,-0.011047000940854,-0.0115518152680686
"Table 3","full","VHAR3",10,"vhar","full","MSFE",1.29159263886717,0.2002,4499,2007-01-17,2025-01-14,"ok",5000,20,20251014,"common_obs",1.3236,0.045,-0.0320073611328286,-0.0241820498132583
"Table 3","full","VHAR3",15,"vhar","full","MSFE",1.4541923110019,0.1272,4494,2007-01-24,2025-01-14,"ok",5000,20,20251019,"common_obs",1.5065,0.0558,-0.0523076889980949,-0.0347213335533322
"Table 3","full","VHAR3",20,"vhar","full","MSFE",1.48334870360698,0.0298,4489,2007-01-31,2025-01-14,"ok",5000,20,20251024,"common_obs",1.5581,0.1044,-0.0747512963930224,-0.0479759299101613
"Table 3","full","VHAR4",1,"vhar","full","MSFE",0.542934572264263,0.0424,4508,2007-01-03,2025-01-14,"ok",5000,20,20251005,"common_obs",0.5457,0.0394,-0.00276542773573718,-0.00506767039717277
"Table 3","full","VHAR4",2,"vhar","full","MSFE",0.693557154123962,0.0258,4507,2007-01-04,2025-01-14,"ok",5000,20,20251006,"common_obs",0.6977,0.0232,-0.00414284587603797,-0.00593786136740429
"Table 3","full","VHAR4",3,"vhar","full","MSFE",0.800419630644227,0.0258,4506,2007-01-05,2025-01-14,"ok",5000,20,20251007,"common_obs",0.8074,0.0172,-0.00698036935577295,-0.00864549090385553
"Table 3","full","VHAR4",4,"vhar","full","MSFE",0.868417747709851,0.024,4505,2007-01-08,2025-01-14,"ok",5000,20,20251008,"common_obs",0.875,0.0174,-0.00658225229014942,-0.00752257404588505
"Table 3","full","VHAR4",5,"vhar","full","MSFE",0.975287925178587,0.0168,4504,2007-01-09,2025-01-14,"ok",5000,20,20251009,"common_obs",0.9852,0.015,-0.00991207482141254,-0.010060977285234
"Table 3","full","VHAR4",10,"vhar","full","MSFE",1.3168501810894,0.2002,4499,2007-01-17,2025-01-14,"ok",5000,20,20251014,"common_obs",1.3666,0.045,-0.0497498189105994,-0.0364040823288449
"Table 3","full","VHAR4",15,"vhar","full","MSFE",1.52162932205697,0.1272,4494,2007-01-24,2025-01-14,"ok",5000,20,20251019,"common_obs",1.663,0.0558,-0.141370677943031,-0.0850094275063324
"Table 3","full","VHAR4",20,"vhar","full","MSFE",1.7015630268208,0.0298,4489,2007-01-31,2025-01-14,"ok",5000,20,20251024,"common_obs",1.9388,0.1044,-0.2372369731792,-0.122362787899319
"Table 3","full","VHAR5",1,"vhar","full","MSFE",0.553926304357636,0.0424,4508,2007-01-03,2025-01-14,"ok",5000,20,20251005,"common_obs",0.558,0.0394,-0.00407369564236426,-0.00730052982502556
"Table 3","full","VHAR5",2,"vhar","full","MSFE",0.701302984644338,0.0026,4507,2007-01-04,2025-01-14,"ok",5000,20,20251006,"common_obs",0.7072,0.0018,-0.00589701535566245,-0.00833853981287111
"Table 3","full","VHAR5",3,"vhar","full","MSFE",0.805401865961623,0.0222,4506,2007-01-05,2025-01-14,"ok",5000,20,20251007,"common_obs",0.8158,0.0086,-0.0103981340383774,-0.0127459353252972
"Table 3","full","VHAR5",4,"vhar","full","MSFE",0.885190309875799,0.0032,4505,2007-01-08,2025-01-14,"ok",5000,20,20251008,"common_obs",0.8973,0.0012,-0.0121096901242006,-0.0134956983441442
"Table 3","full","VHAR5",5,"vhar","full","MSFE",0.99263672503778,0.013,4504,2007-01-09,2025-01-14,"ok",5000,20,20251009,"common_obs",1.0088,0.01,-0.0161632749622197,-0.0160222789078308
"Table 3","full","VHAR5",10,"vhar","full","MSFE",1.34867008116073,0.2002,4499,2007-01-17,2025-01-14,"ok",5000,20,20251014,"common_obs",1.3626,0.045,-0.0139299188392736,-0.0102230433283969
"Table 3","full","VHAR5",15,"vhar","full","MSFE",1.61421802655381,0.018,4494,2007-01-24,2025-01-14,"ok",5000,20,20251019,"common_obs",1.6406,0.0558,-0.0263819734461865,-0.0160806859967003
"Table 3","full","VHAR5",20,"vhar","full","MSFE",1.80720078609097,0.0024,4489,2007-01-31,2025-01-14,"ok",5000,20,20251024,"common_obs",1.8773,0.1044,-0.0700992139090273,-0.037340443141228
