"table","setting","model","i","kind","h","rmsfe","theory","reps"
"Table 8","rho=0","fBm",1,"mc",1,0.479481837075719,0.480190253159625,10000
"Table 8","rho=0","fBm",1,"mc",2,0.506631771391707,0.507723524764408,10000
"Table 8","rho=0","fBm",1,"mc",3,0.526632423739285,0.525397215587191,10000
"Table 8","rho=0","fBm",1,"mc",4,0.53374352732243,0.538703638821608,10000
"Table 8","rho=0","fBm",1,"mc",5,0.548019942438854,0.54947887972718,10000
"Table 8","rho=0","bfBm",1,"mc",1,0.47948183707572,0.480190253159624,10000
"Table 8","rho=0","bfBm",1,"mc",2,0.506631771391707,0.507723524764408,10000
"Table 8","rho=0","bfBm",1,"mc",3,0.526632423739286,0.525397215587191,10000
"Table 8","rho=0","bfBm",1,"mc",4,0.533743527322429,0.538703638821608,10000
"Table 8","rho=0","bfBm",1,"mc",5,0.548019942438854,0.54947887972718,10000
"Table 8","rho=0","fBm",2,"mc",1,0.109610140784897,0.108546272865801,10000
"Table 8","rho=0","fBm",2,"mc",2,0.142902874444946,0.143035201950238,10000
"Table 8","rho=0","fBm",2,"mc",3,0.168585296458616,0.168125357299036,10000
"Table 8","rho=0","fBm",2,"mc",4,0.190431174193706,0.188570092450474,10000
"Table 8","rho=0","fBm",2,"mc",5,0.207931557538573,0.206134712409783,10000
"Table 8","rho=0","bfBm",2,"mc",1,0.109610140784898,0.108546272865797,10000
"Table 8","rho=0","bfBm",2,"mc",2,0.142902874444947,0.143035201950235,10000
"Table 8","rho=0","bfBm",2,"mc",3,0.168585296458612,0.168125357299037,10000
"Table 8","rho=0","bfBm",2,"mc",4,0.190431174193709,0.188570092450477,10000
"Table 8","rho=0","bfBm",2,"mc",5,0.207931557538572,0.206134712409785,10000
"Table 8","rho=0.4","fBm",1,"mc",1,0.483696709833323,0.480190253159625,10000
"Table 8","rho=0.4","fBm",1,"mc",2,0.508588555644627,0.507723524764408,10000
"Table 8","rho=0.4","fBm",1,"mc",3,0.523054353897542,0.525397215587191,10000
"Table 8","rho=0.4","fBm",1,"mc",4,0.538635019037089,0.538703638821608,10000
"Table 8","rho=0.4","fBm",1,"mc",5,0.543901561394498,0.54947887972718,10000
"Table 8","rho=0.4","bfBm",1,"mc",1,0.479000011928455,0.475637884822142,10000
"Table 8","rho=0.4","bfBm",1,"mc",2,0.503929782752877,0.503483529320757,10000
"Table 8","rho=0.4","bfBm",1,"mc",3,0.519562012992562,0.521342847848967,10000
"Table 8","rho=0.4","bfBm",1,"mc",4,0.53557380614336,0.534774687543897,10000
"Table 8","rho=0.4","bfBm",1,"mc",5,0.540021980165984,0.545641599147371,10000
"Table 8","rho=0.4","fBm",2,"mc",1,0.107648794101987,0.108546272865801,10000
"Table 8","rho=0.4","fBm",2,"mc",2,0.143217305152854,0.143035201950238,10000
"Table 8","rho=0.4","fBm",2,"mc",3,0.168899607632544,0.168125357299036,10000
"Table 8","rho=0.4","fBm",2,"mc",4,0.188682118921927,0.188570092450474,10000
"Table 8","rho=0.4","fBm",2,"mc",5,0.204510100270275,0.206134712409783,10000
"Table 8","rho=0.4","bfBm",2,"mc",1,0.106677687967939,0.107498774934515,10000
"Table 8","rho=0.4","bfBm",2,"mc",2,0.142053945201783,0.141710829248667,10000
"Table 8","rho=0.4","bfBm",2,"mc",3,0.167426101354962,0.166600581464917,10000
"Table 8","rho=0.4","bfBm",2,"mc",4,0.187162105528418,0.18688169080848,10000
"Table 8","rho=0.4","bfBm",2,"mc",5,0.202810091250838,0.204305653819811,10000
"Table 8","rho=0.8","fBm",1,"mc",1,0.481298326423452,0.480190253159625,10000
"Table 8","rho=0.8","fBm",1,"mc",2,0.503274805053793,0.507723524764408,10000
"Table 8","rho=0.8","fBm",1,"mc",3,0.522727011999952,0.525397215587191,10000
"Table 8","rho=0.8","fBm",1,"mc",4,0.544213421945394,0.538703638821608,10000
"Table 8","rho=0.8","fBm",1,"mc",5,0.550903924190771,0.54947887972718,10000
"Table 8","rho=0.8","bfBm",1,"mc",1,0.423012303661867,0.42458835891718,10000
"Table 8","rho=0.8","bfBm",1,"mc",2,0.451135195742206,0.452638666791305,10000
"Table 8","rho=0.8","bfBm",1,"mc",3,0.467258248027387,0.470027823283779,10000
"Table 8","rho=0.8","bfBm",1,"mc",4,0.485368051182472,0.482715267332076,10000
"Table 8","rho=0.8","bfBm",1,"mc",5,0.494745604138062,0.492721154303104,10000
"Table 8","rho=0.8","fBm",2,"mc",1,0.108636970868853,0.108546272865801,10000
"Table 8","rho=0.8","fBm",2,"mc",2,0.142970429433265,0.143035201950238,10000
"Table 8","rho=0.8","fBm",2,"mc",3,0.16838397412238,0.168125357299036,10000
"Table 8","rho=0.8","fBm",2,"mc",4,0.190866253301872,0.188570092450474,10000
"Table 8","rho=0.8","fBm",2,"mc",5,0.207429553975663,0.206134712409783,10000
"Table 8","rho=0.8","bfBm",2,"mc",1,0.0950343553072977,0.0953396040924762,10000
"Table 8","rho=0.8","bfBm",2,"mc",2,0.12472316516824,0.124150364048924,10000
"Table 8","rho=0.8","bfBm",2,"mc",3,0.144511067878398,0.14427969066482,10000
"Table 8","rho=0.8","bfBm",2,"mc",4,0.162034339964605,0.160157894566649,10000
"Table 8","rho=0.8","bfBm",2,"mc",5,0.174671906080979,0.173437297114189,10000
"Table 9","H=(0.1;0.1)","fBm",1,"mc",1,0.481159225336016,0.480190253159625,10000
"Table 9","H=(0.1;0.1)","fBm",1,"mc",2,0.506335403574429,0.507723524764408,10000
"Table 9","H=(0.1;0.1)","fBm",1,"mc",3,0.519838045780382,0.525397215587191,10000
"Table 9","H=(0.1;0.1)","fBm",1,"mc",4,0.541213162830832,0.538703638821608,10000
"Table 9","H=(0.1;0.1)","fBm",1,"mc",5,0.548076725886152,0.54947887972718,10000
"Table 9","H=(0.1;0.1)","bfBm",1,"mc",1,0.481159225336016,0.480190253159624,10000
"Table 9","H=(0.1;0.1)","bfBm",1,"mc",2,0.506335403574429,0.507723524764408,10000
"Table 9","H=(0.1;0.1)","bfBm",1,"mc",3,0.519838045780382,0.525397215587191,10000
"Table 9","H=(0.1;0.1)","bfBm",1,"mc",4,0.541213162830832,0.538703638821608,10000
"Table 9","H=(0.1;0.1)","bfBm",1,"mc",5,0.548076725886151,0.54947887972718,10000
"Table 9","H=(0.1;0.1)","fBm",2,"mc",1,0.480840303820972,0.480190253159625,10000
"Table 9","H=(0.1;0.1)","fBm",2,"mc",2,0.506459264924513,0.507723524764408,10000
"Table 9","H=(0.1;0.1)","fBm",2,"mc",3,0.525244786432545,0.525397215587191,10000
"Table 9","H=(0.1;0.1)","fBm",2,"mc",4,0.539758273923611,0.538703638821608,10000
"Table 9","H=(0.1;0.1)","fBm",2,"mc",5,0.549872830334733,0.54947887972718,10000
"Table 9","H=(0.1;0.1)","bfBm",2,"mc",1,0.480840303820973,0.480190253159624,10000
"Table 9","H=(0.1;0.1)","bfBm",2,"mc",2,0.506459264924513,0.507723524764408,10000
"Table 9","H=(0.1;0.1)","bfBm",2,"mc",3,0.525244786432545,0.525397215587191,10000
"Table 9","H=(0.1;0.1)","bfBm",2,"mc",4,0.539758273923611,0.538703638821608,10000
"Table 9","H=(0.1;0.1)","bfBm",2,"mc",5,0.549872830334731,0.54947887972718,10000
"Table 9","H=(0.1;0.2)","fBm",1,"mc",1,0.475230301256323,0.480190253159625,10000
"Table 9","H=(0.1;0.2)","fBm",1,"mc",2,0.5013661269105,0.507723524764408,10000
"Table 9","H=(0.1;0.2)","fBm",1,"mc",3,0.523653270603425,0.525397215587191,10000
"Table 9","H=(0.1;0.2)","fBm",1,"mc",4,0.539431422498008,0.538703638821608,10000
"Table 9","H=(0.1;0.2)","fBm",1,"mc",5,0.549162266329127,0.54947887972718,10000
"Table 9","H=(0.1;0.2)","bfBm",1,"mc",1,0.474989069844402,0.479504368161175,10000
"Table 9","H=(0.1;0.2)","bfBm",1,"mc",2,0.501275337376556,0.507145972112926,10000
"Table 9","H=(0.1;0.2)","bfBm",1,"mc",3,0.523368411575154,0.524876968468971,10000
"Table 9","H=(0.1;0.2)","bfBm",1,"mc",4,0.539335848034222,0.538220457259117,10000
"Table 9","H=(0.1;0.2)","bfBm",1,"mc",5,0.548729180164726,0.549022239886455,10000
"Table 9","H=(0.1;0.2)","fBm",2,"mc",1,0.299425121002601,0.299930891377909,10000
"Table 9","H=(0.1;0.2)","fBm",2,"mc",2,0.343040108519694,0.341064942044049,10000
"Table 9","H=(0.1;0.2)","fBm",2,"mc",3,0.366558538893264,0.368215398169211,10000
"Table 9","H=(0.1;0.2)","fBm",2,"mc",4,0.391396428196819,0.389019109886818,10000
"Table 9","H=(0.1;0.2)","fBm",2,"mc",5,0.408971792315759,0.406094451634523,10000
"Table 9","H=(0.1;0.2)","bfBm",2,"mc",1,0.299150436312041,0.299543597068023,10000
"Table 9","H=(0.1;0.2)","bfBm",2,"mc",2,0.342787987925808,0.340700644365536,10000
"Table 9","H=(0.1;0.2)","bfBm",2,"mc",3,0.366341369545164,0.36786274264581,10000
"Table 9","H=(0.1;0.2)","bfBm",2,"mc",4,0.391103390114882,0.388673395741802,10000
"Table 9","H=(0.1;0.2)","bfBm",2,"mc",5,0.408751714407287,0.405753271069129,10000
"Table 9","H=(0.1;0.4)","fBm",1,"mc",1,0.476791129113522,0.480190253159625,10000
"Table 9","H=(0.1;0.4)","fBm",1,"mc",2,0.515217181247848,0.507723524764408,10000
"Table 9","H=(0.1;0.4)","fBm",1,"mc",3,0.525281568501094,0.525397215587191,10000
"Table 9","H=(0.1;0.4)","fBm",1,"mc",4,0.539749622148026,0.538703638821608,10000
"Table 9","H=(0.1;0.4)","fBm",1,"mc",5,0.552407823145389,0.54947887972718,10000
"Table 9","H=(0.1;0.4)","bfBm",1,"mc",1,0.471940422736847,0.475637884822142,10000
"Table 9","H=(0.1;0.4)","bfBm",1,"mc",2,0.509951843699,0.503483529320757,10000
"Table 9","H=(0.1;0.4)","bfBm",1,"mc",3,0.52037646178636,0.521342847848967,10000
"Table 9","H=(0.1;0.4)","bfBm",1,"mc",4,0.535445885102412,0.534774687543897,10000
"Table 9","H=(0.1;0.4)","bfBm",1,"mc",5,0.548080400117835,0.545641599147371,10000
"Table 9","H=(0.1;0.4)","fBm",2,"mc",1,0.107777224393081,0.108546272865801,10000
"Table 9","H=(0.1;0.4)","fBm",2,"mc",2,0.142406316411334,0.143035201950238,10000
"Table 9","H=(0.1;0.4)","fBm",2,"mc",3,0.166571394865481,0.168125357299036,10000
"Table 9","H=(0.1;0.4)","fBm",2,"mc",4,0.185689125578413,0.188570092450474,10000
"Table 9","H=(0.1;0.4)","fBm",2,"mc",5,0.202483484211865,0.206134712409783,10000
"Table 9","H=(0.1;0.4)","bfBm",2,"mc",1,0.106950953820933,0.107498774934515,10000
"Table 9","H=(0.1;0.4)","bfBm",2,"mc",2,0.141372703326063,0.141710829248667,10000
"Table 9","H=(0.1;0.4)","bfBm",2,"mc",3,0.165242964210462,0.166600581464917,10000
"Table 9","H=(0.1;0.4)","bfBm",2,"mc",4,0.184257347794857,0.18688169080848,10000
"Table 9","H=(0.1;0.4)","bfBm",2,"mc",5,0.200837177460569,0.204305653819811,10000
"Table 10","Sigma1","fBm",1,"mc",1,0.479498221620344,0.480190253159625,10000
"Table 10","Sigma1","fBm",1,"mc",2,0.499259279776266,0.507723524764408,10000
"Table 10","Sigma1","fBm",1,"mc",3,0.520301895187107,0.525397215587191,10000
"Table 10","Sigma1","fBm",1,"mc",4,0.53655672838233,0.538703638821608,10000
"Table 10","Sigma1","fBm",1,"mc",5,0.548405005193336,0.54947887972718,10000
"Table 10","Sigma1","bfBm",1,"mc",1,0.474874737950353,0.475637884822142,10000
"Table 10","Sigma1","bfBm",1,"mc",2,0.495459609154333,0.503483529320757,10000
"Table 10","Sigma1","bfBm",1,"mc",3,0.515779707848866,0.521342847848967,10000
"Table 10","Sigma1","bfBm",1,"mc",4,0.532608081607275,0.534774687543897,10000
"Table 10","Sigma1","bfBm",1,"mc",5,0.544561541273919,0.545641599147371,10000
"Table 10","Sigma1","mfBm3",1,"mc",1,0.468020168841074,0.468630873524421,10000
"Table 10","Sigma1","mfBm3",1,"mc",2,0.489886772917175,0.496901256067666,10000
"Table 10","Sigma1","mfBm3",1,"mc",3,0.509343551904145,0.51500678528195,10000
"Table 10","Sigma1","mfBm3",1,"mc",4,0.527359460889849,0.52860073717086,10000
"Table 10","Sigma1","mfBm3",1,"mc",5,0.539449838726294,0.539583178050438,10000
"Table 10","Sigma2","fBm",1,"mc",1,0.474776843869999,0.480190253159625,10000
"Table 10","Sigma2","fBm",1,"mc",2,0.509521935871682,0.507723524764408,10000
"Table 10","Sigma2","fBm",1,"mc",3,0.523160749013312,0.525397215587191,10000
"Table 10","Sigma2","fBm",1,"mc",4,0.539222789020975,0.538703638821608,10000
"Table 10","Sigma2","fBm",1,"mc",5,0.545284147187487,0.54947887972718,10000
"Table 10","Sigma2","bfBm",1,"mc",1,0.47071393029363,0.475637884822142,10000
"Table 10","Sigma2","bfBm",1,"mc",2,0.505956992085747,0.503483529320757,10000
"Table 10","Sigma2","bfBm",1,"mc",3,0.519853392027182,0.521342847848967,10000
"Table 10","Sigma2","bfBm",1,"mc",4,0.536403230902364,0.534774687543897,10000
"Table 10","Sigma2","bfBm",1,"mc",5,0.542386855705459,0.545641599147371,10000
"Table 10","Sigma2","mfBm3",1,"mc",1,0.463731327344421,0.468630873524421,10000
"Table 10","Sigma2","mfBm3",1,"mc",2,0.49984584923225,0.496901256067666,10000
"Table 10","Sigma2","mfBm3",1,"mc",3,0.513707193481513,0.51500678528195,10000
"Table 10","Sigma2","mfBm3",1,"mc",4,0.530751178544598,0.52860073717086,10000
"Table 10","Sigma2","mfBm3",1,"mc",5,0.536128447867064,0.539583178050438,10000
"Table 10","Sigma2","mfBm4",1,"mc",1,0.451565062725665,0.456311898821817,10000
"Table 10","Sigma2","mfBm4",1,"mc",2,0.487632209934721,0.485124453244033,10000
"Table 10","Sigma2","mfBm4",1,"mc",3,0.5015976700487,0.503514077619369,10000
"Table 10","Sigma2","mfBm4",1,"mc",4,0.51736288168838,0.517273820853946,10000
"Table 10","Sigma2","mfBm4",1,"mc",5,0.525361164434826,0.52835899290791,10000
"Table 11","rho=0","fBm",1,"known",1,0.297564297657239,0.299930891377909,10000
"Table 11","rho=0","fBm",1,"known",2,0.34185976893771,0.341064942044049,10000
"Table 11","rho=0","fBm",1,"known",3,0.365516561850329,0.368215398169211,10000
"Table 11","rho=0","fBm",1,"known",4,0.390736972951421,0.389019109886818,10000
"Table 11","rho=0","fBm",1,"known",5,0.408168151123367,0.406094451634523,10000
"Table 11","rho=0","fBm",1,"unknown",1,0.298199738120875,0.299930891377909,10000
"Table 11","rho=0","fBm",1,"unknown",2,0.342621642175577,0.341064942044049,10000
"Table 11","rho=0","fBm",1,"unknown",3,0.366475822709678,0.368215398169211,10000
"Table 11","rho=0","fBm",1,"unknown",4,0.391305232633421,0.389019109886818,10000
"Table 11","rho=0","fBm",1,"unknown",5,0.409418589001208,0.406094451634523,10000
"Table 11","rho=0","bfBm",1,"known",1,0.297564297657238,0.299930891377908,10000
"Table 11","rho=0","bfBm",1,"known",2,0.34185976893771,0.341064942044048,10000
"Table 11","rho=0","bfBm",1,"known",3,0.365516561850329,0.368215398169211,10000
"Table 11","rho=0","bfBm",1,"known",4,0.390736972951421,0.389019109886817,10000
"Table 11","rho=0","bfBm",1,"known",5,0.408168151123367,0.406094451634521,10000
"Table 11","rho=0","bfBm",1,"unknown",1,0.298212341599723,0.299930891377908,10000
"Table 11","rho=0","bfBm",1,"unknown",2,0.34264892094636,0.341064942044048,10000
"Table 11","rho=0","bfBm",1,"unknown",3,0.366462939929951,0.368215398169211,10000
"Table 11","rho=0","bfBm",1,"unknown",4,0.391309126795517,0.389019109886817,10000
"Table 11","rho=0","bfBm",1,"unknown",5,0.409427936751325,0.406094451634521,10000
"Table 11","rho=0","fBm",2,"known",1,0.109922372874607,0.108546272865801,10000
"Table 11","rho=0","fBm",2,"known",2,0.143367052699581,0.143035201950238,10000
"Table 11","rho=0","fBm",2,"known",3,0.168272260421632,0.168125357299036,10000
"Table 11","rho=0","fBm",2,"known",4,0.188419311098609,0.188570092450474,10000
"Table 11","rho=0","fBm",2,"known",5,0.205938812200894,0.206134712409783,10000
"Table 11","rho=0","fBm",2,"unknown",1,0.110055708392123,0.108546272865801,10000
"Table 11","rho=0","fBm",2,"unknown",2,0.143681903994739,0.143035201950238,10000
"Table 11","rho=0","fBm",2,"unknown",3,0.16856435637215,0.168125357299036,10000
"Table 11","rho=0","fBm",2,"unknown",4,0.188750267272137,0.188570092450474,10000
"Table 11","rho=0","fBm",2,"unknown",5,0.206251711424102,0.206134712409783,10000
"Table 11","rho=0","bfBm",2,"known",1,0.109922372874605,0.108546272865797,10000
"Table 11","rho=0","bfBm",2,"known",2,0.143367052699583,0.143035201950235,10000
"Table 11","rho=0","bfBm",2,"known",3,0.16827226042163,0.168125357299037,10000
"Table 11","rho=0","bfBm",2,"known",4,0.18841931109861,0.188570092450477,10000
"Table 11","rho=0","bfBm",2,"known",5,0.205938812200892,0.206134712409785,10000
"Table 11","rho=0","bfBm",2,"unknown",1,0.110046370267049,0.108546272865797,10000
"Table 11","rho=0","bfBm",2,"unknown",2,0.143657313633385,0.143035201950235,10000
"Table 11","rho=0","bfBm",2,"unknown",3,0.168525487259872,0.168125357299037,10000
"Table 11","rho=0","bfBm",2,"unknown",4,0.188704430725762,0.188570092450477,10000
"Table 11","rho=0","bfBm",2,"unknown",5,0.206198769634358,0.206134712409785,10000
"Table 11","rho=0.4","fBm",1,"known",1,0.301421288961315,0.299930891377909,10000
"Table 11","rho=0.4","fBm",1,"known",2,0.342826966079883,0.341064942044049,10000
"Table 11","rho=0.4","fBm",1,"known",3,0.368886373276134,0.368215398169211,10000
"Table 11","rho=0.4","fBm",1,"known",4,0.391950563502853,0.389019109886818,10000
"Table 11","rho=0.4","fBm",1,"known",5,0.408903934744003,0.406094451634523,10000
"Table 11","rho=0.4","fBm",1,"unknown",1,0.302616497578637,0.299930891377909,10000
"Table 11","rho=0.4","fBm",1,"unknown",2,0.34413273055283,0.341064942044049,10000
"Table 11","rho=0.4","fBm",1,"unknown",3,0.369939719796939,0.368215398169211,10000
"Table 11","rho=0.4","fBm",1,"unknown",4,0.393342640993431,0.389019109886818,10000
"Table 11","rho=0.4","fBm",1,"unknown",5,0.410265877414293,0.406094451634523,10000
"Table 11","rho=0.4","bfBm",1,"known",1,0.300513503550059,0.298972200734397,10000
"Table 11","rho=0.4","bfBm",1,"known",2,0.341677795521254,0.340034194852162,10000
"Table 11","rho=0.4","bfBm",1,"known",3,0.367706170524383,0.367145690303299,10000
"Table 11","rho=0.4","bfBm",1,"known",4,0.39083037571496,0.387921735181492,10000
"Table 11","rho=0.4","bfBm",1,"known",5,0.408045264878297,0.404975117575377,10000
"Table 11","rho=0.4","bfBm",1,"unknown",1,0.302059402373111,0.298972200734397,10000
"Table 11","rho=0.4","bfBm",1,"unknown",2,0.34335618391869,0.340034194852162,10000
"Table 11","rho=0.4","bfBm",1,"unknown",3,0.368985633490043,0.367145690303299,10000
"Table 11","rho=0.4","bfBm",1,"unknown",4,0.392501728874073,0.387921735181492,10000
"Table 11","rho=0.4","bfBm",1,"unknown",5,0.409641894286481,0.404975117575377,10000
"Table 11","rho=0.4","fBm",2,"known",1,0.107493866451674,0.108546272865801,10000
"Table 11","rho=0.4","fBm",2,"known",2,0.142580063155806,0.143035201950238,10000
"Table 11","rho=0.4","fBm",2,"known",3,0.16932622274247,0.168125357299036,10000
"Table 11","rho=0.4","fBm",2,"known",4,0.189546742228596,0.188570092450474,10000
"Table 11","rho=0.4","fBm",2,"known",5,0.209027819418462,0.206134712409783,10000
"Table 11","rho=0.4","fBm",2,"unknown",1,0.107624043000809,0.108546272865801,10000
"Table 11","rho=0.4","fBm",2,"unknown",2,0.142777015644068,0.143035201950238,10000
"Table 11","rho=0.4","fBm",2,"unknown",3,0.16949503494751,0.168125357299036,10000
"Table 11","rho=0.4","fBm",2,"unknown",4,0.189832447546697,0.188570092450474,10000
"Table 11","rho=0.4","fBm",2,"unknown",5,0.209307474302564,0.206134712409783,10000
"Table 11","rho=0.4","bfBm",2,"known",1,0.107289612689273,0.108171874958016,10000
"Table 11","rho=0.4","bfBm",2,"known",2,0.142239423581829,0.142553725238972,10000
"Table 11","rho=0.4","bfBm",2,"known",3,0.168866315128692,0.167569841979046,10000
"Table 11","rho=0.4","bfBm",2,"known",4,0.18888576065457,0.187955780475033,10000
"Table 11","rho=0.4","bfBm",2,"known",5,0.20839922603512,0.205470761148824,10000
"Table 11","rho=0.4","bfBm",2,"unknown",1,0.107574149677421,0.108171874958016,10000
"Table 11","rho=0.4","bfBm",2,"unknown",2,0.142624107135901,0.142553725238972,10000
"Table 11","rho=0.4","bfBm",2,"unknown",3,0.169184474994908,0.167569841979046,10000
"Table 11","rho=0.4","bfBm",2,"unknown",4,0.189296311916757,0.187955780475033,10000
"Table 11","rho=0.4","bfBm",2,"unknown",5,0.208825260693439,0.205470761148824,10000
