"table","panel","class","period","model","h","metric","value","mcs_p","n_forecasts","first_target","last_target","mcs_status","mcs_B","mcs_block","mcs_seed"
"robust_window250","mfbm","mfbm","full","fBm",1,"MSFE",0.500148356364207,0.4028,4508,2007-01-03,2025-01-14,"ok",5000,20,20251005
"robust_window250","mfbm","mfbm","full","bfBm",1,"MSFE",0.499215550539428,0.6464,4508,2007-01-03,2025-01-14,"ok",5000,20,20251005
"robust_window250","mfbm","mfbm","full","mfBm3",1,"MSFE",0.498502498602925,0.6464,4508,2007-01-03,2025-01-14,"ok",5000,20,20251005
"robust_window250","mfbm","mfbm","full","mfBm4",1,"MSFE",0.498337951689085,0.6464,4508,2007-01-03,2025-01-14,"ok",5000,20,20251005
"robust_window250","mfbm","mfbm","full","mfBm5",1,"MSFE",0.497757651089549,1,4508,2007-01-03,2025-01-14,"ok",5000,20,20251005
"robust_window250","mfbm","mfbm","full","fBm",2,"MSFE",0.642276462382,0.35,4508,2007-01-03,2025-01-14,"ok",5000,20,20251006
"robust_window250","mfbm","mfbm","full","bfBm",2,"MSFE",0.639943358386049,0.8054,4508,2007-01-03,2025-01-14,"ok",5000,20,20251006
"robust_window250","mfbm","mfbm","full","mfBm3",2,"MSFE",0.63923899030757,0.8494,4508,2007-01-03,2025-01-14,"ok",5000,20,20251006
"robust_window250","mfbm","mfbm","full","mfBm4",2,"MSFE",0.639246079469264,0.8494,4508,2007-01-03,2025-01-14,"ok",5000,20,20251006
"robust_window250","mfbm","mfbm","full","mfBm5",2,"MSFE",0.638768833403391,1,4508,2007-01-03,2025-01-14,"ok",5000,20,20251006
"robust_window250","mfbm","mfbm","full","fBm",3,"MSFE",0.729098525611452,0.2128,4507,2007-01-04,2025-01-14,"ok",5000,20,20251007
"robust_window250","mfbm","mfbm","full","bfBm",3,"MSFE",0.725493339698853,0.4288,4507,2007-01-04,2025-01-14,"ok",5000,20,20251007
"robust_window250","mfbm","mfbm","full","mfBm3",3,"MSFE",0.724186234292927,0.4704,4507,2007-01-04,2025-01-14,"ok",5000,20,20251007
"robust_window250","mfbm","mfbm","full","mfBm4",3,"MSFE",0.723055099720701,0.6482,4507,2007-01-04,2025-01-14,"ok",5000,20,20251007
"robust_window250","mfbm","mfbm","full","mfBm5",3,"MSFE",0.722697612410758,1,4507,2007-01-04,2025-01-14,"ok",5000,20,20251007
"robust_window250","mfbm","mfbm","full","fBm",4,"MSFE",0.777694388349193,0.2116,4506,2007-01-05,2025-01-14,"ok",5000,20,20251008
"robust_window250","mfbm","mfbm","full","bfBm",4,"MSFE",0.772810308524658,0.5286,4506,2007-01-05,2025-01-14,"ok",5000,20,20251008
"robust_window250","mfbm","mfbm","full","mfBm3",4,"MSFE",0.771528023128537,0.5286,4506,2007-01-05,2025-01-14,"ok",5000,20,20251008
"robust_window250","mfbm","mfbm","full","mfBm4",4,"MSFE",0.770496786576944,0.5286,4506,2007-01-05,2025-01-14,"ok",5000,20,20251008
"robust_window250","mfbm","mfbm","full","mfBm5",4,"MSFE",0.769673049913337,1,4506,2007-01-05,2025-01-14,"ok",5000,20,20251008
"robust_window250","mfbm","mfbm","full","fBm",5,"MSFE",0.852681712692649,0.1074,4505,2007-01-08,2025-01-14,"ok",5000,20,20251009
"robust_window250","mfbm","mfbm","full","bfBm",5,"MSFE",0.846832100706953,0.3024,4505,2007-01-08,2025-01-14,"ok",5000,20,20251009
"robust_window250","mfbm","mfbm","full","mfBm3",5,"MSFE",0.844385019690932,0.3214,4505,2007-01-08,2025-01-14,"ok",5000,20,20251009
"robust_window250","mfbm","mfbm","full","mfBm4",5,"MSFE",0.842368801508653,0.8012,4505,2007-01-08,2025-01-14,"ok",5000,20,20251009
"robust_window250","mfbm","mfbm","full","mfBm5",5,"MSFE",0.842186028895695,1,4505,2007-01-08,2025-01-14,"ok",5000,20,20251009
"robust_window250","mfbm","mfbm","full","fBm",10,"MSFE",1.07183291290875,0.103,4500,2007-01-16,2025-01-14,"ok",5000,20,20251014
"robust_window250","mfbm","mfbm","full","bfBm",10,"MSFE",1.06240343001877,0.4042,4500,2007-01-16,2025-01-14,"ok",5000,20,20251014
"robust_window250","mfbm","mfbm","full","mfBm3",10,"MSFE",1.06069011490836,0.3326,4500,2007-01-16,2025-01-14,"ok",5000,20,20251014
"robust_window250","mfbm","mfbm","full","mfBm4",10,"MSFE",1.05625130879858,1,4500,2007-01-16,2025-01-14,"ok",5000,20,20251014
"robust_window250","mfbm","mfbm","full","mfBm5",10,"MSFE",1.05702681528781,0.4042,4500,2007-01-16,2025-01-14,"ok",5000,20,20251014
"robust_window250","mfbm","mfbm","full","fBm",15,"MSFE",1.24174154542152,0.046,4495,2007-01-23,2025-01-14,"ok",5000,20,20251019
"robust_window250","mfbm","mfbm","full","bfBm",15,"MSFE",1.22883806400916,0.2008,4495,2007-01-23,2025-01-14,"ok",5000,20,20251019
"robust_window250","mfbm","mfbm","full","mfBm3",15,"MSFE",1.2240963392309,0.2008,4495,2007-01-23,2025-01-14,"ok",5000,20,20251019
"robust_window250","mfbm","mfbm","full","mfBm4",15,"MSFE",1.21674342957993,0.7618,4495,2007-01-23,2025-01-14,"ok",5000,20,20251019
"robust_window250","mfbm","mfbm","full","mfBm5",15,"MSFE",1.21634142041617,1,4495,2007-01-23,2025-01-14,"ok",5000,20,20251019
"robust_window250","mfbm","mfbm","full","fBm",20,"MSFE",1.36983943184114,0.029,4490,2007-01-30,2025-01-14,"ok",5000,20,20251024
"robust_window250","mfbm","mfbm","full","bfBm",20,"MSFE",1.35444769396717,0.143,4490,2007-01-30,2025-01-14,"ok",5000,20,20251024
"robust_window250","mfbm","mfbm","full","mfBm3",20,"MSFE",1.34858776171935,0.176,4490,2007-01-30,2025-01-14,"ok",5000,20,20251024
"robust_window250","mfbm","mfbm","full","mfBm4",20,"MSFE",1.33922031720005,0.9578,4490,2007-01-30,2025-01-14,"ok",5000,20,20251024
"robust_window250","mfbm","mfbm","full","mfBm5",20,"MSFE",1.33913993471937,1,4490,2007-01-30,2025-01-14,"ok",5000,20,20251024
"robust_window250","vhar","vhar","full","HAR",1,"MSFE",0.514467799756722,1,4508,2007-01-03,2025-01-14,"ok",5000,20,20251005
"robust_window250","vhar","vhar","full","VHAR2",1,"MSFE",0.528743230931186,0.067,4508,2007-01-03,2025-01-14,"ok",5000,20,20251005
"robust_window250","vhar","vhar","full","VHAR3",1,"MSFE",0.535219295403052,0.067,4508,2007-01-03,2025-01-14,"ok",5000,20,20251005
"robust_window250","vhar","vhar","full","VHAR4",1,"MSFE",0.542736804608435,0.0414,4508,2007-01-03,2025-01-14,"ok",5000,20,20251005
"robust_window250","vhar","vhar","full","VHAR5",1,"MSFE",0.553669879234871,0.0414,4508,2007-01-03,2025-01-14,"ok",5000,20,20251005
"robust_window250","vhar","vhar","full","HAR",2,"MSFE",0.649607767320155,1,4508,2007-01-03,2025-01-14,"ok",5000,20,20251006
"robust_window250","vhar","vhar","full","VHAR2",2,"MSFE",0.665547988449129,0.134,4508,2007-01-03,2025-01-14,"ok",5000,20,20251006
"robust_window250","vhar","vhar","full","VHAR3",2,"MSFE",0.678446780693389,0.0406,4508,2007-01-03,2025-01-14,"ok",5000,20,20251006
"robust_window250","vhar","vhar","full","VHAR4",2,"MSFE",0.693118029205362,0.0306,4508,2007-01-03,2025-01-14,"ok",5000,20,20251006
"robust_window250","vhar","vhar","full","VHAR5",2,"MSFE",0.700564722595584,0.0038,4508,2007-01-03,2025-01-14,"ok",5000,20,20251006
"robust_window250","vhar","vhar","full","HAR",3,"MSFE",0.734515233301488,1,4507,2007-01-04,2025-01-14,"ok",5000,20,20251007
"robust_window250","vhar","vhar","full","VHAR2",3,"MSFE",0.763025916638629,0.0506,4507,2007-01-04,2025-01-14,"ok",5000,20,20251007
"robust_window250","vhar","vhar","full","VHAR3",3,"MSFE",0.777979221360577,0.0338,4507,2007-01-04,2025-01-14,"ok",5000,20,20251007
"robust_window250","vhar","vhar","full","VHAR4",3,"MSFE",0.79985331054807,0.025,4507,2007-01-04,2025-01-14,"ok",5000,20,20251007
"robust_window250","vhar","vhar","full","VHAR5",3,"MSFE",0.804517784596567,0.0234,4507,2007-01-04,2025-01-14,"ok",5000,20,20251007
"robust_window250","vhar","vhar","full","HAR",4,"MSFE",0.78521517557137,1,4506,2007-01-05,2025-01-14,"ok",5000,20,20251008
"robust_window250","vhar","vhar","full","VHAR2",4,"MSFE",0.822471453671552,0.0646,4506,2007-01-05,2025-01-14,"ok",5000,20,20251008
"robust_window250","vhar","vhar","full","VHAR3",4,"MSFE",0.839957262978677,0.0314,4506,2007-01-05,2025-01-14,"ok",5000,20,20251008
"robust_window250","vhar","vhar","full","VHAR4",4,"MSFE",0.868351884988977,0.0202,4506,2007-01-05,2025-01-14,"ok",5000,20,20251008
"robust_window250","vhar","vhar","full","VHAR5",4,"MSFE",0.884782648077475,0.0022,4506,2007-01-05,2025-01-14,"ok",5000,20,20251008
"robust_window250","vhar","vhar","full","HAR",5,"MSFE",0.866348312257029,1,4505,2007-01-08,2025-01-14,"ok",5000,20,20251009
"robust_window250","vhar","vhar","full","VHAR2",5,"MSFE",0.922736169530273,0.0478,4505,2007-01-08,2025-01-14,"ok",5000,20,20251009
"robust_window250","vhar","vhar","full","VHAR3",5,"MSFE",0.945468589642497,0.0284,4505,2007-01-08,2025-01-14,"ok",5000,20,20251009
"robust_window250","vhar","vhar","full","VHAR4",5,"MSFE",0.975218253423033,0.0178,4505,2007-01-08,2025-01-14,"ok",5000,20,20251009
"robust_window250","vhar","vhar","full","VHAR5",5,"MSFE",0.992474384120042,0.0152,4505,2007-01-08,2025-01-14,"ok",5000,20,20251009
"robust_window250","vhar","vhar","full","HAR",10,"MSFE",1.11133489972695,1,4500,2007-01-16,2025-01-14,"ok",5000,20,20251014
"robust_window250","vhar","vhar","full","VHAR2",10,"MSFE",1.25061760547755,0.1924,4500,2007-01-16,2025-01-14,"ok",5000,20,20251014
"robust_window250","vhar","vhar","full","VHAR3",10,"MSFE",1.29136724962194,0.1924,4500,2007-01-16,2025-01-14,"ok",5000,20,20251014
"robust_window250","vhar","vhar","full","VHAR4",10,"MSFE",1.31811445192628,0.1924,4500,2007-01-16,2025-01-14,"ok",5000,20,20251014
"robust_window250","vhar","vhar","full","VHAR5",10,"MSFE",1.3503214599541,0.1924,4500,2007-01-16,2025-01-14,"ok",5000,20,20251014
"robust_window250","vhar","vhar","full","HAR",15,"MSFE",1.24001758050807,1,4495,2007-01-23,2025-01-14,"ok",5000,20,20251019
"robust_window250","vhar","vhar","full","VHAR2",15,"MSFE",1.39526210546738,0.1248,4495,2007-01-23,2025-01-14,"ok",5000,20,20251019
"robust_window250","vhar","vhar","full","VHAR3",15,"MSFE",1.44802232690011,0.1248,4495,2007-01-23,2025-01-14,"ok",5000,20,20251019
"robust_window250","vhar","vhar","full","VHAR4",15,"MSFE",1.51492071302965,0.1248,4495,2007-01-23,2025-01-14,"ok",5000,20,20251019
"robust_window250","vhar","vhar","full","VHAR5",15,"MSFE",1.60494398051202,0.0226,4495,2007-01-23,2025-01-14,"ok",5000,20,20251019
"robust_window250","vhar","vhar","full","HAR",20,"MSFE",1.30445051777141,1,4490,2007-01-30,2025-01-14,"ok",5000,20,20251024
"robust_window250","vhar","vhar","full","VHAR2",20,"MSFE",1.44635195546721,0.0482,4490,2007-01-30,2025-01-14,"ok",5000,20,20251024
"robust_window250","vhar","vhar","full","VHAR3",20,"MSFE",1.48256433382654,0.0272,4490,2007-01-30,2025-01-14,"ok",5000,20,20251024
"robust_window250","vhar","vhar","full","VHAR4",20,"MSFE",1.69810156356934,0.0272,4490,2007-01-30,2025-01-14,"ok",5000,20,20251024
"robust_window250","vhar","vhar","full","VHAR5",20,"MSFE",1.80107672508377,0.0034,4490,2007-01-30,2025-01-14,"ok",5000,20,20251024
