"table","setting","model","i","kind","h","rmsfe","theory","reps","paper_value","paper_theory","diff_mc","diff_theory","mc_se"
"Table 10","Sigma1","bfBm",1,"mc",1,0.474874737950353,0.475637884822142,10000,0.474,0.4756,0.000874737950353366,3.78848221419537e-05,0.0033578714741888
"Table 10","Sigma1","bfBm",1,"mc",2,0.495459609154333,0.503483529320757,10000,0.4982,0.5035,-0.00274039084566741,-1.64706792432634e-05,0.00350342849437065
"Table 10","Sigma1","bfBm",1,"mc",3,0.515779707848866,0.521342847848967,10000,0.5177,0.5213,-0.00192029215113454,4.28478489667983e-05,0.00364711329018349
"Table 10","Sigma1","bfBm",1,"mc",4,0.532608081607275,0.534774687543897,10000,0.5328,0.5348,-0.000191918392724588,-2.53124561028217e-05,0.00376610786219263
"Table 10","Sigma1","bfBm",1,"mc",5,0.544561541273919,0.545641599147371,10000,0.5427,0.5456,0.00186154127391913,4.15991473714517e-05,0.00385063158608186
"Table 10","Sigma1","fBm",1,"mc",1,0.479498221620344,0.480190253159625,10000,0.4784,0.4802,0.00109822162034429,-9.74684037541307e-06,0.00339056444074635
"Table 10","Sigma1","fBm",1,"mc",2,0.499259279776266,0.507723524764408,10000,0.5025,0.5077,-0.00324072022373428,2.35247644077008e-05,0.00353029622300109
"Table 10","Sigma1","fBm",1,"mc",3,0.520301895187107,0.525397215587191,10000,0.5213,0.5254,-0.000998104812892642,-2.78441280909814e-06,0.00367908998351016
"Table 10","Sigma1","fBm",1,"mc",4,0.53655672838233,0.538703638821608,10000,0.5361,0.5387,0.000456728382329685,3.63882160803186e-06,0.00379402901130414
"Table 10","Sigma1","fBm",1,"mc",5,0.548405005193336,0.54947887972718,10000,0.5458,0.5495,0.0026050051933364,-2.11202728199744e-05,0.00387780898008852
"Table 10","Sigma1","mfBm3",1,"mc",1,0.468020168841074,0.468630873524421,10000,0.4656,0.4686,0.00242016884107377,3.08735244205494e-05,0.00330940235119596
"Table 10","Sigma1","mfBm3",1,"mc",2,0.489886772917175,0.496901256067666,10000,0.4919,0.4969,-0.00201322708282525,1.25606766554487e-06,0.00346402259143329
"Table 10","Sigma1","mfBm3",1,"mc",3,0.509343551904145,0.51500678528195,10000,0.5108,0.515,-0.0014564480958551,6.78528195019457e-06,0.00360160279505063
"Table 10","Sigma1","mfBm3",1,"mc",4,0.527359460889849,0.52860073717086,10000,0.5266,0.5286,0.000759460889848906,7.37170859577141e-07,0.00372899450918094
"Table 10","Sigma1","mfBm3",1,"mc",5,0.539449838726294,0.539583178050438,10000,0.5352,0.5396,0.00424983872629414,-1.68219495622068e-05,0.00381448639073352
"Table 10","Sigma2","bfBm",1,"mc",1,0.47071393029363,0.475637884822142,10000,0.4783,0.4756,-0.00758606970637032,3.78848221419537e-05,0.00332845012109597
"Table 10","Sigma2","bfBm",1,"mc",2,0.505956992085747,0.503483529320757,10000,0.504,0.5035,0.00195699208574696,-1.64706792432634e-05,0.0035776562009258
"Table 10","Sigma2","bfBm",1,"mc",3,0.519853392027182,0.521342847848967,10000,0.5248,0.5213,-0.00494660797281832,4.28478489667983e-05,0.00367591858725249
"Table 10","Sigma2","bfBm",1,"mc",4,0.536403230902364,0.534774687543897,10000,0.5318,0.5348,0.00460323090236414,-2.53124561028217e-05,0.00379294362021435
"Table 10","Sigma2","bfBm",1,"mc",5,0.542386855705459,0.545641599147371,10000,0.5421,0.5456,0.0002868557054585,4.15991473714517e-05,0.00383525423695779
"Table 10","Sigma2","fBm",1,"mc",1,0.474776843869999,0.480190253159625,10000,0.4833,0.4802,-0.00852315613000121,-9.74684037541307e-06,0.00335717925850823
"Table 10","Sigma2","fBm",1,"mc",2,0.509521935871682,0.507723524764408,10000,0.5081,0.5077,0.00142193587168249,2.35247644077008e-05,0.00360286416018164
"Table 10","Sigma2","fBm",1,"mc",3,0.523160749013312,0.525397215587191,10000,0.5293,0.5254,-0.00613925098668833,-2.78441280909814e-06,0.00369930513277946
"Table 10","Sigma2","fBm",1,"mc",4,0.539222789020975,0.538703638821608,10000,0.5359,0.5387,0.00332278902097516,3.63882160803186e-06,0.00381288090687055
"Table 10","Sigma2","fBm",1,"mc",5,0.545284147187487,0.54947887972718,10000,0.5463,0.5495,-0.0010158528125126,-2.11202728199744e-05,0.00385574118149796
"Table 10","Sigma2","mfBm3",1,"mc",1,0.463731327344421,0.468630873524421,10000,0.4697,0.4686,-0.00596867265557877,3.08735244205494e-05,0.00327907566213879
"Table 10","Sigma2","mfBm3",1,"mc",2,0.49984584923225,0.496901256067666,10000,0.497,0.4969,0.00284584923225012,1.25606766554487e-06,0.00353444389540073
"Table 10","Sigma2","mfBm3",1,"mc",3,0.513707193481513,0.51500678528195,10000,0.5176,0.515,-0.003892806518487,6.78528195019457e-06,0.00363245840055088
"Table 10","Sigma2","mfBm3",1,"mc",4,0.530751178544598,0.52860073717086,10000,0.5249,0.5286,0.00585117854459771,7.37170859577141e-07,0.00375297757471637
"Table 10","Sigma2","mfBm3",1,"mc",5,0.536128447867064,0.539583178050438,10000,0.5351,0.5396,0.00102844786706446,-1.68219495622068e-05,0.0037910006107382
"Table 10","Sigma2","mfBm4",1,"mc",1,0.451565062725665,0.456311898821817,10000,0.4586,0.4563,-0.00703493727433518,1.18988218173466e-05,0.00319304718000246
"Table 10","Sigma2","mfBm4",1,"mc",2,0.487632209934721,0.485124453244033,10000,0.4852,0.4851,0.00243220993472076,2.44532440331624e-05,0.00344808042369823
"Table 10","Sigma2","mfBm4",1,"mc",3,0.5015976700487,0.503514077619369,10000,0.5053,0.5035,-0.00370232995130038,1.40776193692238e-05,0.00354683113918808
"Table 10","Sigma2","mfBm4",1,"mc",4,0.51736288168838,0.517273820853946,10000,0.5136,0.5173,0.00376288168837968,-2.61791460541838e-05,0.00365830801976067
"Table 10","Sigma2","mfBm4",1,"mc",5,0.525361164434826,0.52835899290791,10000,0.5225,0.5284,0.00286116443482598,-4.10070920900951e-05,0.00371486441943926
"Table 11","rho=0","bfBm",1,"known",1,0.297564297657238,0.299930891377908,10000,0.2952,0.2999,0.002364297657238,3.08913779080155e-05,0.00210409732712445
"Table 11","rho=0","bfBm",1,"known",2,0.34185976893771,0.341064942044048,10000,0.3394,0.3411,0.00245976893770955,-3.50579559516007e-05,0.00241731360830721
"Table 11","rho=0","bfBm",1,"known",3,0.365516561850329,0.368215398169211,10000,0.3668,0.3682,-0.00128343814967058,1.53981692105343e-05,0.0025845923952036
"Table 11","rho=0","bfBm",1,"known",4,0.390736972951421,0.389019109886817,10000,0.3851,0.389,0.00563697295142085,1.91098868174144e-05,0.00276292763234254
"Table 11","rho=0","bfBm",1,"known",5,0.408168151123367,0.406094451634521,10000,0.4043,0.4061,0.00386815112336714,-5.5483654786137e-06,0.00288618467523708
"Table 11","rho=0","bfBm",1,"unknown",1,0.298212341599723,0.299930891377908,10000,0.2963,0.2999,0.00191234159972337,3.08913779080155e-05,0.00210867968978684
"Table 11","rho=0","bfBm",1,"unknown",2,0.34264892094636,0.341064942044048,10000,0.3412,0.3411,0.00144892094636007,-3.50579559516007e-05,0.00242289375567424
"Table 11","rho=0","bfBm",1,"unknown",3,0.366462939929951,0.368215398169211,10000,0.3685,0.3682,-0.00203706007004922,1.53981692105343e-05,0.00259128429878027
"Table 11","rho=0","bfBm",1,"unknown",4,0.391309126795517,0.389019109886817,10000,0.3868,0.389,0.0045091267955174,1.91098868174144e-05,0.00276697337097297
"Table 11","rho=0","bfBm",1,"unknown",5,0.409427936751325,0.406094451634521,10000,0.4059,0.4061,0.00352793675132507,-5.5483654786137e-06,0.00289509270484079
"Table 11","rho=0","fBm",1,"known",1,0.297564297657239,0.299930891377909,10000,0.2952,0.2999,0.00236429765723856,3.08913779087927e-05,0.00210409732712446
"Table 11","rho=0","fBm",1,"known",2,0.34185976893771,0.341064942044049,10000,0.3394,0.3411,0.00245976893771038,-3.50579559509345e-05,0.00241731360830721
"Table 11","rho=0","fBm",1,"known",3,0.365516561850329,0.368215398169211,10000,0.3668,0.3682,-0.0012834381496713,1.53981692111449e-05,0.0025845923952036
"Table 11","rho=0","fBm",1,"known",4,0.390736972951421,0.389019109886818,10000,0.3851,0.389,0.0056369729514209,1.91098868182471e-05,0.00276292763234254
"Table 11","rho=0","fBm",1,"known",5,0.408168151123367,0.406094451634523,10000,0.4043,0.4061,0.00386815112336714,-5.54836547750348e-06,0.00288618467523708
"Table 11","rho=0","fBm",1,"unknown",1,0.298199738120875,0.299930891377909,10000,0.2963,0.2999,0.00189973812087457,3.08913779087927e-05,0.00210859056973323
"Table 11","rho=0","fBm",1,"unknown",2,0.342621642175577,0.341064942044049,10000,0.3412,0.3411,0.00142164217557705,-3.50579559509345e-05,0.00242270086563621
"Table 11","rho=0","fBm",1,"unknown",3,0.366475822709678,0.368215398169211,10000,0.3685,0.3682,-0.00202417729032228,1.53981692111449e-05,0.00259137539378932
"Table 11","rho=0","fBm",1,"unknown",4,0.391305232633421,0.389019109886818,10000,0.3868,0.389,0.00450523263342106,1.91098868182471e-05,0.00276694583508872
"Table 11","rho=0","fBm",1,"unknown",5,0.409418589001208,0.406094451634523,10000,0.4058,0.4061,0.00361858900120754,-5.54836547750348e-06,0.00289502660626582
"Table 11","rho=0","bfBm",2,"known",1,0.109922372874605,0.108546272865797,10000,0.1086,0.1085,0.0013223728746049,4.62728657968647e-05,0.000777268552637493
"Table 11","rho=0","bfBm",2,"known",2,0.143367052699583,0.143035201950235,10000,0.1444,0.143,-0.00103294730041656,3.52019502353473e-05,0.00101375815162605
"Table 11","rho=0","bfBm",2,"known",3,0.16827226042163,0.168125357299037,10000,0.1692,0.1681,-0.00092773957837014,2.5357299037243e-05,0.00118986456429723
"Table 11","rho=0","bfBm",2,"known",4,0.18841931109861,0.188570092450477,10000,0.1915,0.1886,-0.00308068890138982,-2.99075495228118e-05,0.00133232572584325
"Table 11","rho=0","bfBm",2,"known",5,0.205938812200892,0.206134712409785,10000,0.2078,0.2061,-0.00186118779910754,3.47124097852536e-05,0.00145620730616754
"Table 11","rho=0","bfBm",2,"unknown",1,0.110046370267049,0.108546272865797,10000,0.1085,0.1085,0.00154637026704897,4.62728657968647e-05,0.00077814534660796
"Table 11","rho=0","bfBm",2,"unknown",2,0.143657313633385,0.143035201950235,10000,0.1446,0.143,-0.000942686366615486,3.52019502353473e-05,0.00101581060637209
"Table 11","rho=0","bfBm",2,"unknown",3,0.168525487259872,0.168125357299037,10000,0.1695,0.1681,-0.000974512740128303,2.5357299037243e-05,0.00119165514844222
"Table 11","rho=0","bfBm",2,"unknown",4,0.188704430725762,0.188570092450477,10000,0.1918,0.1886,-0.00309556927423754,-2.99075495228118e-05,0.00133434182606134
"Table 11","rho=0","bfBm",2,"unknown",5,0.206198769634358,0.206134712409785,10000,0.2081,0.2061,-0.00190123036564177,3.47124097852536e-05,0.00145804548280777
"Table 11","rho=0","fBm",2,"known",1,0.109922372874607,0.108546272865801,10000,0.1086,0.1085,0.00132237287460653,4.62728658009587e-05,0.000777268552637505
"Table 11","rho=0","fBm",2,"known",2,0.143367052699581,0.143035201950238,10000,0.1444,0.143,-0.00103294730041892,3.5201950238456e-05,0.00101375815162603
"Table 11","rho=0","fBm",2,"known",3,0.168272260421632,0.168125357299036,10000,0.1692,0.1681,-0.00092773957836842,2.53572990359108e-05,0.00118986456429724
"Table 11","rho=0","fBm",2,"known",4,0.188419311098609,0.188570092450474,10000,0.1915,0.1886,-0.00308068890139124,-2.99075495263368e-05,0.00133232572584324
"Table 11","rho=0","fBm",2,"known",5,0.205938812200894,0.206134712409783,10000,0.2078,0.2061,-0.00186118779910613,3.47124097825613e-05,0.00145620730616755
"Table 11","rho=0","fBm",2,"unknown",1,0.110055708392123,0.108546272865801,10000,0.1085,0.1085,0.00155570839212275,4.62728658009587e-05,0.000778211377123592
"Table 11","rho=0","fBm",2,"unknown",2,0.143681903994739,0.143035201950238,10000,0.1446,0.143,-0.000918096005260799,3.5201950238456e-05,0.00101598448648475
"Table 11","rho=0","fBm",2,"unknown",3,0.16856435637215,0.168125357299036,10000,0.1695,0.1681,-0.000935643627850202,2.53572990359108e-05,0.00119192999457093
"Table 11","rho=0","fBm",2,"unknown",4,0.188750267272137,0.188570092450474,10000,0.1918,0.1886,-0.00304973272786274,-2.99075495263368e-05,0.00133466593938902
"Table 11","rho=0","fBm",2,"unknown",5,0.206251711424102,0.206134712409783,10000,0.2081,0.2061,-0.00184828857589839,3.47124097825613e-05,0.00145841983779313
"Table 11","rho=0.4","bfBm",1,"known",1,0.300513503550059,0.298972200734397,10000,0.2984,0.299,0.00211350355005907,-2.7799265602868e-05,0.00212495136198374
"Table 11","rho=0.4","bfBm",1,"known",2,0.341677795521254,0.340034194852162,10000,0.3394,0.34,0.00227779552125396,3.41948521622171e-05,0.00241602686193949
"Table 11","rho=0.4","bfBm",1,"known",3,0.367706170524383,0.367145690303299,10000,0.3666,0.3671,0.00110617052438311,4.56903032988176e-05,0.00260007526661928
"Table 11","rho=0.4","bfBm",1,"known",4,0.39083037571496,0.387921735181492,10000,0.386,0.3879,0.00483037571495987,2.17351814915667e-05,0.00276358808961734
"Table 11","rho=0.4","bfBm",1,"known",5,0.408045264878297,0.404975117575377,10000,0.4036,0.405,0.00444526487829738,-2.48824246233403e-05,0.00288531573826505
"Table 11","rho=0.4","bfBm",1,"unknown",1,0.302059402373111,0.298972200734397,10000,0.2995,0.299,0.00255940237311086,-2.7799265602868e-05,0.00213588251739183
"Table 11","rho=0.4","bfBm",1,"unknown",2,0.34335618391869,0.340034194852162,10000,0.3411,0.34,0.00225618391868981,3.41948521622171e-05,0.00242789486011241
"Table 11","rho=0.4","bfBm",1,"unknown",3,0.368985633490043,0.367145690303299,10000,0.3677,0.3671,0.0012856334900434,4.56903032988176e-05,0.00260912243601224
"Table 11","rho=0.4","bfBm",1,"unknown",4,0.392501728874073,0.387921735181492,10000,0.3877,0.3879,0.00480172887407315,2.17351814915667e-05,0.00277540634114301
"Table 11","rho=0.4","bfBm",1,"unknown",5,0.409641894286481,0.404975117575377,10000,0.4052,0.405,0.00444189428648101,-2.48824246233403e-05,0.00289660561308074
"Table 11","rho=0.4","fBm",1,"known",1,0.301421288961315,0.299930891377909,10000,0.2999,0.2999,0.00152128896131476,3.08913779087927e-05,0.00213137037418536
"Table 11","rho=0.4","fBm",1,"known",2,0.342826966079883,0.341064942044049,10000,0.3406,0.3411,0.00222696607988349,-3.50579559509345e-05,0.00242415272488696
"Table 11","rho=0.4","fBm",1,"known",3,0.368886373276134,0.368215398169211,10000,0.368,0.3682,0.000886373276133612,1.53981692111449e-05,0.00260842056030866
"Table 11","rho=0.4","fBm",1,"known",4,0.391950563502853,0.389019109886818,10000,0.3868,0.389,0.00515056350285303,1.91098868182471e-05,0.00277150901342756
"Table 11","rho=0.4","fBm",1,"known",5,0.408903934744003,0.406094451634523,10000,0.4049,0.4061,0.00400393474400279,-5.54836547750348e-06,0.00289138745111346
"Table 11","rho=0.4","fBm",1,"unknown",1,0.302616497578637,0.299930891377909,10000,0.3008,0.2999,0.00181649757863656,3.08913779087927e-05,0.00213982177536776
"Table 11","rho=0.4","fBm",1,"unknown",2,0.34413273055283,0.341064942044049,10000,0.3421,0.3411,0.00203273055283026,-3.50579559509345e-05,0.00243338587402149
"Table 11","rho=0.4","fBm",1,"unknown",3,0.369939719796939,0.368215398169211,10000,0.3691,0.3682,0.000839719796939031,1.53981692111449e-05,0.00261586884498667
"Table 11","rho=0.4","fBm",1,"unknown",4,0.393342640993431,0.389019109886818,10000,0.3883,0.389,0.00504264099343138,1.91098868182471e-05,0.00278135248776281
"Table 11","rho=0.4","fBm",1,"unknown",5,0.410265877414293,0.406094451634523,10000,0.4063,0.4061,0.00396587741429311,-5.54836547750348e-06,0.00290101784009095
"Table 11","rho=0.4","bfBm",2,"known",1,0.107289612689273,0.108171874958016,10000,0.1087,0.1082,-0.00141038731072707,-2.81250419844892e-05,0.000758652126834632
"Table 11","rho=0.4","bfBm",2,"known",2,0.142239423581829,0.142553725238972,10000,0.1416,0.1426,0.000639423581829113,-4.62747610281145e-05,0.00100578460966777
"Table 11","rho=0.4","bfBm",2,"known",3,0.168866315128692,0.167569841979046,10000,0.1684,0.1676,0.000466315128691747,-3.01580209542684e-05,0.00119406516541482
"Table 11","rho=0.4","bfBm",2,"known",4,0.18888576065457,0.187955780475033,10000,0.1871,0.188,0.00178576065457009,-4.4219524966721e-05,0.00133562402228426
"Table 11","rho=0.4","bfBm",2,"known",5,0.20839922603512,0.205470761148824,10000,0.2059,0.2055,0.00249922603512048,-2.92388511759223e-05,0.00147360505923462
"Table 11","rho=0.4","bfBm",2,"unknown",1,0.107574149677421,0.108171874958016,10000,0.1089,0.1082,-0.00132585032257894,-2.81250419844892e-05,0.000760664107172811
"Table 11","rho=0.4","bfBm",2,"unknown",2,0.142624107135901,0.142553725238972,10000,0.1418,0.1426,0.000824107135901114,-4.62747610281145e-05,0.00100850473316472
"Table 11","rho=0.4","bfBm",2,"unknown",3,0.169184474994908,0.167569841979046,10000,0.1687,0.1676,0.000484474994908252,-3.01580209542684e-05,0.00119631489540385
"Table 11","rho=0.4","bfBm",2,"unknown",4,0.189296311916757,0.187955780475033,10000,0.1875,0.188,0.00179631191675722,-4.4219524966721e-05,0.00133852705809943
"Table 11","rho=0.4","bfBm",2,"unknown",5,0.208825260693439,0.205470761148824,10000,0.2063,0.2055,0.00252526069343897,-2.92388511759223e-05,0.00147661757919379
"Table 11","rho=0.4","fBm",2,"known",1,0.107493866451674,0.108546272865801,10000,0.1091,0.1085,-0.0016061335483257,4.62728658009587e-05,0.0007600964190394
"Table 11","rho=0.4","fBm",2,"known",2,0.142580063155806,0.143035201950238,10000,0.142,0.143,0.000580063155805832,3.5201950238456e-05,0.00100819329519477
"Table 11","rho=0.4","fBm",2,"known",3,0.16932622274247,0.168125357299036,10000,0.169,0.1681,0.000326222742469795,2.53572990359108e-05,0.00119731720333904
"Table 11","rho=0.4","fBm",2,"known",4,0.189546742228596,0.188570092450474,10000,0.1877,0.1886,0.00184674222859571,-2.99075495263368e-05,0.00134029786781659
"Table 11","rho=0.4","fBm",2,"known",5,0.209027819418462,0.206134712409783,10000,0.2066,0.2061,0.00242781941846193,3.47124097825613e-05,0.00147804988567432
"Table 11","rho=0.4","fBm",2,"unknown",1,0.107624043000809,0.108546272865801,10000,0.1091,0.1085,-0.00147595699919147,4.62728658009587e-05,0.000761016906245843
"Table 11","rho=0.4","fBm",2,"unknown",2,0.142777015644068,0.143035201950238,10000,0.142,0.143,0.000777015644067736,3.5201950238456e-05,0.00100958595959498
"Table 11","rho=0.4","fBm",2,"unknown",3,0.16949503494751,0.168125357299036,10000,0.1692,0.1681,0.000295034947510042,2.53572990359108e-05,0.00119851088588835
"Table 11","rho=0.4","fBm",2,"unknown",4,0.189832447546697,0.188570092450474,10000,0.1878,0.1886,0.00203244754669657,-2.99075495263368e-05,0.00134231810949509
"Table 11","rho=0.4","fBm",2,"unknown",5,0.209307474302564,0.206134712409783,10000,0.2068,0.2061,0.0025074743025639,3.47124097825613e-05,0.00148002734432372
"Table 8","rho=0","bfBm",1,"mc",1,0.47948183707572,0.480190253159624,10000,0.4845,0.4802,-0.00501816292428048,-9.74684037552409e-06,0.00339044858452025
"Table 8","rho=0","bfBm",1,"mc",2,0.506631771391707,0.507723524764408,10000,0.5084,0.5077,-0.00176822860829273,2.35247644074787e-05,0.00358242761115629
"Table 8","rho=0","bfBm",1,"mc",3,0.526632423739286,0.525397215587191,10000,0.5237,0.5254,0.00293242373928637,-2.78441280920916e-06,0.00372385358018757
"Table 8","rho=0","bfBm",1,"mc",4,0.533743527322429,0.538703638821608,10000,0.5389,0.5387,-0.00515647267757058,3.63882160780982e-06,0.00377413667584117
"Table 8","rho=0","bfBm",1,"mc",5,0.548019942438854,0.54947887972718,10000,0.5501,0.5495,-0.00208005756114582,-2.11202728196414e-05,0.00387508617523975
"Table 8","rho=0","fBm",1,"mc",1,0.479481837075719,0.480190253159625,10000,0.4845,0.4802,-0.00501816292428076,-9.74684037541307e-06,0.00339044858452024
"Table 8","rho=0","fBm",1,"mc",2,0.506631771391707,0.507723524764408,10000,0.5084,0.5077,-0.00176822860829318,2.35247644077008e-05,0.00358242761115629
"Table 8","rho=0","fBm",1,"mc",3,0.526632423739285,0.525397215587191,10000,0.5237,0.5254,0.00293242373928471,-2.78441280909814e-06,0.00372385358018756
"Table 8","rho=0","fBm",1,"mc",4,0.53374352732243,0.538703638821608,10000,0.5389,0.5387,-0.00515647267757013,3.63882160803186e-06,0.00377413667584117
"Table 8","rho=0","fBm",1,"mc",5,0.548019942438854,0.54947887972718,10000,0.5501,0.5495,-0.00208005756114638,-2.11202728199744e-05,0.00387508617523975
"Table 8","rho=0","bfBm",2,"mc",1,0.109610140784898,0.108546272865797,10000,0.1093,0.1085,0.00031014078489805,4.62728657968647e-05,0.000775060738358136
"Table 8","rho=0","bfBm",2,"mc",2,0.142902874444947,0.143035201950235,10000,0.1441,0.143,-0.00119712555505308,3.52019502353473e-05,0.00101047591571072
"Table 8","rho=0","bfBm",2,"mc",3,0.168585296458612,0.168125357299037,10000,0.1683,0.1681,0.000285296458612389,2.5357299037243e-05,0.00119207806334229
"Table 8","rho=0","bfBm",2,"mc",4,0.190431174193709,0.188570092450477,10000,0.1881,0.1886,0.00233117419370862,-2.99075495228118e-05,0.00134655174621688
"Table 8","rho=0","bfBm",2,"mc",5,0.207931557538572,0.206134712409785,10000,0.204,0.2061,0.00393155753857197,3.47124097852536e-05,0.00147029814358205
"Table 8","rho=0","fBm",2,"mc",1,0.109610140784897,0.108546272865801,10000,0.1093,0.1085,0.000310140784897064,4.62728658009587e-05,0.000775060738358129
"Table 8","rho=0","fBm",2,"mc",2,0.142902874444946,0.143035201950238,10000,0.1441,0.143,-0.0011971255550543,3.5201950238456e-05,0.00101047591571071
"Table 8","rho=0","fBm",2,"mc",3,0.168585296458616,0.168125357299036,10000,0.1683,0.1681,0.000285296458615691,2.53572990359108e-05,0.00119207806334232
"Table 8","rho=0","fBm",2,"mc",4,0.190431174193706,0.188570092450474,10000,0.1881,0.1886,0.00233117419370599,-2.99075495263368e-05,0.00134655174621686
"Table 8","rho=0","fBm",2,"mc",5,0.207931557538573,0.206134712409783,10000,0.204,0.2061,0.00393155753857316,3.47124097825613e-05,0.00147029814358206
"Table 8","rho=0.4","bfBm",1,"mc",1,0.479000011928455,0.475637884822142,10000,0.4794,0.4756,-0.000399988071544843,3.78848221419537e-05,0.00338704156623048
"Table 8","rho=0.4","bfBm",1,"mc",2,0.503929782752877,0.503483529320757,10000,0.508,0.5035,-0.00407021724712331,-1.64706792432634e-05,0.00356332166626423
"Table 8","rho=0.4","bfBm",1,"mc",3,0.519562012992562,0.521342847848967,10000,0.5203,0.5213,-0.000737987007437657,4.28478489667983e-05,0.00367385822633974
"Table 8","rho=0.4","bfBm",1,"mc",4,0.53557380614336,0.534774687543897,10000,0.5337,0.5348,0.00187380614335964,-2.53124561028217e-05,0.00378707870149859
"Table 8","rho=0.4","bfBm",1,"mc",5,0.540021980165984,0.545641599147371,10000,0.5517,0.5456,-0.0116780198340157,4.15991473714517e-05,0.00381853204165155
"Table 8","rho=0.4","fBm",1,"mc",1,0.483696709833323,0.480190253159625,10000,0.4832,0.4802,0.000496709833323228,-9.74684037541307e-06,0.00342025223560765
"Table 8","rho=0.4","fBm",1,"mc",2,0.508588555644627,0.507723524764408,10000,0.5119,0.5077,-0.00331144435537323,2.35247644077008e-05,0.00359626416530187
"Table 8","rho=0.4","fBm",1,"mc",3,0.523054353897542,0.525397215587191,10000,0.5239,0.5254,-0.000845646102458186,-2.78441280909814e-06,0.003698552805701
"Table 8","rho=0.4","fBm",1,"mc",4,0.538635019037089,0.538703638821608,10000,0.537,0.5387,0.00163501903708885,3.63882160803186e-06,0.00380872474545671
"Table 8","rho=0.4","fBm",1,"mc",5,0.543901561394498,0.54947887972718,10000,0.5551,0.5495,-0.0111984386055025,-2.11202728199744e-05,0.0038459648236
"Table 8","rho=0.4","bfBm",2,"mc",1,0.106677687967939,0.107498774934515,10000,0.1088,0.1075,-0.00212231203206123,-1.22506548495827e-06,0.000754325165634321
"Table 8","rho=0.4","bfBm",2,"mc",2,0.142053945201783,0.141710829248667,10000,0.1424,0.1417,-0.000346054798216922,1.08292486668271e-05,0.00100447307946483
"Table 8","rho=0.4","bfBm",2,"mc",3,0.167426101354962,0.166600581464917,10000,0.168,0.1666,-0.000573898645038096,5.81464916826757e-07,0.0011838813161572
"Table 8","rho=0.4","bfBm",2,"mc",4,0.187162105528418,0.18688169080848,10000,0.1888,0.1869,-0.00163789447158152,-1.8309191520044e-05,0.00132343594000297
"Table 8","rho=0.4","bfBm",2,"mc",5,0.202810091250838,0.204305653819811,10000,0.2066,0.2043,-0.00378990874916241,5.65381981140756e-06,0.0014340839081653
"Table 8","rho=0.4","fBm",2,"mc",1,0.107648794101987,0.108546272865801,10000,0.1096,0.1085,-0.00195120589801334,4.62728658009587e-05,0.000761191922960692
"Table 8","rho=0.4","fBm",2,"mc",2,0.143217305152854,0.143035201950238,10000,0.1433,0.143,-8.26948471458477e-05,3.5201950238456e-05,0.00101269927656846
"Table 8","rho=0.4","fBm",2,"mc",3,0.168899607632544,0.168125357299036,10000,0.1689,0.1681,-3.92367455803733e-07,2.53572990359108e-05,0.00119430057896719
"Table 8","rho=0.4","fBm",2,"mc",4,0.188682118921927,0.188570092450474,10000,0.1899,0.1886,-0.00121788107807258,-2.99075495263368e-05,0.00133418405778341
"Table 8","rho=0.4","fBm",2,"mc",5,0.204510100270275,0.206134712409783,10000,0.208,0.2061,-0.00348989972972527,3.47124097825613e-05,0.00144610478722252
"Table 8","rho=0.8","bfBm",1,"mc",1,0.423012303661867,0.42458835891718,10000,0.4286,0.4246,-0.00558769633813316,-1.16410828197022e-05,0.00299114868444649
"Table 8","rho=0.8","bfBm",1,"mc",2,0.451135195742206,0.452638666791305,10000,0.4502,0.4526,0.000935195742205963,3.86667913049865e-05,0.00319000756141234
"Table 8","rho=0.8","bfBm",1,"mc",3,0.467258248027387,0.470027823283779,10000,0.4698,0.47,-0.00254175197261314,2.78232837788162e-05,0.00330401475745511
"Table 8","rho=0.8","bfBm",1,"mc",4,0.485368051182472,0.482715267332076,10000,0.483,0.4827,0.00236805118247191,1.52673320756858e-05,0.00343207040362425
"Table 8","rho=0.8","bfBm",1,"mc",5,0.494745604138062,0.492721154303104,10000,0.494,0.4927,0.000745604138062017,2.11543031043981e-05,0.00349837971648259
"Table 8","rho=0.8","fBm",1,"mc",1,0.481298326423452,0.480190253159625,10000,0.4839,0.4802,-0.00260167357654773,-9.74684037541307e-06,0.0034032931038776
"Table 8","rho=0.8","fBm",1,"mc",2,0.503274805053793,0.507723524764408,10000,0.5044,0.5077,-0.001125194946207,2.35247644077008e-05,0.00355869027453875
"Table 8","rho=0.8","fBm",1,"mc",3,0.522727011999952,0.525397215587191,10000,0.522,0.5254,0.000727011999951843,-2.78441280909814e-06,0.00369623814894548
"Table 8","rho=0.8","fBm",1,"mc",4,0.544213421945394,0.538703638821608,10000,0.537,0.5387,0.00721342194539365,3.63882160803186e-06,0.00384817001070324
"Table 8","rho=0.8","fBm",1,"mc",5,0.550903924190771,0.54947887972718,10000,0.5492,0.5495,0.00170392419077092,-2.11202728199744e-05,0.00389547900577574
"Table 8","rho=0.8","bfBm",2,"mc",1,0.0950343553072977,0.0953396040924762,10000,0.0946,0.0953,0.000434355307297657,3.96040924761781e-05,0.000671994370834819
"Table 8","rho=0.8","bfBm",2,"mc",2,0.12472316516824,0.124150364048924,10000,0.1224,0.1242,0.00232316516823963,-4.96359510760158e-05,0.00088192595861512
"Table 8","rho=0.8","bfBm",2,"mc",3,0.144511067878398,0.14427969066482,10000,0.1441,0.1443,0.000411067878397592,-2.03093351796024e-05,0.00102184756053324
"Table 8","rho=0.8","bfBm",2,"mc",4,0.162034339964605,0.160157894566649,10000,0.1593,0.1602,0.00273433996460487,-4.21054333506476e-05,0.00114575580574058
"Table 8","rho=0.8","bfBm",2,"mc",5,0.174671906080979,0.173437297114189,10000,0.1734,0.1734,0.0012719060809793,3.72971141894551e-05,0.0012351168927264
"Table 8","rho=0.8","fBm",2,"mc",1,0.108636970868853,0.108546272865801,10000,0.1085,0.1085,0.00013697086885292,4.62728658009587e-05,0.000768179387889313
"Table 8","rho=0.8","fBm",2,"mc",2,0.142970429433265,0.143035201950238,10000,0.142,0.143,0.000970429433264669,3.5201950238456e-05,0.00101095360161414
"Table 8","rho=0.8","fBm",2,"mc",3,0.16838397412238,0.168125357299036,10000,0.1683,0.1681,8.39741223800095e-05,2.53572990359108e-05,0.00119065449945075
"Table 8","rho=0.8","fBm",2,"mc",4,0.190866253301872,0.188570092450474,10000,0.1883,0.1886,0.00256625330187199,-2.99075495263368e-05,0.00134962822009423
"Table 8","rho=0.8","fBm",2,"mc",5,0.207429553975663,0.206134712409783,10000,0.2067,0.2061,0.000729553975662961,3.47124097825613e-05,0.00146674844234692
"Table 9","H=(0.1;0.1)","bfBm",1,"mc",1,0.481159225336016,0.480190253159624,10000,0.4754,0.4802,0.00575922533601614,-9.74684037563511e-06,0.00340230951065563
"Table 9","H=(0.1;0.1)","bfBm",1,"mc",2,0.506335403574429,0.507723524764408,10000,0.5103,0.5077,-0.0039645964255709,2.35247644075898e-05,0.00358033197422306
"Table 9","H=(0.1;0.1)","bfBm",1,"mc",3,0.519838045780382,0.525397215587191,10000,0.5348,0.5254,-0.0149619542196179,-2.78441280909814e-06,0.00367581007290071
"Table 9","H=(0.1;0.1)","bfBm",1,"mc",4,0.541213162830832,0.538703638821608,10000,0.5396,0.5387,0.00161316283083213,3.63882160769879e-06,0.003826954975051
"Table 9","H=(0.1;0.1)","bfBm",1,"mc",5,0.548076725886151,0.54947887972718,10000,0.5533,0.5495,-0.0052232741138486,-2.11202728198634e-05,0.00387548769484618
"Table 9","H=(0.1;0.1)","fBm",1,"mc",1,0.481159225336016,0.480190253159625,10000,0.4754,0.4802,0.00575922533601558,-9.74684037541307e-06,0.00340230951065563
"Table 9","H=(0.1;0.1)","fBm",1,"mc",2,0.506335403574429,0.507723524764408,10000,0.5103,0.5077,-0.00396459642557112,2.35247644077008e-05,0.00358033197422306
"Table 9","H=(0.1;0.1)","fBm",1,"mc",3,0.519838045780382,0.525397215587191,10000,0.5348,0.5254,-0.0149619542196181,-2.78441280909814e-06,0.00367581007290071
"Table 9","H=(0.1;0.1)","fBm",1,"mc",4,0.541213162830832,0.538703638821608,10000,0.5396,0.5387,0.00161316283083179,3.63882160803186e-06,0.003826954975051
"Table 9","H=(0.1;0.1)","fBm",1,"mc",5,0.548076725886152,0.54947887972718,10000,0.5533,0.5495,-0.00522327411384815,-2.11202728199744e-05,0.00387548769484619
"Table 9","H=(0.1;0.1)","bfBm",2,"mc",1,0.480840303820973,0.480190253159624,10000,0.4847,0.4802,-0.00385969617902704,-9.74684037552409e-06,0.0034000543949961
"Table 9","H=(0.1;0.1)","bfBm",2,"mc",2,0.506459264924513,0.507723524764408,10000,0.5143,0.5077,-0.0078407350754871,2.35247644074787e-05,0.00358120780622877
"Table 9","H=(0.1;0.1)","bfBm",2,"mc",3,0.525244786432545,0.525397215587191,10000,0.5321,0.5254,-0.00685521356745455,-2.78441280898711e-06,0.00371404150269333
"Table 9","H=(0.1;0.1)","bfBm",2,"mc",4,0.539758273923611,0.538703638821608,10000,0.5356,0.5387,0.00415827392361112,3.63882160769879e-06,0.00381666735692931
"Table 9","H=(0.1;0.1)","bfBm",2,"mc",5,0.549872830334731,0.54947887972718,10000,0.5469,0.5495,0.00297283033473139,-2.11202728198634e-05,0.00388818807119929
"Table 9","H=(0.1;0.1)","fBm",2,"mc",1,0.480840303820972,0.480190253159625,10000,0.4847,0.4802,-0.00385969617902754,-9.74684037541307e-06,0.00340005439499609
"Table 9","H=(0.1;0.1)","fBm",2,"mc",2,0.506459264924513,0.507723524764408,10000,0.5143,0.5077,-0.00784073507548722,2.35247644077008e-05,0.00358120780622877
"Table 9","H=(0.1;0.1)","fBm",2,"mc",3,0.525244786432545,0.525397215587191,10000,0.5321,0.5254,-0.00685521356745544,-2.78441280909814e-06,0.00371404150269332
"Table 9","H=(0.1;0.1)","fBm",2,"mc",4,0.539758273923611,0.538703638821608,10000,0.5356,0.5387,0.00415827392361123,3.63882160803186e-06,0.00381666735692932
"Table 9","H=(0.1;0.1)","fBm",2,"mc",5,0.549872830334733,0.54947887972718,10000,0.5469,0.5495,0.0029728303347325,-2.11202728199744e-05,0.00388818807119929
"Table 9","H=(0.1;0.2)","bfBm",1,"mc",1,0.474989069844402,0.479504368161175,10000,0.481,0.4795,-0.00601093015559795,4.36816117455052e-06,0.00335867992276467
"Table 9","H=(0.1;0.2)","bfBm",1,"mc",2,0.501275337376556,0.507145972112926,10000,0.5093,0.5071,-0.00802466262344348,4.59721129258961e-05,0.00354455190300538
"Table 9","H=(0.1;0.2)","bfBm",1,"mc",3,0.523368411575154,0.524876968468971,10000,0.5217,0.5249,0.0016684115751544,-2.30315310285611e-05,0.00370077352883624
"Table 9","H=(0.1;0.2)","bfBm",1,"mc",4,0.539335848034222,0.538220457259117,10000,0.537,0.5382,0.00233584803422238,2.04572591170349e-05,0.00381368035481996
"Table 9","H=(0.1;0.2)","bfBm",1,"mc",5,0.548729180164726,0.549022239886455,10000,0.5492,0.549,-0.000470819835273972,2.22398864548889e-05,0.00388010124329413
"Table 9","H=(0.1;0.2)","fBm",1,"mc",1,0.475230301256323,0.480190253159625,10000,0.4818,0.4802,-0.00656969874367663,-9.74684037541307e-06,0.00336038568643672
"Table 9","H=(0.1;0.2)","fBm",1,"mc",2,0.5013661269105,0.507723524764408,10000,0.5098,0.5077,-0.00843387308949994,2.35247644077008e-05,0.0035451938819565
"Table 9","H=(0.1;0.2)","fBm",1,"mc",3,0.523653270603425,0.525397215587191,10000,0.5226,0.5254,0.00105327060342553,-2.78441280909814e-06,0.00370278778634196
"Table 9","H=(0.1;0.2)","fBm",1,"mc",4,0.539431422498008,0.538703638821608,10000,0.5375,0.5387,0.00193142249800848,3.63882160803186e-06,0.00381435616833447
"Table 9","H=(0.1;0.2)","fBm",1,"mc",5,0.549162266329127,0.54947887972718,10000,0.5495,0.5495,-0.000337733670872642,-2.11202728199744e-05,0.00388316362493099
"Table 9","H=(0.1;0.2)","bfBm",2,"mc",1,0.299150436312041,0.299543597068023,10000,0.3013,0.2995,-0.00214956368795877,4.3597068023371e-05,0.00211531302111159
"Table 9","H=(0.1;0.2)","bfBm",2,"mc",2,0.342787987925808,0.340700644365536,10000,0.342,0.3407,0.000787987925808198,6.44365535706903e-07,0.00242387710771631
"Table 9","H=(0.1;0.2)","bfBm",2,"mc",3,0.366341369545164,0.36786274264581,10000,0.3665,0.3679,-0.000158630454836217,-3.72573541896903e-05,0.00259042466634552
"Table 9","H=(0.1;0.2)","bfBm",2,"mc",4,0.391103390114882,0.388673395741802,10000,0.39,0.3887,0.00110339011488181,-2.66042581979486e-05,0.00276551859295281
"Table 9","H=(0.1;0.2)","bfBm",2,"mc",5,0.408751714407287,0.405753271069129,10000,0.4055,0.4058,0.00325171440728694,-4.67289308708763e-05,0.0028903110907902
"Table 9","H=(0.1;0.2)","fBm",2,"mc",1,0.299425121002601,0.299930891377909,10000,0.3019,0.2999,-0.00247487899739873,3.08913779087927e-05,0.00211725533518542
"Table 9","H=(0.1;0.2)","fBm",2,"mc",2,0.343040108519694,0.341064942044049,10000,0.3425,0.3411,0.000540108519694327,-3.50579559509345e-05,0.00242565986953245
"Table 9","H=(0.1;0.2)","fBm",2,"mc",3,0.366558538893264,0.368215398169211,10000,0.367,0.3682,-0.000441461106736374,1.53981692111449e-05,0.0025919602855326
"Table 9","H=(0.1;0.2)","fBm",2,"mc",4,0.391396428196819,0.389019109886818,10000,0.3904,0.389,0.000996428196818999,1.91098868182471e-05,0.00276759068510164
"Table 9","H=(0.1;0.2)","fBm",2,"mc",5,0.408971792315759,0.406094451634523,10000,0.4059,0.4061,0.00307179231575888,-5.54836547750348e-06,0.00289186727660489
"Table 9","H=(0.1;0.4)","bfBm",1,"mc",1,0.471940422736847,0.475637884822142,10000,0.4794,0.4756,-0.00745957726315316,3.78848221419537e-05,0.0033371227323327
"Table 9","H=(0.1;0.4)","bfBm",1,"mc",2,0.509951843699,0.503483529320757,10000,0.508,0.5035,0.00195184369899948,-1.64706792432634e-05,0.00360590406758145
"Table 9","H=(0.1;0.4)","bfBm",1,"mc",3,0.52037646178636,0.521342847848967,10000,0.5203,0.5213,7.64617863597827e-05,4.28478489667983e-05,0.00367961724898997
"Table 9","H=(0.1;0.4)","bfBm",1,"mc",4,0.535445885102412,0.534774687543897,10000,0.5337,0.5348,0.00174588510241191,-2.53124561028217e-05,0.00378617416314348
"Table 9","H=(0.1;0.4)","bfBm",1,"mc",5,0.548080400117835,0.545641599147371,10000,0.5517,0.5456,-0.00361959988216531,4.15991473714517e-05,0.00387551367558757
"Table 9","H=(0.1;0.4)","fBm",1,"mc",1,0.476791129113522,0.480190253159625,10000,0.4832,0.4802,-0.00640887088647812,-9.74684037541307e-06,0.00337142240605762
"Table 9","H=(0.1;0.4)","fBm",1,"mc",2,0.515217181247848,0.507723524764408,10000,0.5119,0.5077,0.00331718124784841,2.35247644077008e-05,0.00364313562644172
"Table 9","H=(0.1;0.4)","fBm",1,"mc",3,0.525281568501094,0.525397215587191,10000,0.5239,0.5254,0.00138156850109394,-2.78441280909814e-06,0.0037143015911943
"Table 9","H=(0.1;0.4)","fBm",1,"mc",4,0.539749622148026,0.538703638821608,10000,0.537,0.5387,0.00274962214802565,3.63882160803186e-06,0.00381660617963746
"Table 9","H=(0.1;0.4)","fBm",1,"mc",5,0.552407823145389,0.54947887972718,10000,0.5551,0.5495,-0.00269217685461132,-2.11202728199744e-05,0.00390611317726603
"Table 9","H=(0.1;0.4)","bfBm",2,"mc",1,0.106950953820933,0.107498774934515,10000,0.1088,0.1075,-0.00184904617906687,-1.22506548495827e-06,0.000756257447011511
"Table 9","H=(0.1;0.4)","bfBm",2,"mc",2,0.141372703326063,0.141710829248667,10000,0.1424,0.1417,-0.00102729667393733,1.08292486668271e-05,0.000999655971965329
"Table 9","H=(0.1;0.4)","bfBm",2,"mc",3,0.165242964210462,0.166600581464917,10000,0.168,0.1666,-0.00275703578953804,5.81464916826757e-07,0.00116844420536584
"Table 9","H=(0.1;0.4)","bfBm",2,"mc",4,0.184257347794857,0.18688169080848,10000,0.1888,0.1869,-0.00454265220514261,-1.8309191520044e-05,0.00130289620109192
"Table 9","H=(0.1;0.4)","bfBm",2,"mc",5,0.200837177460569,0.204305653819811,10000,0.2066,0.2043,-0.00576282253943147,5.65381981140756e-06,0.00142013330096734
"Table 9","H=(0.1;0.4)","fBm",2,"mc",1,0.107777224393081,0.108546272865801,10000,0.1096,0.1085,-0.00182277560691917,4.62728658009587e-05,0.000762100062258116
"Table 9","H=(0.1;0.4)","fBm",2,"mc",2,0.142406316411334,0.143035201950238,10000,0.1433,0.143,-0.000893683588666372,3.5201950238456e-05,0.00100696472018251
"Table 9","H=(0.1;0.4)","fBm",2,"mc",3,0.166571394865481,0.168125357299036,10000,0.1689,0.1681,-0.00232860513451916,2.53572990359108e-05,0.00117783762861084
"Table 9","H=(0.1;0.4)","fBm",2,"mc",4,0.185689125578413,0.188570092450474,10000,0.1899,0.1886,-0.00421087442158719,-2.99075495263368e-05,0.00131302039889096
"Table 9","H=(0.1;0.4)","fBm",2,"mc",5,0.202483484211865,0.206134712409783,10000,0.208,0.2061,-0.00551651578813542,3.47124097825613e-05,0.00143177444764489
