"ticker","date","H"
"AAPL",2016-03-29,0.364867756103574
"AAPL",2016-04-05,0.36761547859183
"AAPL",2016-04-12,0.36675962928042
"AAPL",2016-04-19,0.365572141586864
"AAPL",2016-04-26,0.364625446978041
"AAPL",2016-05-03,0.373150921019595
"AAPL",2016-05-10,0.372648903065201
"AAPL",2016-05-17,0.372772141815549
"AAPL",2016-05-24,0.372112370516986
"AAPL",2016-06-01,0.370657319408679
"AAPL",2016-06-08,0.371333245927066
"AAPL",2016-06-15,0.371790506083364
"AAPL",2016-06-22,0.369411761970142
"AAPL",2016-06-29,0.370205444810031
"AAPL",2016-07-07,0.368571219945402
"AAPL",2016-07-14,0.370380225559822
"AAPL",2016-07-21,0.365450805680522
"AAPL",2016-07-28,0.369047065204598
"AAPL",2016-08-04,0.369675892828522
"AAPL",2016-08-11,0.372298141830927
"AAPL",2016-08-18,0.371009756558825
"AAPL",2016-08-25,0.372901624896418
"AAPL",2016-09-01,0.367361986247837
"AAPL",2016-09-09,0.370443373818202
"AAPL",2016-09-16,0.36963239899325
"AAPL",2016-09-23,0.357440275146503
"AAPL",2016-09-30,0.358196512431397
"AAPL",2016-10-07,0.356045507524289
"AAPL",2016-10-14,0.352642576812654
"AAPL",2016-10-21,0.341725121069658
"AAPL",2016-10-28,0.334508522393618
"AAPL",2016-11-04,0.3266467332422
"AAPL",2016-11-11,0.332355448286581
"AAPL",2016-11-18,0.345174971527904
"AAPL",2016-11-28,0.36136256260273
"AAPL",2016-12-05,0.357219448753337
"AAPL",2016-12-12,0.353917357517923
"AAPL",2016-12-19,0.349712712309968
"AAPL",2016-12-27,0.34721530567885
"AAPL",2017-01-04,0.34395396934083
"AAPL",2017-01-11,0.345626122472243
"AAPL",2017-01-19,0.341123185996006
"AAPL",2017-01-26,0.335810791353101
"AAPL",2017-02-02,0.326533141526239
"AAPL",2017-02-09,0.334148152445383
"AAPL",2017-02-16,0.330916459344206
"AAPL",2017-02-24,0.32395611217258
"AAPL",2017-03-03,0.324015812869241
"AAPL",2017-03-10,0.321097972549586
"AAPL",2017-03-17,0.324116636223561
"AAPL",2017-03-24,0.325453968588365
"AAPL",2017-03-31,0.326491098602008
"AAPL",2017-04-07,0.326324082739465
"AAPL",2017-04-17,0.326020951843873
"AAPL",2017-04-24,0.325941053574352
"AAPL",2017-05-01,0.317443877607963
"AAPL",2017-05-08,0.310696555629067
"AAPL",2017-05-15,0.316267048769268
"AAPL",2017-05-22,0.312795855966618
"AAPL",2017-05-30,0.316247704929726
"AAPL",2017-06-06,0.315930255129555
"AAPL",2017-06-13,0.316751661722214
"AAPL",2017-06-20,0.329750720293979
"AAPL",2017-06-27,0.332972274021423
"AAPL",2017-07-05,0.327011171006003
"AAPL",2017-07-12,0.321821940580267
"AAPL",2017-07-19,0.31520111695737
"AAPL",2017-07-26,0.314915916042815
"AAPL",2017-08-02,0.283756474895182
"AAPL",2017-08-09,0.280116657229719
"AAPL",2017-08-16,0.276058705373044
"AAPL",2017-08-23,0.258753415632893
"AAPL",2017-08-30,0.254405349619344
"AAPL",2017-09-07,0.250761258657409
"AAPL",2017-09-14,0.253432545559216
"AAPL",2017-09-21,0.253653028909348
"AAPL",2017-09-28,0.257888992184277
"AAPL",2017-10-05,0.256212941239189
"AAPL",2017-10-12,0.254669676593408
"AAPL",2017-10-19,0.251251529882633
"AAPL",2017-10-26,0.238379766713486
"AAPL",2017-11-02,0.235410263003476
"AAPL",2017-11-09,0.228284145831791
"AAPL",2017-11-16,0.227398949737789
"AAPL",2017-11-24,0.220751098979841
"AAPL",2017-12-01,0.219679611847222
"AAPL",2017-12-08,0.222099547982691
"AAPL",2017-12-15,0.227007731141345
"AAPL",2017-12-22,0.228822259951551
"AAPL",2018-01-02,0.218442771589026
"AAPL",2018-01-09,0.220767732395155
"AAPL",2018-01-17,0.224806413212771
"AAPL",2018-01-24,0.227801890651127
"AAPL",2018-01-31,0.222320490068313
"AAPL",2018-02-07,0.233853957879664
"AAPL",2018-02-14,0.247382555035059
"AAPL",2018-02-22,0.245399146079753
"AAPL",2018-03-01,0.24445836932497
"AAPL",2018-03-08,0.251872955631151
"AAPL",2018-03-15,0.253867994185797
"AAPL",2018-03-22,0.254284562115592
"AAPL",2018-03-29,0.252779815320536
"AAPL",2018-04-06,0.249410761600639
"AAPL",2018-04-13,0.24656533495795
"AAPL",2018-04-20,0.252579950589927
"AAPL",2018-04-27,0.247731180856624
"AAPL",2018-05-04,0.24728601830802
"AAPL",2018-05-11,0.249305508094049
"AAPL",2018-05-18,0.246267062159107
"AAPL",2018-05-25,0.245584450383726
"AAPL",2018-06-04,0.237131790189266
"AAPL",2018-06-11,0.235831919937822
"AAPL",2018-06-18,0.234970484129881
"AAPL",2018-06-25,0.223204656905341
"AAPL",2018-07-02,0.220375937735123
"AAPL",2018-07-10,0.224681232810828
"AAPL",2018-07-17,0.224755694421282
"AAPL",2018-07-24,0.224344850965767
"AAPL",2018-07-31,0.223140947263626
"AAPL",2018-08-07,0.23217527030413
"AAPL",2018-08-14,0.231208298493085
"AAPL",2018-08-21,0.229278763424819
"AAPL",2018-08-28,0.230106014652951
"AAPL",2018-09-05,0.230542868698402
"AAPL",2018-09-12,0.22709179311204
"AAPL",2018-09-19,0.225393178794932
"AAPL",2018-09-26,0.234507698574936
"AAPL",2018-10-03,0.235115701257666
"AAPL",2018-10-10,0.239863049505612
"AAPL",2018-10-17,0.248311475892868
"AAPL",2018-10-24,0.250857454005545
"AAPL",2018-10-31,0.257521440876716
"AAPL",2018-11-07,0.268992644589068
"AAPL",2018-11-14,0.259701965667431
"AAPL",2018-11-21,0.250093059141101
"AAPL",2018-11-29,0.258718760791789
"AAPL",2018-12-07,0.262639102298264
"AAPL",2018-12-14,0.26201259714324
"AAPL",2018-12-21,0.26055887603963
"AAPL",2018-12-31,0.2592558450722
"AAPL",2019-01-08,0.255765180140588
"AAPL",2019-01-15,0.256295803945067
"AAPL",2019-01-23,0.258844092252417
"AAPL",2019-01-30,0.25997760435425
"AAPL",2019-02-06,0.259344104790672
"AAPL",2019-02-13,0.25929929682803
"AAPL",2019-02-21,0.258388487144832
"AAPL",2019-02-28,0.256424621544651
"AAPL",2019-03-07,0.254476547599006
"AAPL",2019-03-14,0.25341129414523
"AAPL",2019-03-21,0.24642195415637
"AAPL",2019-03-28,0.253152882654101
"AAPL",2019-04-04,0.253767561963741
"AAPL",2019-04-11,0.248716518109925
"AAPL",2019-04-18,0.252604379690415
"AAPL",2019-04-26,0.252904181918211
"AAPL",2019-05-03,0.24980281567295
"AAPL",2019-05-10,0.253225710416168
"AAPL",2019-05-17,0.239379236009101
"AAPL",2019-05-24,0.252144958580837
"AAPL",2019-06-03,0.249584495937466
"AAPL",2019-06-10,0.244434905925744
"AAPL",2019-06-17,0.228864250762109
"AAPL",2019-06-24,0.229468431694984
"AAPL",2019-07-01,0.226647242679516
"AAPL",2019-07-09,0.229215474306158
"AAPL",2019-07-16,0.229192897697444
"AAPL",2019-07-23,0.231631122307738
"AAPL",2019-07-30,0.238323899315795
"AAPL",2019-08-06,0.259626320063589
"AAPL",2019-08-13,0.25747289086538
"AAPL",2019-08-20,0.260811188634775
"AAPL",2019-08-27,0.259096991591133
"AAPL",2019-09-04,0.255569645132296
"AAPL",2019-09-11,0.263912467075982
"AAPL",2019-09-18,0.261536767047463
"AAPL",2019-09-25,0.246167251626208
"AAPL",2019-10-02,0.240559516407298
"AAPL",2019-10-09,0.233801055303061
"AAPL",2019-10-16,0.238489395533696
"AAPL",2019-10-23,0.244783505926403
"AAPL",2019-10-30,0.25250532830238
"AAPL",2019-11-06,0.246976587521108
"AAPL",2019-11-13,0.255365355325164
"AAPL",2019-11-20,0.255435007738427
"AAPL",2019-11-27,0.261141398118075
"AAPL",2019-12-05,0.266301386163299
"AAPL",2019-12-12,0.255632155671103
"AAPL",2019-12-19,0.259906608742459
"AAPL",2019-12-27,0.262277989963186
"AAPL",2020-01-06,0.268838453059974
"AAPL",2020-01-13,0.267320734093724
"AAPL",2020-01-21,0.261444216409773
"AAPL",2020-01-28,0.251462687196756
"AAPL",2020-02-04,0.242615203681646
"AAPL",2020-02-11,0.225828068898202
"AAPL",2020-02-19,0.213983089156335
"AAPL",2020-02-26,0.219450678886295
"AAPL",2020-03-04,0.20309534238844
"AAPL",2020-03-11,0.214185899021844
"AAPL",2020-03-18,0.206989952360677
"AAPL",2020-03-25,0.206962017402464
"AAPL",2020-04-01,0.213436561287448
"AAPL",2020-04-08,0.213699568947364
"AAPL",2020-04-16,0.212197018125445
"AAPL",2020-04-23,0.205817953797197
"AAPL",2020-04-30,0.204654917229402
"AAPL",2020-05-07,0.207495822315614
"AAPL",2020-05-14,0.212955624242005
"AAPL",2020-05-21,0.222146437824563
"AAPL",2020-05-29,0.224387639067976
"AAPL",2020-06-05,0.230497390244358
"AAPL",2020-06-12,0.234761677841789
"AAPL",2020-06-19,0.238428946767147
"AAPL",2020-06-26,0.243234920376205
"AAPL",2020-07-06,0.246624796610001
"AAPL",2020-07-13,0.239878988311371
"AAPL",2020-07-20,0.251600904769824
"AAPL",2020-07-27,0.251070390584323
"AAPL",2020-08-03,0.255267804307345
"AAPL",2020-08-10,0.256540979535342
"AAPL",2020-08-17,0.260518850268157
"AAPL",2020-08-24,0.265117026686514
"AAPL",2020-08-31,0.255052201111791
"AAPL",2020-09-08,0.256502616966872
"AAPL",2020-09-15,0.267824250838748
"AAPL",2020-09-22,0.266847454808708
"AAPL",2020-09-29,0.268960378188787
"AAPL",2020-10-06,0.249139930419652
"AAPL",2020-10-13,0.253862909451199
"AAPL",2020-10-20,0.250042945207009
"AAPL",2020-10-27,0.247411712294675
"AAPL",2020-11-03,0.242208015882074
"AAPL",2020-11-10,0.240190842323042
"AAPL",2020-11-17,0.23641627872118
"AAPL",2020-11-24,0.235594149035197
"AAPL",2020-12-02,0.233376031911057
"AAPL",2020-12-09,0.232482464800795
"AAPL",2020-12-17,0.232393721498729
"AAPL",2020-12-24,0.235657329327092
"AAPL",2021-01-04,0.23124208676567
"AAPL",2021-01-11,0.229273052556783
"AAPL",2021-01-19,0.226494254410177
"AAPL",2021-01-26,0.222145969049463
"AAPL",2021-02-02,0.228030095934971
"AAPL",2021-02-09,0.230405779976386
"AAPL",2021-02-17,0.230808347979
"AAPL",2021-02-24,0.232081177269532
"AAPL",2021-03-03,0.233341685362484
"AAPL",2021-03-10,0.238474409448929
"AAPL",2021-03-17,0.240260032497486
"AAPL",2021-03-25,0.236474477007224
"AAPL",2021-04-01,0.234481369256227
"AAPL",2021-04-12,0.2352636992698
"AAPL",2021-04-19,0.233567164505444
"AAPL",2021-04-26,0.233416659720261
"AAPL",2021-05-03,0.237042013745462
"AAPL",2021-05-10,0.229822468554667
"AAPL",2021-05-18,0.231430318678543
"AAPL",2021-05-25,0.224487031199108
"AAPL",2021-06-02,0.227652160158855
"AAPL",2021-06-09,0.233194710594883
"AAPL",2021-06-16,0.229334881206436
"AAPL",2021-06-23,0.229659819129517
"AAPL",2021-06-30,0.229778887671
"AAPL",2021-07-08,0.227428015107187
"AAPL",2021-07-15,0.230281256336648
"AAPL",2021-07-22,0.229932473722429
"AAPL",2021-07-29,0.228114016546122
"AAPL",2021-08-05,0.221249882496539
"AAPL",2021-08-12,0.220423486049503
"AAPL",2021-08-19,0.223703150742429
"AAPL",2021-08-26,0.220994416430413
"AAPL",2021-09-02,0.219154338311795
"AAPL",2021-09-10,0.215210806012517
"AAPL",2021-09-17,0.219769062963961
"AAPL",2021-09-24,0.223401142680311
"AAPL",2021-10-01,0.233306444943146
"AAPL",2021-10-08,0.236592475374705
"AAPL",2021-10-15,0.242245159281835
"AAPL",2021-10-22,0.241827084809055
"AAPL",2021-11-01,0.24074146666443
"AAPL",2021-11-08,0.241678149609086
"AAPL",2021-11-15,0.243663428482652
"AAPL",2021-11-22,0.242591951463651
"AAPL",2021-11-30,0.240699225560061
"AAPL",2021-12-07,0.239039021966103
"AAPL",2021-12-14,0.242071102858671
"AAPL",2021-12-21,0.240783472721186
"AAPL",2021-12-30,0.249617245972969
"AAPL",2022-01-06,0.24208260231382
"AAPL",2022-01-13,0.240084886835296
"AAPL",2022-01-21,0.243220451233886
"AAPL",2022-01-28,0.247235000917878
"AAPL",2022-02-04,0.257254646257693
"AAPL",2022-02-11,0.260756662406554
"AAPL",2022-02-18,0.261328642888497
"AAPL",2022-02-28,0.265034376265029
"AAPL",2022-03-07,0.248517948609684
"AAPL",2022-03-14,0.266941729732325
"AAPL",2022-03-21,0.263714431893803
"AAPL",2022-03-28,0.263067339029483
"AAPL",2022-04-04,0.264863776651886
"AAPL",2022-04-11,0.267390939824221
"AAPL",2022-04-19,0.269585572884059
"AAPL",2022-04-26,0.268872548629803
"AAPL",2022-05-03,0.275543090036106
"AAPL",2022-05-10,0.273427059811167
"AAPL",2022-05-18,0.267269076975706
"AAPL",2022-05-25,0.256169519790658
"AAPL",2022-06-02,0.260285553123041
"AAPL",2022-06-09,0.261467109841857
"AAPL",2022-06-16,0.258346807031279
"AAPL",2022-06-24,0.251455746917612
"AAPL",2022-07-01,0.25476389221513
"AAPL",2022-07-11,0.254213942516168
"AAPL",2022-07-18,0.257173150552163
"AAPL",2022-07-25,0.25779550924218
"AAPL",2022-08-01,0.250336137206859
"AAPL",2022-08-08,0.245986209575114
"AAPL",2022-08-15,0.238839246960479
"AAPL",2022-08-22,0.236932503501832
"AAPL",2022-08-29,0.236977171411385
"AAPL",2022-09-06,0.228820610903939
"AAPL",2022-09-14,0.239565594140218
"AAPL",2022-09-21,0.233756823215598
"AAPL",2022-09-28,0.229475999214739
"AAPL",2022-10-06,0.230743328748184
"AAPL",2022-10-13,0.228147361116477
"AAPL",2022-10-20,0.246729924129402
"AAPL",2022-10-27,0.235294821940477
"AAPL",2022-11-03,0.217444660637238
"AAPL",2022-11-10,0.22003127261276
"AAPL",2022-11-17,0.22054234571439
"AAPL",2022-11-25,0.211866203608653
"AAPL",2022-12-02,0.21876556907776
"AAPL",2022-12-12,0.211550648379834
"AAPL",2022-12-19,0.215351166750136
"AAPL",2022-12-27,0.208293278683602
"AAPL",2023-01-05,0.210088273519103
"AAPL",2023-01-12,0.196555680406321
"AAPL",2023-01-23,0.203012510754888
"AAPL",2023-01-30,0.208841122769199
"AAPL",2023-02-06,0.192074834448138
"AAPL",2023-02-13,0.199362493463574
"AAPL",2023-02-21,0.186213195515174
"AAPL",2023-02-28,0.185305207168655
"AAPL",2023-03-07,0.181191401770066
"AAPL",2023-03-14,0.179013727220067
"AAPL",2023-03-21,0.172697127316209
"AAPL",2023-03-28,0.171625080889103
"AAPL",2023-04-04,0.172700755638997
"AAPL",2023-04-12,0.168041170813676
"AAPL",2023-04-19,0.165869261629293
"AAPL",2023-04-26,0.165703264830613
"AAPL",2023-05-03,0.162267616107639
"AAPL",2023-05-10,0.170495640372175
"AAPL",2023-05-17,0.170279960935672
"AAPL",2023-05-24,0.170606650464478
"AAPL",2023-06-01,0.17365513489806
"AAPL",2023-06-08,0.174529623071642
"AAPL",2023-06-15,0.173774352265598
"AAPL",2023-06-27,0.177741759983296
"AAPL",2023-07-05,0.181985502492116
"AAPL",2023-07-12,0.17871043446327
"AAPL",2023-07-19,0.171547917430817
"AAPL",2023-07-26,0.169615408740554
"AAPL",2023-08-02,0.175591793805876
"AAPL",2023-08-09,0.186983898031876
"AAPL",2023-08-17,0.183880452991276
"AAPL",2023-08-24,0.186132456910629
"AAPL",2023-08-31,0.183923715129522
"AAPL",2023-09-08,0.180037045802801
"AAPL",2023-09-15,0.187982043817544
"AAPL",2023-09-22,0.185607860802816
"AAPL",2023-10-02,0.189355842661482
"AAPL",2023-10-09,0.18258736365627
"AAPL",2023-10-16,0.177948205609716
"AAPL",2023-10-23,0.177450980240528
"AAPL",2023-10-30,0.181066267176597
"AAPL",2023-11-06,0.174095014371647
"AAPL",2023-11-13,0.178264018087833
"AAPL",2023-11-20,0.178872190967231
"AAPL",2023-11-28,0.175586446252937
"AAPL",2023-12-05,0.171282789683553
"AAPL",2023-12-12,0.166001106203562
"AAPL",2023-12-20,0.169085980804168
"AAPL",2023-12-28,0.17154960430528
"AAPL",2024-01-05,0.177293418760056
"AAPL",2024-01-12,0.166033678555527
"AAPL",2024-01-22,0.165811639397542
"AAPL",2024-01-29,0.16334883404809
"AAPL",2024-02-05,0.164109772704395
"AAPL",2024-02-12,0.165258869120436
"AAPL",2024-02-20,0.167159473256154
"AAPL",2024-02-27,0.166132552766197
"AAPL",2024-03-05,0.148579071474527
"AAPL",2024-03-12,0.15318169492995
"AAPL",2024-03-20,0.166826810013674
"AAPL",2024-03-27,0.168343565249237
"AAPL",2024-04-04,0.170850907453458
"AAPL",2024-04-12,0.175429680319685
"AAPL",2024-04-19,0.177876256916763
"AAPL",2024-04-26,0.172374726479393
"AAPL",2024-05-03,0.170915185081505
"AAPL",2024-05-10,0.176479862417888
"AAPL",2024-05-17,0.179594224821255
"AAPL",2024-05-24,0.181181262340255
"AAPL",2024-06-03,0.179783628921582
"AAPL",2024-06-10,0.188264487618143
"AAPL",2024-06-17,0.199462746517649
"AAPL",2024-06-25,0.201814840561504
"AAPL",2024-07-02,0.195694244395281
"AAPL",2024-07-10,0.20070066294618
"AAPL",2024-07-17,0.197362093356964
"AAPL",2024-07-24,0.197793592609901
"AAPL",2024-07-31,0.195881872456935
"AAPL",2024-08-07,0.217741193918864
"AAPL",2024-08-14,0.223702704943025
"AAPL",2024-08-21,0.225886371770758
"AAPL",2024-08-28,0.228602703604577
"AAPL",2024-09-05,0.225258575472901
"AAPL",2024-09-12,0.226628526742608
"AAPL",2024-09-19,0.212905237044021
"AAPL",2024-09-26,0.209559033694563
"AAPL",2024-10-03,0.211624447523665
"AAPL",2024-10-10,0.213386986516495
"AAPL",2024-10-18,0.211749415155495
"AAPL",2024-10-25,0.205964387924079
"AAPL",2024-11-01,0.202450835755647
"AAPL",2024-11-08,0.215715603652247
"AAPL",2024-11-15,0.21492498286913
"AAPL",2024-11-22,0.233065099508741
"AAPL",2024-12-02,0.229940170907941
"AAPL",2024-12-09,0.231232554058272
"AAPL",2024-12-16,0.231522147592101
"AAPL",2024-12-23,0.230559080327803
"AAPL",2024-12-31,0.239438594678266
"AAPL",2025-01-08,0.245746227427848
"AMZN",2016-03-29,0.279571313968594
"AMZN",2016-04-05,0.274910689133286
"AMZN",2016-04-12,0.278683599562576
"AMZN",2016-04-19,0.288325338136201
"AMZN",2016-04-26,0.278574512196087
"AMZN",2016-05-03,0.275863761231811
"AMZN",2016-05-10,0.274900975590691
"AMZN",2016-05-17,0.272694247241788
"AMZN",2016-05-24,0.282198369273502
"AMZN",2016-06-01,0.281540123927567
"AMZN",2016-06-08,0.280164018172812
"AMZN",2016-06-15,0.281014808287886
"AMZN",2016-06-22,0.279180002400605
"AMZN",2016-06-29,0.287694464473444
"AMZN",2016-07-07,0.287427217536733
"AMZN",2016-07-14,0.294133792425983
"AMZN",2016-07-21,0.305007896253335
"AMZN",2016-07-28,0.296938742253779
"AMZN",2016-08-04,0.299515343849906
"AMZN",2016-08-11,0.300426799110397
"AMZN",2016-08-18,0.309829902412711
"AMZN",2016-08-25,0.305969676532006
"AMZN",2016-09-01,0.298178554854055
"AMZN",2016-09-09,0.299157540301322
"AMZN",2016-09-16,0.305342754062421
"AMZN",2016-09-23,0.307248766697654
"AMZN",2016-09-30,0.297881668073199
"AMZN",2016-10-07,0.30241503544029
"AMZN",2016-10-14,0.29772376997546
"AMZN",2016-10-21,0.279658290821683
"AMZN",2016-10-28,0.29124126461543
"AMZN",2016-11-04,0.287723674832853
"AMZN",2016-11-11,0.293493067010796
"AMZN",2016-11-18,0.301006140993414
"AMZN",2016-11-28,0.29773566723519
"AMZN",2016-12-05,0.297607032234628
"AMZN",2016-12-12,0.297950215213425
"AMZN",2016-12-19,0.301076863282318
"AMZN",2016-12-27,0.300153256814164
"AMZN",2017-01-04,0.300590357244982
"AMZN",2017-01-11,0.297923274008468
"AMZN",2017-01-19,0.286610582077421
"AMZN",2017-01-26,0.30108334852631
"AMZN",2017-02-02,0.296156794769897
"AMZN",2017-02-09,0.297966342372393
"AMZN",2017-02-16,0.299313759328689
"AMZN",2017-02-24,0.29768054237966
"AMZN",2017-03-03,0.299432583876964
"AMZN",2017-03-10,0.296043657384021
"AMZN",2017-03-17,0.302022555259684
"AMZN",2017-03-24,0.3131966906431
"AMZN",2017-03-31,0.310270896981192
"AMZN",2017-04-07,0.310408076875397
"AMZN",2017-04-17,0.31228091125556
"AMZN",2017-04-24,0.300373200065114
"AMZN",2017-05-01,0.309753767344887
"AMZN",2017-05-08,0.312149821740036
"AMZN",2017-05-15,0.313473323531278
"AMZN",2017-05-22,0.315983091761353
"AMZN",2017-05-30,0.322678414107602
"AMZN",2017-06-06,0.317787974827331
"AMZN",2017-06-13,0.325121003740526
"AMZN",2017-06-20,0.329112018647795
"AMZN",2017-06-27,0.343247189931851
"AMZN",2017-07-05,0.335539918585622
"AMZN",2017-07-12,0.337664006983547
"AMZN",2017-07-19,0.337549656094085
"AMZN",2017-07-26,0.340450423222463
"AMZN",2017-08-02,0.334392495086946
"AMZN",2017-08-09,0.337830746291979
"AMZN",2017-08-16,0.339219539275271
"AMZN",2017-08-23,0.329097038229196
"AMZN",2017-08-30,0.3253375044181
"AMZN",2017-09-07,0.331826334990096
"AMZN",2017-09-14,0.334728282188118
"AMZN",2017-09-21,0.338408902616828
"AMZN",2017-09-28,0.335965273629177
"AMZN",2017-10-05,0.332842251269444
"AMZN",2017-10-12,0.325181043170957
"AMZN",2017-10-19,0.322779439494398
"AMZN",2017-10-26,0.310622768862373
"AMZN",2017-11-02,0.308717761651738
"AMZN",2017-11-09,0.307522481001626
"AMZN",2017-11-16,0.301913672408826
"AMZN",2017-11-24,0.302206674633246
"AMZN",2017-12-01,0.288748923647812
"AMZN",2017-12-08,0.295482370571991
"AMZN",2017-12-15,0.298662331781762
"AMZN",2017-12-22,0.292922407499481
"AMZN",2018-01-02,0.285043058026426
"AMZN",2018-01-09,0.296012666254565
"AMZN",2018-01-17,0.294285164803578
"AMZN",2018-01-24,0.305314922558789
"AMZN",2018-01-31,0.308013831123668
"AMZN",2018-02-07,0.317538898407797
"AMZN",2018-02-14,0.32293897392385
"AMZN",2018-02-22,0.324278681003998
"AMZN",2018-03-01,0.322575349763099
"AMZN",2018-03-08,0.329433690392641
"AMZN",2018-03-15,0.339858662274128
"AMZN",2018-03-22,0.335978575747961
"AMZN",2018-03-29,0.337898409264031
"AMZN",2018-04-06,0.340376854399293
"AMZN",2018-04-13,0.338105928439258
"AMZN",2018-04-20,0.336555420196201
"AMZN",2018-04-27,0.334886981294414
"AMZN",2018-05-04,0.33107093303448
"AMZN",2018-05-11,0.33509146566146
"AMZN",2018-05-18,0.33165827548438
"AMZN",2018-05-25,0.330797003952496
"AMZN",2018-06-04,0.319875604629621
"AMZN",2018-06-11,0.324863328989956
"AMZN",2018-06-18,0.323387127184292
"AMZN",2018-06-25,0.294539136731337
"AMZN",2018-07-02,0.292409203726316
"AMZN",2018-07-10,0.292520511750655
"AMZN",2018-07-17,0.285518198877595
"AMZN",2018-07-24,0.273201771001086
"AMZN",2018-07-31,0.283915051975019
"AMZN",2018-08-07,0.286964151763961
"AMZN",2018-08-14,0.283579903443947
"AMZN",2018-08-21,0.277919666438701
"AMZN",2018-08-28,0.28530609863059
"AMZN",2018-09-05,0.285704849398799
"AMZN",2018-09-12,0.285369407348805
"AMZN",2018-09-19,0.278763708728413
"AMZN",2018-09-26,0.275889850791345
"AMZN",2018-10-03,0.27813326219057
"AMZN",2018-10-10,0.277937536179085
"AMZN",2018-10-17,0.288483687377587
"AMZN",2018-10-24,0.294380207401794
"AMZN",2018-10-31,0.285547777312927
"AMZN",2018-11-07,0.291876006255976
"AMZN",2018-11-14,0.284466479786803
"AMZN",2018-11-21,0.274643702877036
"AMZN",2018-11-29,0.28531462454828
"AMZN",2018-12-07,0.287838683503513
"AMZN",2018-12-14,0.285148061113368
"AMZN",2018-12-21,0.284734755279305
"AMZN",2018-12-31,0.285589002824214
"AMZN",2019-01-08,0.286564903862548
"AMZN",2019-01-15,0.285182704244276
"AMZN",2019-01-23,0.289257053674824
"AMZN",2019-01-30,0.287882297578411
"AMZN",2019-02-06,0.288057566956568
"AMZN",2019-02-13,0.287608482165998
"AMZN",2019-02-21,0.289408955015502
"AMZN",2019-02-28,0.288799218623922
"AMZN",2019-03-07,0.285093334425651
"AMZN",2019-03-14,0.285279701431487
"AMZN",2019-03-21,0.27605507743699
"AMZN",2019-03-28,0.279289296810965
"AMZN",2019-04-04,0.281468310400453
"AMZN",2019-04-11,0.27962486278732
"AMZN",2019-04-18,0.275463288860129
"AMZN",2019-04-26,0.279576672793044
"AMZN",2019-05-03,0.277424949709975
"AMZN",2019-05-10,0.27716803203131
"AMZN",2019-05-17,0.272723825113009
"AMZN",2019-05-24,0.270984179067013
"AMZN",2019-06-03,0.273335061181248
"AMZN",2019-06-10,0.274758003151417
"AMZN",2019-06-17,0.267130836995704
"AMZN",2019-06-24,0.26232730571343
"AMZN",2019-07-01,0.257410676274159
"AMZN",2019-07-09,0.257004816837616
"AMZN",2019-07-16,0.257526990026303
"AMZN",2019-07-23,0.258136346806191
"AMZN",2019-07-30,0.265708681541642
"AMZN",2019-08-06,0.263979542741039
"AMZN",2019-08-13,0.258140664996917
"AMZN",2019-08-20,0.261322349808986
"AMZN",2019-08-27,0.262051120236238
"AMZN",2019-09-04,0.257353412799773
"AMZN",2019-09-11,0.259421498421464
"AMZN",2019-09-18,0.254009453543489
"AMZN",2019-09-25,0.247105784860811
"AMZN",2019-10-02,0.248416225102105
"AMZN",2019-10-09,0.246424744866549
"AMZN",2019-10-16,0.252598685481282
"AMZN",2019-10-23,0.260880349799365
"AMZN",2019-10-30,0.256200000122719
"AMZN",2019-11-06,0.254853707098604
"AMZN",2019-11-13,0.257843348616779
"AMZN",2019-11-20,0.25545249089869
"AMZN",2019-11-27,0.257382439407129
"AMZN",2019-12-05,0.272014450514832
"AMZN",2019-12-12,0.2618787016259
"AMZN",2019-12-19,0.261886396653565
"AMZN",2019-12-27,0.272671426469132
"AMZN",2020-01-06,0.271783455965748
"AMZN",2020-01-13,0.270453994346333
"AMZN",2020-01-21,0.265937783785362
"AMZN",2020-01-28,0.258836311823036
"AMZN",2020-02-04,0.258903180567802
"AMZN",2020-02-11,0.239842425119763
"AMZN",2020-02-19,0.237569799587424
"AMZN",2020-02-26,0.238078563286987
"AMZN",2020-03-04,0.228053444597475
"AMZN",2020-03-11,0.2266293573712
"AMZN",2020-03-18,0.20889692268031
"AMZN",2020-03-25,0.215925702523666
"AMZN",2020-04-01,0.213904170993844
"AMZN",2020-04-08,0.211832643907048
"AMZN",2020-04-16,0.215485692402812
"AMZN",2020-04-23,0.204458768870613
"AMZN",2020-04-30,0.210338730969412
"AMZN",2020-05-07,0.214705707552389
"AMZN",2020-05-14,0.209480675589352
"AMZN",2020-05-22,0.215885053176339
"AMZN",2020-06-01,0.221329598381318
"AMZN",2020-06-08,0.225324330680713
"AMZN",2020-06-15,0.226603941392572
"AMZN",2020-06-22,0.232010351211072
"AMZN",2020-06-29,0.259850194673399
"AMZN",2020-07-07,0.260037378259329
"AMZN",2020-07-14,0.263032476702706
"AMZN",2020-07-21,0.264658815969703
"AMZN",2020-07-28,0.27181282248299
"AMZN",2020-08-04,0.262181499101549
"AMZN",2020-08-11,0.261517853810473
"AMZN",2020-08-18,0.266529535952147
"AMZN",2020-08-25,0.269312952476404
"AMZN",2020-09-01,0.260275518840177
"AMZN",2020-09-09,0.276593970375198
"AMZN",2020-09-16,0.278609397125522
"AMZN",2020-09-23,0.28437623111165
"AMZN",2020-09-30,0.292484046157765
"AMZN",2020-10-07,0.280169634288771
"AMZN",2020-10-14,0.278115798487865
"AMZN",2020-10-21,0.27591414959885
"AMZN",2020-10-28,0.269350259452879
"AMZN",2020-11-04,0.273904953315441
"AMZN",2020-11-11,0.27456498960428
"AMZN",2020-11-18,0.276561237747774
"AMZN",2020-11-25,0.272677667512802
"AMZN",2020-12-03,0.268956994254443
"AMZN",2020-12-10,0.268329234454247
"AMZN",2020-12-18,0.268528605705888
"AMZN",2020-12-28,0.267167194937186
"AMZN",2021-01-05,0.270492801438686
"AMZN",2021-01-12,0.266910342171717
"AMZN",2021-01-20,0.266826465092341
"AMZN",2021-01-27,0.251554990121091
"AMZN",2021-02-03,0.250961204696593
"AMZN",2021-02-10,0.25149883273445
"AMZN",2021-02-18,0.252715007604452
"AMZN",2021-02-25,0.253805803812279
"AMZN",2021-03-04,0.258086796245807
"AMZN",2021-03-11,0.262363710488348
"AMZN",2021-03-18,0.264800868485099
"AMZN",2021-03-26,0.262133142186311
"AMZN",2021-04-05,0.265332469845201
"AMZN",2021-04-13,0.26381239178547
"AMZN",2021-04-20,0.261018506395645
"AMZN",2021-04-27,0.259693855213585
"AMZN",2021-05-04,0.260867791872678
"AMZN",2021-05-11,0.258702509599648
"AMZN",2021-05-19,0.251793298095126
"AMZN",2021-05-26,0.250350724779728
"AMZN",2021-06-03,0.250727219750452
"AMZN",2021-06-10,0.249063792369731
"AMZN",2021-06-17,0.247233132652282
"AMZN",2021-06-24,0.246972801482436
"AMZN",2021-07-01,0.246345890870918
"AMZN",2021-07-09,0.245645702489886
"AMZN",2021-07-16,0.249280592159304
"AMZN",2021-07-23,0.248427957739042
"AMZN",2021-07-30,0.246360733050879
"AMZN",2021-08-06,0.241282236749215
"AMZN",2021-08-13,0.242934691903894
"AMZN",2021-08-20,0.24558784666957
"AMZN",2021-08-27,0.239816785282242
"AMZN",2021-09-03,0.237338945320238
"AMZN",2021-09-13,0.236370656369047
"AMZN",2021-09-20,0.234797927548385
"AMZN",2021-09-27,0.244493425404385
"AMZN",2021-10-04,0.253325934804031
"AMZN",2021-10-11,0.254012984495641
"AMZN",2021-10-18,0.258845872537585
"AMZN",2021-10-25,0.253970763338432
"AMZN",2021-11-02,0.251996611712197
"AMZN",2021-11-09,0.261449086244723
"AMZN",2021-11-16,0.261896904001709
"AMZN",2021-11-23,0.262902995338683
"AMZN",2021-12-01,0.260697043780447
"AMZN",2021-12-08,0.258158738322484
"AMZN",2021-12-15,0.260111376519309
"AMZN",2021-12-22,0.259308943926835
"AMZN",2021-12-31,0.257959394270947
"AMZN",2022-01-07,0.248713900899136
"AMZN",2022-01-14,0.249508889139762
"AMZN",2022-01-24,0.258225485672585
"AMZN",2022-01-31,0.258681746238044
"AMZN",2022-02-07,0.259398643678201
"AMZN",2022-02-14,0.265564220411409
"AMZN",2022-02-22,0.265373262147524
"AMZN",2022-03-01,0.260703124836652
"AMZN",2022-03-08,0.251595701991778
"AMZN",2022-03-15,0.255339933844851
"AMZN",2022-03-22,0.256116346209368
"AMZN",2022-03-29,0.255924064191927
"AMZN",2022-04-05,0.255373917196469
"AMZN",2022-04-12,0.255089023264233
"AMZN",2022-04-20,0.254211141500405
"AMZN",2022-04-27,0.251659247247545
"AMZN",2022-05-04,0.260787583542255
"AMZN",2022-05-11,0.25957226971626
"AMZN",2022-05-19,0.252479802737017
"AMZN",2022-05-26,0.24695466252185
"AMZN",2022-06-03,0.249136494846555
"AMZN",2022-06-10,0.249491058914776
"AMZN",2022-06-17,0.24657655915315
"AMZN",2022-06-27,0.237849991886168
"AMZN",2022-07-05,0.236754810703143
"AMZN",2022-07-12,0.24169529951143
"AMZN",2022-07-19,0.244899002538638
"AMZN",2022-07-26,0.235617704897926
"AMZN",2022-08-02,0.237529470404101
"AMZN",2022-08-09,0.231446358776046
"AMZN",2022-08-16,0.227527171687697
"AMZN",2022-08-23,0.230976577809585
"AMZN",2022-08-30,0.228484326459326
"AMZN",2022-09-08,0.229089689328081
"AMZN",2022-09-15,0.22573651588382
"AMZN",2022-09-22,0.212876965167713
"AMZN",2022-09-29,0.211300311718233
"AMZN",2022-10-07,0.212992694608309
"AMZN",2022-10-14,0.206165186841273
"AMZN",2022-10-21,0.219261129895697
"AMZN",2022-10-28,0.216620834596959
"AMZN",2022-11-04,0.217052973112539
"AMZN",2022-11-11,0.222145328597427
"AMZN",2022-11-18,0.227062093328271
"AMZN",2022-11-28,0.21594554249606
"AMZN",2022-12-06,0.214457572759764
"AMZN",2022-12-13,0.203198490849702
"AMZN",2022-12-20,0.218192578575746
"AMZN",2022-12-29,0.21593710452271
"AMZN",2023-01-06,0.217078493632575
"AMZN",2023-01-17,0.199329116136199
"AMZN",2023-01-24,0.202991076572513
"AMZN",2023-01-31,0.205806275450588
"AMZN",2023-02-07,0.202707313701392
"AMZN",2023-02-14,0.22109097480706
"AMZN",2023-02-22,0.215826879076672
"AMZN",2023-03-01,0.217545404551934
"AMZN",2023-03-08,0.215357561405644
"AMZN",2023-03-15,0.204372746816767
"AMZN",2023-03-22,0.192205389309041
"AMZN",2023-03-29,0.19726214366353
"AMZN",2023-04-05,0.193406864001604
"AMZN",2023-04-13,0.194823170354158
"AMZN",2023-04-20,0.191991718601915
"AMZN",2023-04-28,0.198627240141329
"AMZN",2023-05-05,0.19486710157442
"AMZN",2023-05-12,0.210178058626869
"AMZN",2023-05-19,0.212243714413956
"AMZN",2023-05-26,0.204755844068815
"AMZN",2023-06-05,0.227384777125767
"AMZN",2023-06-12,0.227189802026964
"AMZN",2023-06-22,0.234977982524682
"AMZN",2023-06-29,0.234500490832877
"AMZN",2023-07-07,0.237025615843012
"AMZN",2023-07-14,0.234791528419959
"AMZN",2023-07-21,0.229106511949554
"AMZN",2023-07-28,0.228668119501153
"AMZN",2023-08-04,0.239026308942793
"AMZN",2023-08-11,0.233542054764765
"AMZN",2023-08-21,0.244414217988583
"AMZN",2023-08-28,0.24181554399763
"AMZN",2023-09-05,0.238258226359984
"AMZN",2023-09-12,0.244301240501764
"AMZN",2023-09-19,0.241082876741705
"AMZN",2023-09-27,0.243036063962959
"AMZN",2023-10-04,0.246316672871437
"AMZN",2023-10-11,0.245354556430853
"AMZN",2023-10-18,0.234858514511659
"AMZN",2023-10-25,0.23960377361023
"AMZN",2023-11-01,0.249648909772243
"AMZN",2023-11-08,0.24967713754401
"AMZN",2023-11-15,0.254400370487653
"AMZN",2023-11-22,0.250227874767154
"AMZN",2023-11-30,0.245028620779287
"AMZN",2023-12-07,0.245233115442414
"AMZN",2023-12-14,0.247912015287126
"AMZN",2023-12-22,0.250787685541761
"AMZN",2024-01-02,0.251986729269293
"AMZN",2024-01-09,0.254673876690834
"AMZN",2024-01-17,0.251533863674314
"AMZN",2024-01-24,0.250067201561444
"AMZN",2024-01-31,0.257718787799248
"AMZN",2024-02-07,0.260980060913928
"AMZN",2024-02-14,0.242691562886925
"AMZN",2024-02-22,0.240826072767237
"AMZN",2024-02-29,0.231543161418541
"AMZN",2024-03-07,0.229982473278129
"AMZN",2024-03-15,0.2172050710673
"AMZN",2024-03-22,0.23038905147701
"AMZN",2024-04-01,0.238176362951157
"AMZN",2024-04-09,0.242656331883725
"AMZN",2024-04-16,0.244124260876112
"AMZN",2024-04-23,0.243951417998584
"AMZN",2024-04-30,0.223036790246988
"AMZN",2024-05-07,0.229818757617228
"AMZN",2024-05-14,0.226370919123245
"AMZN",2024-05-21,0.236939624155564
"AMZN",2024-05-29,0.234184438749901
"AMZN",2024-06-05,0.235054385370761
"AMZN",2024-06-12,0.239465143788613
"AMZN",2024-06-20,0.233915522018549
"AMZN",2024-06-27,0.243506776744892
"AMZN",2024-07-05,0.240877640929375
"AMZN",2024-07-12,0.242324684020274
"AMZN",2024-07-19,0.243334536191743
"AMZN",2024-07-26,0.237663149519968
"AMZN",2024-08-02,0.244329876910722
"AMZN",2024-08-09,0.262810996273357
"AMZN",2024-08-16,0.264887108507306
"AMZN",2024-08-23,0.270850478916643
"AMZN",2024-08-30,0.270494634672265
"AMZN",2024-09-09,0.268447136587545
"AMZN",2024-09-16,0.268162299992884
"AMZN",2024-09-23,0.262870956608906
"AMZN",2024-09-30,0.253028098434948
"AMZN",2024-10-07,0.252688699074784
"AMZN",2024-10-15,0.25103620895026
"AMZN",2024-10-22,0.249623975613371
"AMZN",2024-10-29,0.249882326405067
"AMZN",2024-11-05,0.263011264712218
"AMZN",2024-11-12,0.256691016485689
"AMZN",2024-11-19,0.249311556295299
"AMZN",2024-11-26,0.2434832862446
"AMZN",2024-12-04,0.242055597723318
"AMZN",2024-12-11,0.241118037174989
"AMZN",2024-12-18,0.242267343527796
"AMZN",2024-12-26,0.257230822918193
"AMZN",2025-01-03,0.249965718075163
"AMZN",2025-01-13,0.253736332597409
"FB",2016-03-29,0.266936013012898
"FB",2016-04-05,0.253733861218184
"FB",2016-04-12,0.255583036520937
"FB",2016-04-19,0.242981226720848
"FB",2016-04-26,0.241769439168175
"FB",2016-05-03,0.248612804618375
"FB",2016-05-10,0.240480953029788
"FB",2016-05-17,0.243062826117374
"FB",2016-05-24,0.245468893144335
"FB",2016-06-01,0.245156017761502
"FB",2016-06-08,0.246958889414669
"FB",2016-06-15,0.24753635467263
"FB",2016-06-22,0.244050528184648
"FB",2016-06-29,0.25620400912404
"FB",2016-07-07,0.260565043546721
"FB",2016-07-14,0.260958194472253
"FB",2016-07-21,0.259398108923143
"FB",2016-07-28,0.27103630129164
"FB",2016-08-04,0.27529144361018
"FB",2016-08-11,0.275733256206624
"FB",2016-08-18,0.278363925375006
"FB",2016-08-25,0.280924863234178
"FB",2016-09-01,0.276912564957377
"FB",2016-09-09,0.272706032087057
"FB",2016-09-16,0.271656261062995
"FB",2016-09-23,0.269280322238097
"FB",2016-09-30,0.269782530007081
"FB",2016-10-07,0.268936943173548
"FB",2016-10-14,0.263807081462329
"FB",2016-10-21,0.259036593207103
"FB",2016-10-28,0.257489093904549
"FB",2016-11-04,0.252359263258389
"FB",2016-11-11,0.280392732538531
"FB",2016-11-18,0.289227914737734
"FB",2016-11-28,0.287025676197935
"FB",2016-12-05,0.291502688774569
"FB",2016-12-12,0.295100508837819
"FB",2016-12-19,0.298306369694646
"FB",2016-12-27,0.298355245744977
"FB",2017-01-04,0.294798551798113
"FB",2017-01-11,0.292967354251302
"FB",2017-01-19,0.291270697024016
"FB",2017-01-26,0.288421130049332
"FB",2017-02-02,0.294023383698798
"FB",2017-02-09,0.285587230925423
"FB",2017-02-16,0.285580823171359
"FB",2017-02-24,0.286890484998171
"FB",2017-03-03,0.287342894031386
"FB",2017-03-10,0.286064995498463
"FB",2017-03-17,0.288537713009134
"FB",2017-03-24,0.300466976945447
"FB",2017-03-31,0.305545114237993
"FB",2017-04-07,0.303988980183788
"FB",2017-04-17,0.302816243002928
"FB",2017-04-24,0.313787627051598
"FB",2017-05-01,0.299956734752619
"FB",2017-05-08,0.299559037569582
"FB",2017-05-15,0.299766485711602
"FB",2017-05-22,0.305158244845993
"FB",2017-05-30,0.306844384820052
"FB",2017-06-06,0.305094899810769
"FB",2017-06-13,0.310535529968241
"FB",2017-06-20,0.318845682319919
"FB",2017-06-27,0.318556914836457
"FB",2017-07-05,0.310173753285054
"FB",2017-07-12,0.309914052101099
"FB",2017-07-19,0.311971372572063
"FB",2017-07-26,0.311831394263073
"FB",2017-08-02,0.300506202937492
"FB",2017-08-09,0.302437419204756
"FB",2017-08-16,0.302618772027057
"FB",2017-08-23,0.289189634797856
"FB",2017-08-30,0.29349462475462
"FB",2017-09-07,0.294438827971922
"FB",2017-09-14,0.292824253324283
"FB",2017-09-21,0.295681749728294
"FB",2017-09-28,0.292592975785038
"FB",2017-10-05,0.291592325042326
"FB",2017-10-12,0.289538370122053
"FB",2017-10-19,0.28240619003655
"FB",2017-10-26,0.274751174933453
"FB",2017-11-02,0.277822118244133
"FB",2017-11-09,0.273477276891305
"FB",2017-11-16,0.26892806988636
"FB",2017-11-24,0.271099934709196
"FB",2017-12-01,0.266150771838157
"FB",2017-12-08,0.271962346014012
"FB",2017-12-15,0.275990895381454
"FB",2017-12-22,0.274194979493302
"FB",2018-01-02,0.269290421011099
"FB",2018-01-09,0.274084048553153
"FB",2018-01-17,0.267974864331622
"FB",2018-01-24,0.271118123652307
"FB",2018-01-31,0.273735225479885
"FB",2018-02-07,0.266470172999064
"FB",2018-02-14,0.273775500415709
"FB",2018-02-22,0.272711449274786
"FB",2018-03-01,0.271603982648037
"FB",2018-03-08,0.275325246272844
"FB",2018-03-15,0.282974565679946
"FB",2018-03-22,0.295474551354788
"FB",2018-03-29,0.295325539463216
"FB",2018-04-06,0.297757426206927
"FB",2018-04-13,0.303881384262306
"FB",2018-04-20,0.309493601938131
"FB",2018-04-27,0.308200692943038
"FB",2018-05-04,0.31086090511037
"FB",2018-05-11,0.312194392710448
"FB",2018-05-18,0.311154213129375
"FB",2018-05-25,0.309232699682114
"FB",2018-06-04,0.297660613764844
"FB",2018-06-11,0.297623209112895
"FB",2018-06-18,0.297990214287636
"FB",2018-06-25,0.290756566369188
"FB",2018-07-02,0.288280910839231
"FB",2018-07-10,0.290258576599165
"FB",2018-07-17,0.291696495093491
"FB",2018-07-24,0.295434767236671
"FB",2018-07-31,0.273313787302336
"FB",2018-08-07,0.272469116308459
"FB",2018-08-14,0.275302653601986
"FB",2018-08-21,0.265984308931196
"FB",2018-08-28,0.267590618551774
"FB",2018-09-05,0.271075315033409
"FB",2018-09-12,0.273254913286392
"FB",2018-09-19,0.272693961378233
"FB",2018-09-26,0.277662892931914
"FB",2018-10-03,0.276801057594468
"FB",2018-10-10,0.276603371808863
"FB",2018-10-17,0.286043176900876
"FB",2018-10-24,0.287892721752855
"FB",2018-10-31,0.288664995089576
"FB",2018-11-07,0.277655402731842
"FB",2018-11-14,0.262523743259752
"FB",2018-11-21,0.258801313189495
"FB",2018-11-29,0.266822719461307
"FB",2018-12-07,0.266090702327905
"FB",2018-12-14,0.26169041811848
"FB",2018-12-21,0.263294579575541
"FB",2018-12-31,0.264281397552999
"FB",2019-01-08,0.264238166825025
"FB",2019-01-15,0.265944197092422
"FB",2019-01-23,0.267232828880537
"FB",2019-01-30,0.262837934457841
"FB",2019-02-06,0.270505872578186
"FB",2019-02-13,0.269301941699882
"FB",2019-02-21,0.270270255271649
"FB",2019-02-28,0.269062442508884
"FB",2019-03-07,0.269331397106019
"FB",2019-03-14,0.270968530864423
"FB",2019-03-21,0.253667603251716
"FB",2019-03-28,0.258323321134393
"FB",2019-04-04,0.257639080931102
"FB",2019-04-11,0.267072169616218
"FB",2019-04-18,0.269957457765196
"FB",2019-04-26,0.271683940402145
"FB",2019-05-03,0.280993372494114
"FB",2019-05-10,0.282822122039283
"FB",2019-05-17,0.277543323140556
"FB",2019-05-24,0.273913324145282
"FB",2019-06-03,0.270639893644991
"FB",2019-06-10,0.286632047369901
"FB",2019-06-17,0.273783119433098
"FB",2019-06-24,0.274461163224593
"FB",2019-07-01,0.273344947572965
"FB",2019-07-09,0.275390706915991
"FB",2019-07-16,0.273383829134619
"FB",2019-07-23,0.275091710684598
"FB",2019-07-30,0.28461710097466
"FB",2019-08-06,0.293607647784028
"FB",2019-08-13,0.288077263373308
"FB",2019-08-20,0.282343873897388
"FB",2019-08-27,0.275568957965958
"FB",2019-09-04,0.274722741639213
"FB",2019-09-11,0.275575548351929
"FB",2019-09-18,0.270919292377463
"FB",2019-09-25,0.254790002374998
"FB",2019-10-02,0.267679844306266
"FB",2019-10-09,0.266345822455681
"FB",2019-10-16,0.265958883540442
"FB",2019-10-23,0.272499529080939
"FB",2019-10-30,0.279495856059002
"FB",2019-11-06,0.273953264837097
"FB",2019-11-13,0.283243899580379
"FB",2019-11-20,0.285437706702949
"FB",2019-11-27,0.283159405251143
"FB",2019-12-05,0.285434371786048
"FB",2019-12-12,0.261156668079942
"FB",2019-12-19,0.26972380215909
"FB",2019-12-27,0.269705778704112
"FB",2020-01-06,0.268128696598562
"FB",2020-01-13,0.266833506935141
"FB",2020-01-21,0.270996669536936
"FB",2020-01-28,0.262849075653133
"FB",2020-02-04,0.272367829824857
"FB",2020-02-11,0.266421384473365
"FB",2020-02-19,0.25686084297646
"FB",2020-02-26,0.259453284703376
"FB",2020-03-04,0.250782778033435
"FB",2020-03-11,0.256016893252602
"FB",2020-03-18,0.240499158425476
"FB",2020-03-25,0.229914380146102
"FB",2020-04-01,0.232238221546354
"FB",2020-04-08,0.228378123026158
"FB",2020-04-16,0.224125648134849
"FB",2020-04-23,0.219880801777701
"FB",2020-04-30,0.22070921086594
"FB",2020-05-07,0.222527106124761
"FB",2020-05-14,0.230475220919496
"FB",2020-05-21,0.232047838026452
"FB",2020-05-29,0.240069993492778
"FB",2020-06-05,0.248699375521729
"FB",2020-06-12,0.250465636417164
"FB",2020-06-19,0.25146264716778
"FB",2020-06-26,0.242006704422439
"FB",2020-07-06,0.252186347189074
"FB",2020-07-13,0.252506679629019
"FB",2020-07-20,0.255434420114752
"FB",2020-07-27,0.242261958888887
"FB",2020-08-03,0.280886664580158
"FB",2020-08-10,0.295932724051845
"FB",2020-08-17,0.302311322030746
"FB",2020-08-24,0.306616456904686
"FB",2020-08-31,0.312514858043135
"FB",2020-09-08,0.319586818091433
"FB",2020-09-15,0.320464946592136
"FB",2020-09-22,0.318662985920592
"FB",2020-09-29,0.318957405534597
"FB",2020-10-06,0.312105755340473
"FB",2020-10-13,0.313689629381949
"FB",2020-10-20,0.307457613563413
"FB",2020-10-27,0.303687999250973
"FB",2020-11-03,0.302658663287748
"FB",2020-11-10,0.297831985921858
"FB",2020-11-17,0.301985375548704
"FB",2020-11-24,0.292117110686169
"FB",2020-12-02,0.294046398648959
"FB",2020-12-09,0.286423082054817
"FB",2020-12-17,0.289732569386086
"FB",2020-12-24,0.288617717673852
"FB",2021-01-04,0.285638752141609
"FB",2021-01-11,0.276955250023354
"FB",2021-01-19,0.277230379266535
"FB",2021-01-26,0.277598202255411
"FB",2021-02-02,0.281817099095745
"FB",2021-02-09,0.285091207963162
"FB",2021-02-17,0.283350351081957
"FB",2021-02-24,0.284093391769871
"FB",2021-03-03,0.283048830594438
"FB",2021-03-10,0.290792623174054
"FB",2021-03-17,0.289143587607281
"FB",2021-03-25,0.289716171433943
"FB",2021-04-01,0.290220027574686
"FB",2021-04-12,0.282641416216926
"FB",2021-04-19,0.281125614641364
"FB",2021-04-26,0.279978594757889
"FB",2021-05-03,0.279510122370648
"FB",2021-05-10,0.278601877413368
"FB",2021-05-18,0.278315117787371
"FB",2021-05-25,0.273188822871199
"FB",2021-06-02,0.272754097915707
"FB",2021-06-09,0.260018292714417
"FB",2021-06-16,0.256832681700081
"FB",2021-06-23,0.265105514704296
"FB",2021-06-30,0.263050337368267
"FB",2021-07-08,0.264129704695614
"FB",2021-07-15,0.265516368877842
"FB",2021-07-22,0.262460053541849
"FB",2021-07-29,0.252046200680104
"FB",2021-08-05,0.252716438080662
"FB",2021-08-12,0.261343438891445
"FB",2021-08-19,0.264200219814203
"FB",2021-08-26,0.273571595621551
"FB",2021-09-02,0.272255568277208
"FB",2021-09-10,0.270684727823675
"FB",2021-09-17,0.268798944161747
"FB",2021-09-24,0.270584615292378
"FB",2021-10-01,0.272774475658886
"FB",2021-10-08,0.272675686877309
"FB",2021-10-15,0.276615740668504
"FB",2021-10-22,0.274961806464738
"FB",2021-11-01,0.270551251466802
"FB",2021-11-08,0.271028373935869
"FB",2021-11-15,0.268824373821812
"FB",2021-11-22,0.2649857696056
"FB",2021-11-30,0.264066721145968
"FB",2021-12-07,0.267386198777136
"FB",2021-12-14,0.274438758214072
"FB",2021-12-21,0.28733626190955
"FB",2021-12-30,0.292915624546481
"FB",2022-01-06,0.297125167218052
"FB",2022-01-13,0.295842076462528
"FB",2022-01-21,0.293884360108689
"FB",2022-01-28,0.304375859302658
"FB",2022-02-04,0.297834936205406
"FB",2022-02-11,0.301781040503557
"FB",2022-02-18,0.30762614137763
"FB",2022-02-28,0.307460115152131
"FB",2022-03-07,0.29768351453836
"FB",2022-03-14,0.307054011049042
"FB",2022-03-21,0.306133324936272
"FB",2022-03-28,0.305911888513117
"FB",2022-04-04,0.305557167958212
"FB",2022-04-11,0.308320590914488
"FB",2022-04-19,0.313002594437501
"FB",2022-04-26,0.314063329915607
"FB",2022-05-03,0.311247000425103
"FB",2022-05-10,0.30606671412856
"FB",2022-05-18,0.299284967720332
"FB",2022-05-25,0.288770617845083
"FB",2022-06-02,0.291463703838604
"FB",2022-06-09,0.29484543053129
"FB",2022-06-16,0.288783578917483
"FB",2022-06-24,0.288965181813538
"FB",2022-07-01,0.288927331792404
"FB",2022-07-11,0.294236666951014
"FB",2022-07-18,0.298356219758227
"FB",2022-07-25,0.298374529343648
"FB",2022-08-01,0.296416572004783
"FB",2022-08-08,0.296234921669865
"FB",2022-08-15,0.287624453346259
"FB",2022-08-22,0.277846599483389
"FB",2022-08-29,0.269846032968302
"FB",2022-09-06,0.268616916662829
"FB",2022-09-14,0.265750980410967
"FB",2022-09-21,0.254329599234037
"FB",2022-09-28,0.253106915453571
"FB",2022-10-06,0.255663717977672
"FB",2022-10-13,0.252818317371194
"FB",2022-10-20,0.25842525968316
"FB",2022-10-27,0.257096865844722
"FB",2022-11-03,0.25524858576836
"FB",2022-11-10,0.259328701085294
"FB",2022-11-17,0.262524456610275
"FB",2022-11-25,0.25529175590313
"FB",2022-12-02,0.2574213730665
"FB",2022-12-12,0.255580722725878
"FB",2022-12-19,0.251425378420985
"FB",2022-12-27,0.253813901972519
"FB",2023-01-05,0.257225643008327
"FB",2023-01-12,0.257533706871675
"FB",2023-01-23,0.256945357898537
"FB",2023-01-30,0.26210694566329
"FB",2023-02-06,0.274860784798423
"FB",2023-02-13,0.267347050449698
"FB",2023-02-21,0.263715396927171
"FB",2023-02-28,0.262746923166877
"FB",2023-03-07,0.263069781971209
"FB",2023-03-14,0.246843803337296
"FB",2023-03-21,0.250897982021385
"FB",2023-03-28,0.246767335231653
"FB",2023-04-04,0.244283181628488
"FB",2023-04-12,0.244070385450747
"FB",2023-04-19,0.242088147512464
"FB",2023-04-26,0.237815974985273
"FB",2023-05-03,0.23910311233927
"FB",2023-05-10,0.239748193249545
"FB",2023-05-17,0.23820257901904
"FB",2023-05-24,0.241127461156995
"FB",2023-06-01,0.240501847729174
"FB",2023-06-08,0.243466813926238
"FB",2023-06-15,0.245852136699325
"FB",2023-06-27,0.245166420669894
"FB",2023-07-05,0.240485283272493
"FB",2023-07-12,0.241197491782615
"FB",2023-07-19,0.237235124774164
"FB",2023-07-26,0.233214491091327
"FB",2023-08-02,0.242353905759328
"FB",2023-08-09,0.244759706814153
"FB",2023-08-17,0.235491221105166
"FB",2023-08-24,0.23860378346525
"FB",2023-08-31,0.240365879350403
"FB",2023-09-08,0.233279067729743
"FB",2023-09-15,0.239007291894962
"FB",2023-09-22,0.24163291115421
"FB",2023-10-02,0.234323521997484
"FB",2023-10-09,0.235937420673871
"FB",2023-10-16,0.242159275082426
"FB",2023-10-23,0.248763640841638
"FB",2023-10-30,0.249565583980656
"FB",2023-11-06,0.251411803812458
"FB",2023-11-13,0.245126442502828
"FB",2023-11-20,0.263222368974206
"FB",2023-11-28,0.256800200292733
"FB",2023-12-05,0.257218514799272
"FB",2023-12-12,0.252088676728507
"FB",2023-12-20,0.249811680147177
"FB",2023-12-28,0.248790651060771
"FB",2024-01-05,0.252106529928782
"FB",2024-01-12,0.246447007329282
"FB",2024-01-22,0.245176125984909
"FB",2024-01-29,0.242156393248421
"FB",2024-02-05,0.228475051089806
"FB",2024-02-12,0.228709507087902
"FB",2024-02-20,0.225594900452816
"FB",2024-02-27,0.217934334463178
"FB",2024-03-05,0.215915576319837
"FB",2024-03-12,0.221171656116942
"FB",2024-03-20,0.223965415080741
"FB",2024-03-27,0.232737781881403
"FB",2024-04-04,0.234738961417136
"FB",2024-04-12,0.236700831678541
"FB",2024-04-19,0.238184253616984
"FB",2024-04-26,0.227240001210818
"FB",2024-05-03,0.240045766032687
"FB",2024-05-10,0.237830384865344
"FB",2024-05-17,0.241842806813207
"FB",2024-05-24,0.234190216367821
"FB",2024-06-03,0.236649317782912
"FB",2024-06-10,0.244795766223487
"FB",2024-06-17,0.240056096904707
"FB",2024-06-25,0.236386532514646
"FB",2024-07-02,0.238400028195607
"FB",2024-07-10,0.246260389092423
"FB",2024-07-17,0.249837456886433
"FB",2024-07-24,0.252435076831892
"FB",2024-07-31,0.255531215702934
"FB",2024-08-07,0.261785541719139
"FB",2024-08-14,0.26190769580303
"FB",2024-08-21,0.261655658086429
"FB",2024-08-28,0.270304589549175
"FB",2024-09-05,0.265117773982767
"FB",2024-09-12,0.263580190124146
"FB",2024-09-19,0.260118649545129
"FB",2024-09-26,0.264478792875695
"FB",2024-10-03,0.262200831008119
"FB",2024-10-10,0.263179628409768
"FB",2024-10-18,0.258528689815353
"FB",2024-10-25,0.255862992207038
"FB",2024-11-01,0.256168776442376
"FB",2024-11-08,0.262946604622008
"FB",2024-11-15,0.269267771188945
"FB",2024-11-22,0.265989977658289
"FB",2024-12-02,0.267478575306676
"FB",2024-12-09,0.269978854688713
"FB",2024-12-16,0.273228332090015
"FB",2024-12-23,0.277623845525433
"FB",2024-12-31,0.288605596185866
"FB",2025-01-08,0.284787875109012
"GOOG",2016-04-04,0.272180462358635
"GOOG",2016-04-11,0.269533890519282
"GOOG",2016-04-18,0.275011105139065
"GOOG",2016-04-25,0.263646799020227
"GOOG",2016-05-02,0.261370812106969
"GOOG",2016-05-09,0.258886381514195
"GOOG",2016-05-16,0.25898022882964
"GOOG",2016-05-23,0.259309004239963
"GOOG",2016-05-31,0.255926441702059
"GOOG",2016-06-07,0.260406266221137
"GOOG",2016-06-14,0.260044671057615
"GOOG",2016-06-21,0.257573907942694
"GOOG",2016-06-28,0.26240089780424
"GOOG",2016-07-06,0.266556792583549
"GOOG",2016-07-13,0.266762496220156
"GOOG",2016-07-20,0.262761613457473
"GOOG",2016-07-27,0.266871273206074
"GOOG",2016-08-03,0.26826329067368
"GOOG",2016-08-10,0.272721902139836
"GOOG",2016-08-17,0.268811455634964
"GOOG",2016-08-24,0.275066731379592
"GOOG",2016-08-31,0.282485155882726
"GOOG",2016-09-08,0.280813578936896
"GOOG",2016-09-15,0.285470685262063
"GOOG",2016-09-22,0.285452936194765
"GOOG",2016-09-29,0.284358623945351
"GOOG",2016-10-06,0.288972911999033
"GOOG",2016-10-13,0.281415698977301
"GOOG",2016-10-20,0.277158423096713
"GOOG",2016-10-27,0.277837603244136
"GOOG",2016-11-03,0.282140361148063
"GOOG",2016-11-10,0.295388899541454
"GOOG",2016-11-17,0.293741238218325
"GOOG",2016-11-25,0.300546286668711
"GOOG",2016-12-02,0.297510537541467
"GOOG",2016-12-09,0.300201534838748
"GOOG",2016-12-16,0.296499627728218
"GOOG",2016-12-23,0.291166033058454
"GOOG",2017-01-03,0.304320436280373
"GOOG",2017-01-10,0.303144936009797
"GOOG",2017-01-18,0.299523362282129
"GOOG",2017-01-25,0.300746518547098
"GOOG",2017-02-01,0.304803399397934
"GOOG",2017-02-08,0.30215875652516
"GOOG",2017-02-15,0.303309548316056
"GOOG",2017-02-23,0.304993969907723
"GOOG",2017-03-02,0.304835965060081
"GOOG",2017-03-09,0.302897187937814
"GOOG",2017-03-16,0.302800956093469
"GOOG",2017-03-23,0.313065556926997
"GOOG",2017-03-30,0.310495793158375
"GOOG",2017-04-06,0.308946671538534
"GOOG",2017-04-13,0.309270509902435
"GOOG",2017-04-21,0.30680670908704
"GOOG",2017-04-28,0.295581103603242
"GOOG",2017-05-05,0.294362238355009
"GOOG",2017-05-12,0.298638692463929
"GOOG",2017-05-19,0.292373065323695
"GOOG",2017-05-26,0.297638038923535
"GOOG",2017-06-05,0.292206072339969
"GOOG",2017-06-12,0.305598112483803
"GOOG",2017-06-19,0.308019303947928
"GOOG",2017-06-26,0.307500730547159
"GOOG",2017-07-03,0.311784313043854
"GOOG",2017-07-11,0.31154099016606
"GOOG",2017-07-18,0.30728034988593
"GOOG",2017-07-25,0.303815280944106
"GOOG",2017-08-01,0.274575687091592
"GOOG",2017-08-08,0.271200479129446
"GOOG",2017-08-15,0.274662083334378
"GOOG",2017-08-22,0.246136593646972
"GOOG",2017-08-29,0.263066117854829
"GOOG",2017-09-06,0.266128619870232
"GOOG",2017-09-13,0.268322173087296
"GOOG",2017-09-20,0.273730985627704
"GOOG",2017-09-27,0.275457883818885
"GOOG",2017-10-04,0.273009087190412
"GOOG",2017-10-11,0.271700484052603
"GOOG",2017-10-18,0.269042418709598
"GOOG",2017-10-25,0.267104996810109
"GOOG",2017-11-01,0.266385409966081
"GOOG",2017-11-08,0.268599417663563
"GOOG",2017-11-15,0.26756133770092
"GOOG",2017-11-22,0.263766474924385
"GOOG",2017-11-30,0.271384441323298
"GOOG",2017-12-07,0.268863867413158
"GOOG",2017-12-14,0.272116521452986
"GOOG",2017-12-21,0.272226327970026
"GOOG",2017-12-29,0.273651967325235
"GOOG",2018-01-08,0.284703210938054
"GOOG",2018-01-16,0.283422449801233
"GOOG",2018-01-23,0.283616335102799
"GOOG",2018-01-30,0.280990491015456
"GOOG",2018-02-06,0.290103075502605
"GOOG",2018-02-13,0.284601672389274
"GOOG",2018-02-21,0.284148455444163
"GOOG",2018-02-28,0.286385213689988
"GOOG",2018-03-07,0.288565285845218
"GOOG",2018-03-14,0.301254965274584
"GOOG",2018-03-21,0.299188843382044
"GOOG",2018-03-28,0.301473963823724
"GOOG",2018-04-05,0.294660059790646
"GOOG",2018-04-12,0.289620735297656
"GOOG",2018-04-19,0.28733508813317
"GOOG",2018-04-26,0.292007920898999
"GOOG",2018-05-03,0.296070024947236
"GOOG",2018-05-10,0.298790664951791
"GOOG",2018-05-17,0.295297521357643
"GOOG",2018-05-24,0.294176708519079
"GOOG",2018-06-01,0.27643909482499
"GOOG",2018-06-08,0.275692021666438
"GOOG",2018-06-15,0.275781504865932
"GOOG",2018-06-22,0.272376129261154
"GOOG",2018-06-29,0.260697922475431
"GOOG",2018-07-09,0.26017815124523
"GOOG",2018-07-16,0.258530785998331
"GOOG",2018-07-23,0.26878043270998
"GOOG",2018-07-30,0.261565957827483
"GOOG",2018-08-06,0.26089387132383
"GOOG",2018-08-13,0.259292543904961
"GOOG",2018-08-20,0.25393983348452
"GOOG",2018-08-27,0.250888279460593
"GOOG",2018-09-04,0.250519279048422
"GOOG",2018-09-11,0.252964620384285
"GOOG",2018-09-18,0.251732429292814
"GOOG",2018-09-25,0.251535230163547
"GOOG",2018-10-02,0.253900994536236
"GOOG",2018-10-09,0.256600937447708
"GOOG",2018-10-16,0.264925069538331
"GOOG",2018-10-23,0.265430192295341
"GOOG",2018-10-30,0.259259251351264
"GOOG",2018-11-06,0.260857647865004
"GOOG",2018-11-13,0.253676766072937
"GOOG",2018-11-20,0.251070031892409
"GOOG",2018-11-28,0.255591433717926
"GOOG",2018-12-06,0.262644585745166
"GOOG",2018-12-13,0.265815248109385
"GOOG",2018-12-20,0.263658142346252
"GOOG",2018-12-28,0.268233476408709
"GOOG",2019-01-07,0.26718467861546
"GOOG",2019-01-14,0.269355286908101
"GOOG",2019-01-22,0.269783724066692
"GOOG",2019-01-29,0.250387324107259
"GOOG",2019-02-05,0.253093053680273
"GOOG",2019-02-12,0.247196836521743
"GOOG",2019-02-20,0.24429692755278
"GOOG",2019-02-27,0.247659356637438
"GOOG",2019-03-06,0.247510344761877
"GOOG",2019-03-13,0.239021823834517
"GOOG",2019-03-20,0.239773940305367
"GOOG",2019-03-27,0.229716818040772
"GOOG",2019-04-03,0.226574386867913
"GOOG",2019-04-10,0.227876727700742
"GOOG",2019-04-17,0.226557323550663
"GOOG",2019-04-25,0.227046868524971
"GOOG",2019-05-02,0.221949361816217
"GOOG",2019-05-09,0.219499106230672
"GOOG",2019-05-16,0.2189639293507
"GOOG",2019-05-23,0.20853563943262
"GOOG",2019-05-31,0.216567776412037
"GOOG",2019-06-07,0.219950456102338
"GOOG",2019-06-14,0.206337376984996
"GOOG",2019-06-21,0.205432547664155
"GOOG",2019-06-28,0.200099244790382
"GOOG",2019-07-08,0.198813037248592
"GOOG",2019-07-15,0.197205060036693
"GOOG",2019-07-22,0.197779613290119
"GOOG",2019-07-29,0.20300198303316
"GOOG",2019-08-05,0.23535687767652
"GOOG",2019-08-12,0.217999154215815
"GOOG",2019-08-19,0.220921038484613
"GOOG",2019-08-26,0.215824327927747
"GOOG",2019-09-03,0.21709400015887
"GOOG",2019-09-10,0.210460197962165
"GOOG",2019-09-17,0.212240674555494
"GOOG",2019-09-24,0.196558326985998
"GOOG",2019-10-01,0.203790834118037
"GOOG",2019-10-08,0.206953040417861
"GOOG",2019-10-15,0.200737578100693
"GOOG",2019-10-22,0.200786842217363
"GOOG",2019-10-29,0.205366010516383
"GOOG",2019-11-05,0.207102242476292
"GOOG",2019-11-12,0.208430089657418
"GOOG",2019-11-19,0.208039238503684
"GOOG",2019-11-26,0.205815856952933
"GOOG",2019-12-04,0.199993657793985
"GOOG",2019-12-11,0.196786733819574
"GOOG",2019-12-18,0.193400046145305
"GOOG",2019-12-26,0.192724358120641
"GOOG",2020-01-03,0.189768840346414
"GOOG",2020-01-10,0.188396620505352
"GOOG",2020-01-17,0.188414412381999
"GOOG",2020-01-27,0.187736305804173
"GOOG",2020-02-03,0.18936982714974
"GOOG",2020-02-10,0.181236347458461
"GOOG",2020-02-18,0.163353406470137
"GOOG",2020-02-25,0.161960778570673
"GOOG",2020-03-03,0.154725711389476
"GOOG",2020-03-10,0.141773005910275
"GOOG",2020-03-17,0.137053417606268
"GOOG",2020-03-24,0.13134528485447
"GOOG",2020-03-31,0.137745542382812
"GOOG",2020-04-07,0.138985695627529
"GOOG",2020-04-15,0.139535921461738
"GOOG",2020-04-22,0.133908007745717
"GOOG",2020-04-29,0.130762021661882
"GOOG",2020-05-06,0.123586544737718
"GOOG",2020-05-13,0.129733224477875
"GOOG",2020-05-20,0.13932589303975
"GOOG",2020-05-28,0.140512330305594
"GOOG",2020-06-04,0.163406510909507
"GOOG",2020-06-11,0.168441064681361
"GOOG",2020-06-18,0.176477958162056
"GOOG",2020-06-25,0.185260813249509
"GOOG",2020-07-02,0.188849266524504
"GOOG",2020-07-10,0.18395958721138
"GOOG",2020-07-17,0.189367745937723
"GOOG",2020-07-24,0.191348241341527
"GOOG",2020-07-31,0.196421088112407
"GOOG",2020-08-07,0.195547585244241
"GOOG",2020-08-14,0.18868277993019
"GOOG",2020-08-21,0.194273598776584
"GOOG",2020-08-28,0.189930160354252
"GOOG",2020-09-04,0.212589285085588
"GOOG",2020-09-14,0.213991243887055
"GOOG",2020-09-21,0.222061249766092
"GOOG",2020-09-28,0.220276706013077
"GOOG",2020-10-05,0.21402340076709
"GOOG",2020-10-12,0.200760176714633
"GOOG",2020-10-19,0.204768009941749
"GOOG",2020-10-26,0.206162474293885
"GOOG",2020-11-02,0.202407088476043
"GOOG",2020-11-09,0.19773077562562
"GOOG",2020-11-16,0.210646123014758
"GOOG",2020-11-23,0.205596846554292
"GOOG",2020-12-01,0.204367083182092
"GOOG",2020-12-08,0.199230486323857
"GOOG",2020-12-15,0.19858892931058
"GOOG",2020-12-23,0.198695827513163
"GOOG",2020-12-31,0.202329907271215
"GOOG",2021-01-08,0.192978325177645
"GOOG",2021-01-15,0.191907071550496
"GOOG",2021-01-25,0.188164775710884
"GOOG",2021-02-01,0.180741802433351
"GOOG",2021-02-08,0.188488187944719
"GOOG",2021-02-16,0.18292354779535
"GOOG",2021-02-23,0.191929386277814
"GOOG",2021-03-02,0.19357273598307
"GOOG",2021-03-09,0.204725313267922
"GOOG",2021-03-16,0.209164061059473
"GOOG",2021-03-24,0.211598848221198
"GOOG",2021-03-31,0.213343992255013
"GOOG",2021-04-09,0.214432095344589
"GOOG",2021-04-16,0.213023097710557
"GOOG",2021-04-23,0.215407142383874
"GOOG",2021-04-30,0.217301167469669
"GOOG",2021-05-07,0.231559597992264
"GOOG",2021-05-17,0.229945935143831
"GOOG",2021-05-24,0.223703865154477
"GOOG",2021-06-02,0.225792664953008
"GOOG",2021-06-09,0.224084683762403
"GOOG",2021-06-16,0.224723844391141
"GOOG",2021-06-23,0.224569663426087
"GOOG",2021-06-30,0.222842813943717
"GOOG",2021-07-08,0.225716736783459
"GOOG",2021-07-15,0.227075617978218
"GOOG",2021-07-22,0.223905300895125
"GOOG",2021-07-29,0.218652783932227
"GOOG",2021-08-05,0.227221090026703
"GOOG",2021-08-12,0.228773188681208
"GOOG",2021-08-19,0.241246052169717
"GOOG",2021-08-26,0.235026879902081
"GOOG",2021-09-02,0.235003556832714
"GOOG",2021-09-10,0.239254988528527
"GOOG",2021-09-17,0.243256560743034
"GOOG",2021-09-24,0.246752350291753
"GOOG",2021-10-01,0.25388102407724
"GOOG",2021-10-08,0.248124789077049
"GOOG",2021-10-15,0.25472221412634
"GOOG",2021-10-22,0.254656392571992
"GOOG",2021-11-01,0.254463968368763
"GOOG",2021-11-08,0.255232633688526
"GOOG",2021-11-15,0.255479579726662
"GOOG",2021-11-22,0.251452675384172
"GOOG",2021-11-30,0.254030456186047
"GOOG",2021-12-07,0.252210713520123
"GOOG",2021-12-14,0.249955736127188
"GOOG",2021-12-21,0.260324156314758
"GOOG",2021-12-30,0.260241335028159
"GOOG",2022-01-06,0.257363505412044
"GOOG",2022-01-13,0.255027582163894
"GOOG",2022-01-21,0.250465433119103
"GOOG",2022-01-28,0.265232151555362
"GOOG",2022-02-04,0.266573174165377
"GOOG",2022-02-11,0.267415947212575
"GOOG",2022-02-18,0.26109597469252
"GOOG",2022-02-28,0.264469847262996
"GOOG",2022-03-07,0.264665658699199
"GOOG",2022-03-14,0.275051046864107
"GOOG",2022-03-21,0.263467880576038
"GOOG",2022-03-28,0.268968875261438
"GOOG",2022-04-04,0.272433133848017
"GOOG",2022-04-11,0.274747661701328
"GOOG",2022-04-19,0.277588470492136
"GOOG",2022-04-26,0.279936372848119
"GOOG",2022-05-03,0.278913209481219
"GOOG",2022-05-10,0.277483984579398
"GOOG",2022-05-18,0.275650197611576
"GOOG",2022-05-25,0.266286733383918
"GOOG",2022-06-02,0.271856824813107
"GOOG",2022-06-09,0.266147341254991
"GOOG",2022-06-16,0.265422770007757
"GOOG",2022-06-24,0.260430568326897
"GOOG",2022-07-01,0.25898539801589
"GOOG",2022-07-11,0.259593028245365
"GOOG",2022-07-18,0.254075608232367
"GOOG",2022-07-25,0.253534040209365
"GOOG",2022-08-01,0.251635990848697
"GOOG",2022-08-08,0.25306557422778
"GOOG",2022-08-15,0.249334290195442
"GOOG",2022-08-22,0.250168615806614
"GOOG",2022-08-29,0.255072067385614
"GOOG",2022-09-06,0.255110159219388
"GOOG",2022-09-14,0.260883536634944
"GOOG",2022-09-21,0.231879086275695
"GOOG",2022-09-28,0.231795560442371
"GOOG",2022-10-06,0.230336649593714
"GOOG",2022-10-13,0.229941589324887
"GOOG",2022-10-20,0.238066370129578
"GOOG",2022-10-27,0.234367652967702
"GOOG",2022-11-03,0.220088203401388
"GOOG",2022-11-10,0.221307590442186
"GOOG",2022-11-17,0.221326448765926
"GOOG",2022-11-25,0.204747711441874
"GOOG",2022-12-02,0.213561983991447
"GOOG",2022-12-12,0.212404107208713
"GOOG",2022-12-19,0.215396831605646
"GOOG",2022-12-27,0.211179672560594
"GOOG",2023-01-05,0.215407086785398
"GOOG",2023-01-12,0.201872537014625
"GOOG",2023-01-23,0.200134904197339
"GOOG",2023-01-30,0.205857448354317
"GOOG",2023-02-06,0.199105455099877
"GOOG",2023-02-13,0.207376978875743
"GOOG",2023-02-21,0.212824533443218
"GOOG",2023-02-28,0.217859391627496
"GOOG",2023-03-07,0.219141441364547
"GOOG",2023-03-14,0.206900315048686
"GOOG",2023-03-21,0.201815277356876
"GOOG",2023-03-28,0.197220417385409
"GOOG",2023-04-04,0.198414330986846
"GOOG",2023-04-12,0.197741600072171
"GOOG",2023-04-19,0.196399249600901
"GOOG",2023-04-26,0.198854432333767
"GOOG",2023-05-03,0.204530019233018
"GOOG",2023-05-10,0.213098784111658
"GOOG",2023-05-17,0.213788464147857
"GOOG",2023-05-24,0.209982556267921
"GOOG",2023-06-01,0.209339451876069
"GOOG",2023-06-08,0.216702030371739
"GOOG",2023-06-15,0.216578410193858
"GOOG",2023-06-27,0.219627662765514
"GOOG",2023-07-05,0.220455947582993
"GOOG",2023-07-12,0.218688831374733
"GOOG",2023-07-19,0.215665632369825
"GOOG",2023-07-26,0.210331006239125
"GOOG",2023-08-02,0.217464906565511
"GOOG",2023-08-09,0.220782727827979
"GOOG",2023-08-17,0.213048188720556
"GOOG",2023-08-24,0.216558637432347
"GOOG",2023-08-31,0.213607783557477
"GOOG",2023-09-08,0.209658247877578
"GOOG",2023-09-15,0.212149328498684
"GOOG",2023-09-22,0.213870795431782
"GOOG",2023-10-02,0.212107932497041
"GOOG",2023-10-09,0.208460097104003
"GOOG",2023-10-16,0.199456327429909
"GOOG",2023-10-23,0.201757525729058
"GOOG",2023-10-30,0.213687388712313
"GOOG",2023-11-06,0.215916978639999
"GOOG",2023-11-13,0.212940698061031
"GOOG",2023-11-20,0.216005899907501
"GOOG",2023-11-28,0.210914905963964
"GOOG",2023-12-05,0.212067580931251
"GOOG",2023-12-12,0.206051428925228
"GOOG",2023-12-20,0.207197402672456
"GOOG",2023-12-28,0.199493606481371
"GOOG",2024-01-05,0.2048412736829
"GOOG",2024-01-12,0.193603979011659
"GOOG",2024-01-22,0.193319265304409
"GOOG",2024-01-29,0.194617114084216
"GOOG",2024-02-05,0.183090055725413
"GOOG",2024-02-12,0.180212145764247
"GOOG",2024-02-20,0.173250772754482
"GOOG",2024-02-27,0.168907870005997
"GOOG",2024-03-05,0.157347833543447
"GOOG",2024-03-12,0.160610001582391
"GOOG",2024-03-20,0.158656183050793
"GOOG",2024-03-27,0.157599959530937
"GOOG",2024-04-04,0.155852429560571
"GOOG",2024-04-12,0.155741271824991
"GOOG",2024-04-19,0.154973811300915
"GOOG",2024-04-26,0.16325649733162
"GOOG",2024-05-03,0.160255997146929
"GOOG",2024-05-10,0.155813521146944
"GOOG",2024-05-17,0.169841547462971
"GOOG",2024-05-24,0.170607038061204
"GOOG",2024-06-03,0.170643103199998
"GOOG",2024-06-11,0.174350217364941
"GOOG",2024-06-18,0.163873189814381
"GOOG",2024-06-26,0.16575407189084
"GOOG",2024-07-03,0.164384996127591
"GOOG",2024-07-11,0.166979102809619
"GOOG",2024-07-18,0.172917669786385
"GOOG",2024-07-25,0.180855567263276
"GOOG",2024-08-01,0.181420041358958
"GOOG",2024-08-08,0.18884712033833
"GOOG",2024-08-15,0.190308388916055
"GOOG",2024-08-22,0.191753865339976
"GOOG",2024-08-29,0.196213476430083
"GOOG",2024-09-06,0.194852719532867
"GOOG",2024-09-13,0.194980495299
"GOOG",2024-09-20,0.195378802545041
"GOOG",2024-09-27,0.19348285453561
"GOOG",2024-10-04,0.189590224878692
"GOOG",2024-10-14,0.191916930733893
"GOOG",2024-10-21,0.187459257578973
"GOOG",2024-10-28,0.186035782986884
"GOOG",2024-11-04,0.185172692709578
"GOOG",2024-11-12,0.190316147359968
"GOOG",2024-11-19,0.188781263396753
"GOOG",2024-11-26,0.201277527539471
"GOOG",2024-12-04,0.203825265558685
"GOOG",2024-12-11,0.213983285336927
"GOOG",2024-12-18,0.22175765739444
"GOOG",2024-12-26,0.227911727299504
"GOOG",2025-01-03,0.224652341804438
"GOOG",2025-01-13,0.227840514269241
"MSFT",2016-03-29,0.27162201552447
"MSFT",2016-04-05,0.264047277068034
"MSFT",2016-04-12,0.26731863810617
"MSFT",2016-04-19,0.267845620931297
"MSFT",2016-04-26,0.254359571381989
"MSFT",2016-05-03,0.250958614619245
"MSFT",2016-05-10,0.244502460848514
"MSFT",2016-05-17,0.245925969931426
"MSFT",2016-05-24,0.253874376464488
"MSFT",2016-06-01,0.249860194546614
"MSFT",2016-06-08,0.249220295008299
"MSFT",2016-06-15,0.251125472582744
"MSFT",2016-06-22,0.249605438599022
"MSFT",2016-06-29,0.255548963185679
"MSFT",2016-07-07,0.26708923375699
"MSFT",2016-07-14,0.267364741848131
"MSFT",2016-07-21,0.261544217348499
"MSFT",2016-07-28,0.270903737047191
"MSFT",2016-08-04,0.275623781094886
"MSFT",2016-08-11,0.273026765111135
"MSFT",2016-08-18,0.274199517587615
"MSFT",2016-08-25,0.273225974692447
"MSFT",2016-09-01,0.269351049102041
"MSFT",2016-09-09,0.274342832526254
"MSFT",2016-09-16,0.284475187772156
"MSFT",2016-09-23,0.293117601797072
"MSFT",2016-09-30,0.28666885177999
"MSFT",2016-10-07,0.284981944308271
"MSFT",2016-10-14,0.283289868934173
"MSFT",2016-10-21,0.274963413470254
"MSFT",2016-10-28,0.270260719444102
"MSFT",2016-11-04,0.25975381799794
"MSFT",2016-11-11,0.268803534450563
"MSFT",2016-11-18,0.273043091084098
"MSFT",2016-11-28,0.277314708166655
"MSFT",2016-12-05,0.278341823996061
"MSFT",2016-12-12,0.276125549338973
"MSFT",2016-12-19,0.279045161836552
"MSFT",2016-12-27,0.280398915918572
"MSFT",2017-01-04,0.280306924907967
"MSFT",2017-01-11,0.27852026461361
"MSFT",2017-01-19,0.278551907958793
"MSFT",2017-01-26,0.280140503682257
"MSFT",2017-02-02,0.282635641233379
"MSFT",2017-02-09,0.283584502525644
"MSFT",2017-02-16,0.284568739464482
"MSFT",2017-02-24,0.28733601863207
"MSFT",2017-03-03,0.288224694356282
"MSFT",2017-03-10,0.291994318533837
"MSFT",2017-03-17,0.300223009693673
"MSFT",2017-03-24,0.29795496711172
"MSFT",2017-03-31,0.291925857243656
"MSFT",2017-04-07,0.29035356997752
"MSFT",2017-04-17,0.28865445939746
"MSFT",2017-04-24,0.281597036890524
"MSFT",2017-05-01,0.273573708790361
"MSFT",2017-05-08,0.279471341636859
"MSFT",2017-05-15,0.277020347704941
"MSFT",2017-05-22,0.280961186821804
"MSFT",2017-05-30,0.28025870561787
"MSFT",2017-06-06,0.280698060985551
"MSFT",2017-06-13,0.283592687671736
"MSFT",2017-06-20,0.289778347611231
"MSFT",2017-06-27,0.291060361501188
"MSFT",2017-07-05,0.283709545339592
"MSFT",2017-07-12,0.278882601991987
"MSFT",2017-07-19,0.27967581003681
"MSFT",2017-07-26,0.276053766416779
"MSFT",2017-08-02,0.268228355007971
"MSFT",2017-08-09,0.269920726199304
"MSFT",2017-08-16,0.26918711151876
"MSFT",2017-08-23,0.262641658310219
"MSFT",2017-08-30,0.251816731379916
"MSFT",2017-09-07,0.257252811618269
"MSFT",2017-09-14,0.255770849216878
"MSFT",2017-09-21,0.253490579905784
"MSFT",2017-09-28,0.253748161498351
"MSFT",2017-10-05,0.252387814837982
"MSFT",2017-10-12,0.246332574809579
"MSFT",2017-10-19,0.244539713658687
"MSFT",2017-10-26,0.233750780617476
"MSFT",2017-11-02,0.234370251629954
"MSFT",2017-11-09,0.234062195011286
"MSFT",2017-11-16,0.232962367488577
"MSFT",2017-11-24,0.227256795670854
"MSFT",2017-12-01,0.229769107956484
"MSFT",2017-12-08,0.233456456485119
"MSFT",2017-12-15,0.234594331944344
"MSFT",2017-12-22,0.233183145462782
"MSFT",2018-01-02,0.224916328787825
"MSFT",2018-01-09,0.226361662621396
"MSFT",2018-01-17,0.23040855985518
"MSFT",2018-01-24,0.233984828248815
"MSFT",2018-01-31,0.236217461762031
"MSFT",2018-02-07,0.242108132713225
"MSFT",2018-02-14,0.253392146991179
"MSFT",2018-02-22,0.25244490400633
"MSFT",2018-03-01,0.251699315594067
"MSFT",2018-03-08,0.257182293769471
"MSFT",2018-03-15,0.260016877367276
"MSFT",2018-03-22,0.262424074618006
"MSFT",2018-03-29,0.260215655260328
"MSFT",2018-04-06,0.259931272530094
"MSFT",2018-04-13,0.255183849929314
"MSFT",2018-04-20,0.262032956420561
"MSFT",2018-04-27,0.258461877758875
"MSFT",2018-05-04,0.256102923746423
"MSFT",2018-05-11,0.259098324775452
"MSFT",2018-05-18,0.254877404347673
"MSFT",2018-05-25,0.254408729932565
"MSFT",2018-06-04,0.252769548065819
"MSFT",2018-06-11,0.250080783128989
"MSFT",2018-06-18,0.246567960502085
"MSFT",2018-06-25,0.238245168732273
"MSFT",2018-07-02,0.239409627610675
"MSFT",2018-07-10,0.240040109133192
"MSFT",2018-07-17,0.239949899822933
"MSFT",2018-07-24,0.237222632127257
"MSFT",2018-07-31,0.233913084962167
"MSFT",2018-08-07,0.236449341343874
"MSFT",2018-08-14,0.233002608605646
"MSFT",2018-08-21,0.228929891400575
"MSFT",2018-08-28,0.232314961246671
"MSFT",2018-09-05,0.236575247199502
"MSFT",2018-09-12,0.231589218075168
"MSFT",2018-09-19,0.231524149669409
"MSFT",2018-09-26,0.236437484399537
"MSFT",2018-10-03,0.239189467436962
"MSFT",2018-10-10,0.244562110403897
"MSFT",2018-10-17,0.257527391839425
"MSFT",2018-10-24,0.256765052576108
"MSFT",2018-10-31,0.262126565314226
"MSFT",2018-11-07,0.272335928790527
"MSFT",2018-11-14,0.257788121248263
"MSFT",2018-11-21,0.248922920861096
"MSFT",2018-11-29,0.259811880229232
"MSFT",2018-12-07,0.264137117047588
"MSFT",2018-12-14,0.264691368398166
"MSFT",2018-12-21,0.265150301354573
"MSFT",2018-12-31,0.269506450665596
"MSFT",2019-01-08,0.272703517230055
"MSFT",2019-01-15,0.269227179378074
"MSFT",2019-01-23,0.26875109406435
"MSFT",2019-01-30,0.263928435716902
"MSFT",2019-02-06,0.26616169697761
"MSFT",2019-02-13,0.26462367746622
"MSFT",2019-02-21,0.267908912748258
"MSFT",2019-02-28,0.267903281828078
"MSFT",2019-03-07,0.266861769256827
"MSFT",2019-03-14,0.267848021653664
"MSFT",2019-03-21,0.253854655608304
"MSFT",2019-03-28,0.256869841651867
"MSFT",2019-04-04,0.259481330056576
"MSFT",2019-04-11,0.258660212827035
"MSFT",2019-04-18,0.260697705416374
"MSFT",2019-04-26,0.255971974494396
"MSFT",2019-05-03,0.271751036637524
"MSFT",2019-05-10,0.274427195605449
"MSFT",2019-05-17,0.274520902436551
"MSFT",2019-05-24,0.272696045605
"MSFT",2019-06-03,0.273190910518005
"MSFT",2019-06-10,0.273718142302097
"MSFT",2019-06-17,0.26876357391438
"MSFT",2019-06-24,0.26776848368841
"MSFT",2019-07-01,0.26468237532674
"MSFT",2019-07-09,0.269229695553166
"MSFT",2019-07-16,0.271043362253161
"MSFT",2019-07-23,0.272537378326821
"MSFT",2019-07-30,0.277363766410445
"MSFT",2019-08-06,0.287295065974413
"MSFT",2019-08-13,0.277890769069393
"MSFT",2019-08-20,0.282353197099867
"MSFT",2019-08-27,0.280485858470939
"MSFT",2019-09-04,0.279042552884716
"MSFT",2019-09-11,0.279954019106777
"MSFT",2019-09-18,0.282031140808891
"MSFT",2019-09-25,0.275213742382349
"MSFT",2019-10-02,0.273637356256904
"MSFT",2019-10-09,0.270419850460045
"MSFT",2019-10-16,0.274594528583614
"MSFT",2019-10-23,0.275898378507461
"MSFT",2019-10-30,0.286980600773246
"MSFT",2019-11-06,0.282902460287406
"MSFT",2019-11-13,0.286150314201556
"MSFT",2019-11-20,0.289219539473979
"MSFT",2019-11-27,0.290670127807823
"MSFT",2019-12-05,0.295673565855558
"MSFT",2019-12-12,0.288059253885197
"MSFT",2019-12-19,0.296228437997157
"MSFT",2019-12-27,0.30002947103986
"MSFT",2020-01-06,0.309356564003545
"MSFT",2020-01-13,0.309743909210021
"MSFT",2020-01-21,0.309148095069993
"MSFT",2020-01-28,0.303677106872435
"MSFT",2020-02-04,0.312748401270715
"MSFT",2020-02-11,0.296579118335578
"MSFT",2020-02-19,0.294643004440332
"MSFT",2020-02-26,0.297434363697156
"MSFT",2020-03-04,0.278652149517247
"MSFT",2020-03-11,0.284171831911675
"MSFT",2020-03-18,0.27728635138189
"MSFT",2020-03-25,0.278906306658425
"MSFT",2020-04-01,0.283744044089271
"MSFT",2020-04-08,0.286288592479595
"MSFT",2020-04-16,0.286318978978624
"MSFT",2020-04-23,0.274767256970229
"MSFT",2020-04-30,0.282785306064511
"MSFT",2020-05-07,0.284232057558897
"MSFT",2020-05-14,0.284891949040015
"MSFT",2020-05-21,0.296548236577303
"MSFT",2020-05-29,0.297060062461852
"MSFT",2020-06-05,0.297971340801362
"MSFT",2020-06-12,0.303511420276284
"MSFT",2020-06-19,0.307608561013173
"MSFT",2020-06-26,0.308932340161007
"MSFT",2020-07-06,0.308403675529083
"MSFT",2020-07-13,0.304832693827063
"MSFT",2020-07-20,0.312454328150665
"MSFT",2020-07-27,0.309332968112865
"MSFT",2020-08-03,0.312477131896376
"MSFT",2020-08-10,0.311374035310648
"MSFT",2020-08-17,0.317044646969123
"MSFT",2020-08-24,0.31779017565274
"MSFT",2020-08-31,0.312826588480409
"MSFT",2020-09-08,0.320810806025381
"MSFT",2020-09-15,0.327061106333998
"MSFT",2020-09-22,0.326322340795507
"MSFT",2020-09-29,0.327997928965614
"MSFT",2020-10-06,0.306662100663674
"MSFT",2020-10-13,0.302959680529073
"MSFT",2020-10-20,0.29928215204805
"MSFT",2020-10-27,0.294501425360664
"MSFT",2020-11-03,0.287291014273757
"MSFT",2020-11-10,0.28601781842266
"MSFT",2020-11-17,0.285781486609511
"MSFT",2020-11-24,0.282325198509599
"MSFT",2020-12-02,0.278654261634659
"MSFT",2020-12-09,0.275905035489642
"MSFT",2020-12-17,0.275135372762098
"MSFT",2020-12-24,0.276268688183182
"MSFT",2021-01-04,0.273158586675333
"MSFT",2021-01-11,0.27931730819024
"MSFT",2021-01-19,0.279766556940117
"MSFT",2021-01-26,0.278014638986053
"MSFT",2021-02-02,0.276613749370615
"MSFT",2021-02-09,0.276648783908342
"MSFT",2021-02-18,0.271793332693306
"MSFT",2021-02-25,0.270556741056825
"MSFT",2021-03-04,0.269743627264094
"MSFT",2021-03-11,0.270953367177016
"MSFT",2021-03-18,0.276418470476416
"MSFT",2021-03-26,0.28342631932975
"MSFT",2021-04-05,0.282690925453494
"MSFT",2021-04-13,0.282118931011266
"MSFT",2021-04-20,0.280502507457283
"MSFT",2021-04-27,0.278769159259856
"MSFT",2021-05-04,0.272506009408657
"MSFT",2021-05-11,0.265613688642535
"MSFT",2021-05-19,0.263433544146231
"MSFT",2021-05-26,0.258674033277937
"MSFT",2021-06-03,0.259720027283241
"MSFT",2021-06-10,0.258119366905652
"MSFT",2021-06-17,0.256375877511563
"MSFT",2021-06-24,0.255799879332288
"MSFT",2021-07-01,0.256099113267371
"MSFT",2021-07-09,0.250282415887525
"MSFT",2021-07-16,0.254411639715706
"MSFT",2021-07-23,0.25085313805012
"MSFT",2021-07-30,0.249514730358398
"MSFT",2021-08-06,0.243735027703585
"MSFT",2021-08-13,0.246668940569017
"MSFT",2021-08-20,0.255837817060287
"MSFT",2021-08-27,0.251844376864658
"MSFT",2021-09-03,0.25003623993621
"MSFT",2021-09-13,0.252490816837659
"MSFT",2021-09-20,0.252132368379651
"MSFT",2021-09-27,0.25094611788905
"MSFT",2021-10-04,0.259211810945615
"MSFT",2021-10-11,0.25467955260812
"MSFT",2021-10-18,0.258219226048967
"MSFT",2021-10-25,0.258127606229537
"MSFT",2021-11-02,0.261676829495167
"MSFT",2021-11-09,0.259522850999822
"MSFT",2021-11-16,0.261691428839525
"MSFT",2021-11-23,0.262458211988586
"MSFT",2021-12-01,0.255438239510677
"MSFT",2021-12-08,0.250206630785546
"MSFT",2021-12-15,0.253797076012655
"MSFT",2021-12-22,0.250879424865022
"MSFT",2021-12-31,0.252238589588422
"MSFT",2022-01-07,0.244054166919994
"MSFT",2022-01-14,0.243592423119143
"MSFT",2022-01-24,0.249769986514729
"MSFT",2022-01-31,0.250882779281166
"MSFT",2022-02-07,0.243793025665111
"MSFT",2022-02-14,0.249529054036728
"MSFT",2022-02-22,0.252156068714024
"MSFT",2022-03-01,0.243708069394536
"MSFT",2022-03-08,0.23089591367682
"MSFT",2022-03-15,0.249677395011721
"MSFT",2022-03-22,0.247362082312261
"MSFT",2022-03-29,0.246494306209579
"MSFT",2022-04-05,0.245359627683052
"MSFT",2022-04-12,0.249387434276028
"MSFT",2022-04-20,0.251292316071587
"MSFT",2022-04-27,0.246338512279803
"MSFT",2022-05-04,0.2528539866705
"MSFT",2022-05-11,0.251482578194858
"MSFT",2022-05-19,0.246345786943857
"MSFT",2022-05-26,0.236857181056757
"MSFT",2022-06-03,0.244062741376944
"MSFT",2022-06-10,0.250273217861946
"MSFT",2022-06-17,0.246558311126712
"MSFT",2022-06-27,0.235263974189083
"MSFT",2022-07-05,0.23506975098196
"MSFT",2022-07-12,0.236442933626723
"MSFT",2022-07-19,0.240834092269295
"MSFT",2022-07-26,0.238691034265077
"MSFT",2022-08-02,0.235793919192824
"MSFT",2022-08-09,0.233796916344689
"MSFT",2022-08-16,0.230707316454978
"MSFT",2022-08-23,0.22968743065425
"MSFT",2022-08-30,0.228788456017666
"MSFT",2022-09-08,0.23020523372088
"MSFT",2022-09-15,0.239237141441684
"MSFT",2022-09-22,0.212430864300127
"MSFT",2022-09-29,0.205485303411946
"MSFT",2022-10-07,0.207000007107641
"MSFT",2022-10-14,0.205451705642485
"MSFT",2022-10-21,0.233363374305566
"MSFT",2022-10-28,0.226605926215946
"MSFT",2022-11-04,0.216212417656285
"MSFT",2022-11-11,0.223970983352687
"MSFT",2022-11-18,0.227752108127062
"MSFT",2022-11-28,0.211082597156746
"MSFT",2022-12-06,0.214516158375792
"MSFT",2022-12-13,0.201790771159666
"MSFT",2022-12-20,0.212746373244187
"MSFT",2022-12-29,0.21408307321618
"MSFT",2023-01-06,0.213604588843567
"MSFT",2023-01-17,0.197069329948456
"MSFT",2023-01-24,0.189162202500958
"MSFT",2023-01-31,0.192127292051586
"MSFT",2023-02-07,0.187839462612482
"MSFT",2023-02-14,0.195014721929322
"MSFT",2023-02-22,0.187967750292061
"MSFT",2023-03-01,0.189674851420321
"MSFT",2023-03-08,0.192865697221603
"MSFT",2023-03-15,0.184965850895163
"MSFT",2023-03-22,0.176161740583011
"MSFT",2023-03-29,0.183477663155963
"MSFT",2023-04-05,0.178433726394796
"MSFT",2023-04-13,0.175784394132287
"MSFT",2023-04-20,0.178624933512931
"MSFT",2023-04-27,0.180865447003793
"MSFT",2023-05-04,0.179519496795792
"MSFT",2023-05-11,0.188025975959561
"MSFT",2023-05-18,0.192745447862209
"MSFT",2023-05-25,0.189175071698508
"MSFT",2023-06-02,0.201968299413984
"MSFT",2023-06-09,0.200611666518858
"MSFT",2023-06-16,0.204776807762062
"MSFT",2023-06-28,0.204191191300304
"MSFT",2023-07-06,0.210305824516826
"MSFT",2023-07-13,0.199347052237952
"MSFT",2023-07-20,0.183313987741742
"MSFT",2023-07-27,0.180997039022223
"MSFT",2023-08-03,0.195637714210627
"MSFT",2023-08-10,0.188508392027821
"MSFT",2023-08-18,0.18687747873089
"MSFT",2023-08-25,0.188824743142099
"MSFT",2023-09-01,0.187153122465609
"MSFT",2023-09-11,0.184516896527772
"MSFT",2023-09-18,0.184668034873424
"MSFT",2023-09-26,0.187269795208383
"MSFT",2023-10-03,0.187607185844579
"MSFT",2023-10-10,0.186533205229868
"MSFT",2023-10-17,0.18060356656347
"MSFT",2023-10-24,0.183408330761409
"MSFT",2023-10-31,0.191427904261599
"MSFT",2023-11-07,0.188206545585587
"MSFT",2023-11-14,0.180075955953337
"MSFT",2023-11-21,0.186528523521084
"MSFT",2023-11-29,0.190762757194526
"MSFT",2023-12-06,0.189610468270496
"MSFT",2023-12-13,0.186736336871269
"MSFT",2023-12-21,0.194188668673673
"MSFT",2023-12-29,0.192316871142341
"MSFT",2024-01-08,0.204620526886058
"MSFT",2024-01-16,0.199435137231684
"MSFT",2024-01-23,0.192158901567039
"MSFT",2024-01-30,0.193566024487306
"MSFT",2024-02-06,0.194463888847289
"MSFT",2024-02-13,0.190733132985171
"MSFT",2024-02-21,0.184609049899243
"MSFT",2024-02-28,0.184669944234148
"MSFT",2024-03-06,0.182459230715689
"MSFT",2024-03-13,0.173857833674362
"MSFT",2024-03-21,0.181358247084999
"MSFT",2024-03-28,0.180346106441378
"MSFT",2024-04-05,0.182397114942094
"MSFT",2024-04-15,0.178598222437947
"MSFT",2024-04-22,0.177431916751041
"MSFT",2024-04-29,0.183437418574044
"MSFT",2024-05-06,0.187416177213265
"MSFT",2024-05-13,0.187934968002483
"MSFT",2024-05-20,0.191981569773752
"MSFT",2024-05-28,0.193625655719823
"MSFT",2024-06-04,0.196115349577827
"MSFT",2024-06-11,0.203140920892472
"MSFT",2024-06-18,0.195489814302797
"MSFT",2024-06-26,0.196272092862152
"MSFT",2024-07-03,0.193755064989043
"MSFT",2024-07-11,0.201996974313127
"MSFT",2024-07-18,0.205184957037452
"MSFT",2024-07-25,0.205339531003757
"MSFT",2024-08-01,0.212196554765044
"MSFT",2024-08-08,0.213746407693131
"MSFT",2024-08-15,0.21690566012437
"MSFT",2024-08-22,0.219248619807579
"MSFT",2024-08-29,0.221221474461925
"MSFT",2024-09-06,0.218857701310556
"MSFT",2024-09-13,0.220514803825074
"MSFT",2024-09-20,0.224658003136079
"MSFT",2024-09-27,0.220953425342285
"MSFT",2024-10-04,0.223053356125873
"MSFT",2024-10-14,0.226831228142025
"MSFT",2024-10-21,0.223746301544902
"MSFT",2024-10-28,0.224579171850684
"MSFT",2024-11-04,0.23042541043076
"MSFT",2024-11-11,0.228065586301849
"MSFT",2024-11-18,0.241037856341042
"MSFT",2024-11-25,0.252403053154664
"MSFT",2024-12-03,0.251179802234741
"MSFT",2024-12-10,0.250246789584702
"MSFT",2024-12-17,0.253016310246552
"MSFT",2024-12-24,0.267810320837746
"MSFT",2025-01-02,0.270036460353941
"MSFT",2025-01-10,0.277905820076663
