"dgp","model","h","n_requested","n_success","n_failed","n_not_applicable","MSFE","RMSFE","MCSE_MSFE","MSFE_log","RMSFE_log","MCSE_MSFE_log","QLIKE","MCSE_QLIKE"
"mfBm","mfBm_estimated",1,30,30,0,0,0.00456793763446092,0.0675865196208602,0.00253732707261376,0.0621320259850756,0.249262965530533,0.0195248890361988,0.0312711285625713,0.00910569742911223
"mfBm","mfBm_estimated",10,30,30,0,0,0.00704017326202046,0.0839057403401011,0.0018900169683835,0.106312757016839,0.326056370918954,0.015905008882509,0.0540608724215344,0.0102181901408281
"mfBm","mfBm_estimated",15,30,30,0,0,0.0153609841340057,0.1239394373636,0.00479385394613291,0.271149387491068,0.520720066341857,0.0573175790372866,0.133046252424353,0.0282573095432353
"mfBm","mfBm_estimated",2,30,30,0,0,0.0156120619436851,0.124948237057131,0.00822347345927069,0.0996961023239752,0.315746895984704,0.0197747493611382,0.0495773920474743,0.00958438439659036
"mfBm","mfBm_estimated",20,30,30,0,0,0.0113348261779731,0.106465140670424,0.00279666819408658,0.269404360485265,0.519041771426216,0.0530854422330235,0.126233706219355,0.0255589578423848
"mfBm","mfBm_estimated",3,30,30,0,0,0.00911409671298971,0.0954677784018761,0.00451702579990342,0.0902441437613249,0.300406630688014,0.0304869299190298,0.0483385576007439,0.0180258949510438
"mfBm","mfBm_estimated",4,30,30,0,0,0.0173898138322238,0.131870443360989,0.00695558127706921,0.136718320812728,0.369754406076153,0.0285135964986105,0.0680287106353405,0.0140066635466389
"mfBm","mfBm_estimated",5,30,30,0,0,0.0432606893452516,0.207992041543064,0.0354457043041629,0.165510675325391,0.40683003247719,0.0475521436785911,0.0825060940702717,0.0253421791906062
"mfBm","mfBm_known_driver",1,30,30,0,0,0.00483570299001945,0.0695392190782974,0.0027023342817928,0.0638541930481697,0.252693872201464,0.0197186665813267,0.0321300427809075,0.00919862903038915
"mfBm","mfBm_known_driver",10,30,30,0,0,0.0079720236662574,0.089286189672633,0.00229672356095545,0.108495523678304,0.329386586973885,0.015573617563931,0.0545002763128863,0.00954633170398602
"mfBm","mfBm_known_driver",15,30,30,0,0,0.0176591265355225,0.132887646286337,0.00524419904869575,0.279387044509033,0.528570756388426,0.0594722323434299,0.141792525199236,0.0298470366854643
"mfBm","mfBm_known_driver",2,30,30,0,0,0.0156542831240554,0.125117077667501,0.00802367505599234,0.101836441706693,0.31911822528131,0.0198283359771789,0.0502219128861961,0.00944649025699438
"mfBm","mfBm_known_driver",20,30,30,0,0,0.0143686085546901,0.119869130949924,0.00437936212172686,0.270899180182161,0.52047975962775,0.0513974371440164,0.12962035271062,0.0245390423300054
"mfBm","mfBm_known_driver",3,30,30,0,0,0.00954091499415289,0.097677607434626,0.00478232111211715,0.0917306030363374,0.302870604444105,0.0287839401505448,0.0479754856523118,0.0161594365670942
"mfBm","mfBm_known_driver",4,30,30,0,0,0.0179109543316356,0.133831813600637,0.00701456527592554,0.141158014321553,0.375710013602982,0.0294126202864975,0.0694581712782769,0.0141961127233894
"mfBm","mfBm_known_driver",5,30,30,0,0,0.0431221901247433,0.207658831078149,0.0341852987937634,0.173088181082147,0.416038677387268,0.0479537446319641,0.0854498418712449,0.0244408772671503
"mfBm","mfOU_estimated",1,30,30,0,0,0.00495880456715362,0.0704187799322995,0.00289245072232985,0.0643966468747452,0.253764944140725,0.0198250308175284,0.0320879698021028,0.00910926268881056
"mfBm","mfOU_estimated",10,30,30,0,0,0.00848849142543298,0.0921330094235121,0.00257290874028874,0.108309846582671,0.329104613432675,0.0156138293657824,0.0550067916609717,0.00940387860395064
"mfBm","mfOU_estimated",15,30,30,0,0,0.0177378183109723,0.133183401033959,0.00518792137956432,0.284894727060559,0.533755306353538,0.0627262606700983,0.145715712003471,0.0328671659177537
"mfBm","mfOU_estimated",2,30,30,0,0,0.0164696320784837,0.128334064372962,0.00837180967929865,0.103812772666872,0.322199895510337,0.0208824120600208,0.0512607162098258,0.00985914776858654
"mfBm","mfOU_estimated",20,30,30,0,0,0.0161713382435471,0.12716657675485,0.00573758080560614,0.277290443522313,0.526583747871421,0.0527938124916455,0.133477658464018,0.0256275377116408
"mfBm","mfOU_estimated",3,30,30,0,0,0.0101706106745065,0.100849445583535,0.0051516602683456,0.0956753717799974,0.309314357539377,0.0299479309211007,0.0501821261178243,0.0171040202833455
"mfBm","mfOU_estimated",4,30,30,0,0,0.0190369207580746,0.13797434818862,0.00770086832726454,0.147526266386198,0.384091481793332,0.0303391413687684,0.0732790220337346,0.0148869112604144
"mfBm","mfOU_estimated",5,30,30,0,0,0.0434484131881535,0.208442829543627,0.0340491689836005,0.174391049210686,0.417601543592317,0.0479491631873514,0.0861037369988339,0.0242476020732087
"mfBm","mfOU_known",1,30,0,0,30,NA,NA,NA,NA,NA,NA,NA,NA
"mfBm","mfOU_known",10,30,0,0,30,NA,NA,NA,NA,NA,NA,NA,NA
"mfBm","mfOU_known",15,30,0,0,30,NA,NA,NA,NA,NA,NA,NA,NA
"mfBm","mfOU_known",2,30,0,0,30,NA,NA,NA,NA,NA,NA,NA,NA
"mfBm","mfOU_known",20,30,0,0,30,NA,NA,NA,NA,NA,NA,NA,NA
"mfBm","mfOU_known",3,30,0,0,30,NA,NA,NA,NA,NA,NA,NA,NA
"mfBm","mfOU_known",4,30,0,0,30,NA,NA,NA,NA,NA,NA,NA,NA
"mfBm","mfOU_known",5,30,0,0,30,NA,NA,NA,NA,NA,NA,NA,NA
"mfOU_fast","mfBm_estimated",1,30,30,0,0,0.00215167887373641,0.0463861927057654,0.000479399085442323,0.132026574007819,0.363354611925896,0.0378095313969496,0.0635813568166256,0.0158190049212012
"mfOU_fast","mfBm_estimated",10,30,30,0,0,0.00529767587732858,0.0727851350024755,0.00192294761153377,0.154264374256639,0.392765036958025,0.0424700103029202,0.085932996736414,0.0213757069469802
"mfOU_fast","mfBm_estimated",15,30,30,0,0,0.00712205863941497,0.0843922901657193,0.00226306687787571,0.258154873728906,0.508089434773945,0.0671323269657797,0.130558025448923,0.0293805728841765
"mfOU_fast","mfBm_estimated",2,30,30,0,0,0.00258579689497705,0.0508507315087703,0.000614704390898397,0.143597992086922,0.37894325708069,0.0396009700959462,0.0684701145183299,0.0172745175138317
"mfOU_fast","mfBm_estimated",20,30,30,0,0,0.00663555817270199,0.0814589354994404,0.00181748238730126,0.231217168144272,0.48085046339197,0.0663092412282606,0.125886937407174,0.0295119389061363
"mfOU_fast","mfBm_estimated",3,30,30,0,0,0.0023167453893838,0.0481325813704584,0.000690870296649327,0.123142024437564,0.350915979171032,0.0380383849573455,0.0606828307441986,0.0167383853916998
"mfOU_fast","mfBm_estimated",4,30,30,0,0,0.00272704946320651,0.052221159152268,0.000779554755412691,0.123379161419166,0.351253699509579,0.0337101048735729,0.063045344227813,0.015849703319193
"mfOU_fast","mfBm_estimated",5,30,30,0,0,0.00425611877051061,0.065238936000755,0.00118027175294447,0.193665177645704,0.440074059273781,0.0467857358302585,0.0959078200678083,0.0210211394892972
"mfOU_fast","mfBm_known_driver",1,30,30,0,0,0.00215087673941185,0.0463775456380763,0.000469170186885961,0.133082047510366,0.364804122112629,0.0372672529390346,0.0633770069041268,0.0154772518220187
"mfOU_fast","mfBm_known_driver",10,30,30,0,0,0.00484712688236188,0.069621310547575,0.00164972339354629,0.15577795299683,0.394687158388551,0.0411095508020827,0.082474492154385,0.0195391123352878
"mfOU_fast","mfBm_known_driver",15,30,30,0,0,0.00635015994089064,0.07968789080463,0.00192556434366298,0.253078579764887,0.503069160021648,0.0675998370552207,0.124409902584673,0.0289893661159238
"mfOU_fast","mfBm_known_driver",2,30,30,0,0,0.00253426787112207,0.0503415124039999,0.00060207654086992,0.144779457030248,0.380498957988387,0.0407548187524582,0.0684024117015251,0.0176991799355464
"mfOU_fast","mfBm_known_driver",20,30,30,0,0,0.00563714057848393,0.0750808935647674,0.00152080276816172,0.230084419159842,0.479671157314928,0.0660729376959684,0.116708333610289,0.0283526171067275
"mfOU_fast","mfBm_known_driver",3,30,30,0,0,0.00223356846461032,0.0472606439292814,0.000646292213116264,0.12384654970745,0.351918385009153,0.0378556677785683,0.0604728226051564,0.01674338527176
"mfOU_fast","mfBm_known_driver",4,30,30,0,0,0.00276643466390652,0.0525969073606664,0.000815697562853538,0.125626115045607,0.354437744950516,0.0339948888134009,0.064922871538808,0.0163068025573416
"mfOU_fast","mfBm_known_driver",5,30,30,0,0,0.00410742478107577,0.0640891939493373,0.00110252910374603,0.192864114914474,0.439162970791566,0.0460966019859759,0.0947978652087649,0.020600611124481
"mfOU_fast","mfOU_estimated",1,30,30,0,0,0.00211978463280078,0.0460411189351517,0.000472952800586069,0.134568370764923,0.36683561817921,0.0375926257772001,0.0640125805368633,0.0157616690206132
"mfOU_fast","mfOU_estimated",10,30,30,0,0,0.00453247273786682,0.0673236417454286,0.00153401944136328,0.15829827134205,0.397867152881524,0.0398851657152416,0.0827492048589913,0.0194928254373563
"mfOU_fast","mfOU_estimated",15,30,30,0,0,0.00528630637404866,0.0727069898568814,0.00158219609765569,0.23186488476692,0.481523503857206,0.0578192589419173,0.113696537959381,0.0254755615956051
"mfOU_fast","mfOU_estimated",2,30,30,0,0,0.00245946225179941,0.0495929657491807,0.000578694160409492,0.146959137306617,0.383352497457128,0.0426682561148368,0.0690623659234332,0.0183857744488973
"mfOU_fast","mfOU_estimated",20,30,30,0,0,0.0049429316809296,0.0703059860959904,0.00113669911533365,0.223932993286426,0.473215588591951,0.0544641363508784,0.112258923963122,0.025049245986249
"mfOU_fast","mfOU_estimated",3,30,30,0,0,0.00220389432052456,0.0469456528394756,0.000619908165512992,0.128557997225082,0.358549853193503,0.039251542154705,0.0620698092014676,0.0174317393056839
"mfOU_fast","mfOU_estimated",4,30,30,0,0,0.00276188290997957,0.0525536193803964,0.000890767143871608,0.131347466776038,0.362418910621449,0.0365427835923317,0.0672683995694136,0.0176675543047442
"mfOU_fast","mfOU_estimated",5,30,30,0,0,0.00395905937572172,0.0629210566958448,0.00104288225633311,0.195889691285831,0.442594273896343,0.0466643661352839,0.0958175253213505,0.0207539027507691
"mfOU_fast","mfOU_known",1,30,30,0,0,0.00211912249314775,0.046033927631126,0.000479361413020696,0.133963753614963,0.366010592216897,0.037502844314936,0.0635048867445954,0.0155936350691582
"mfOU_fast","mfOU_known",10,30,30,0,0,0.00376617620771768,0.0613691796239585,0.00116085837579714,0.13933100946574,0.373270691945858,0.0364092358706271,0.073856077909854,0.0175795682446115
"mfOU_fast","mfOU_known",15,30,30,0,0,0.00446400108787308,0.066813180495117,0.00113168560812067,0.217716505737959,0.466601013434347,0.0599684085772462,0.107471703780306,0.0255947503005868
"mfOU_fast","mfOU_known",2,30,30,0,0,0.0022596898084868,0.0475361947203054,0.000492948597276094,0.144927901193981,0.380693973151639,0.0426270704570616,0.0678674533125285,0.0182064281850861
"mfOU_fast","mfOU_known",20,30,30,0,0,0.00402868551655419,0.0634719269957529,0.000906575547658306,0.213647947140538,0.462220669313412,0.0570726560632935,0.107729119378645,0.0249347831636018
"mfOU_fast","mfOU_known",3,30,30,0,0,0.00181862593358817,0.0426453506679001,0.00047213292102815,0.118672004545012,0.344488032513486,0.0373162622343291,0.0578832878316249,0.016570393114923
"mfOU_fast","mfOU_known",4,30,30,0,0,0.00230975456216308,0.0480599059733067,0.000672169394000121,0.11762250369129,0.34296137346834,0.0331536505123489,0.0602083886000936,0.0156874683874353
"mfOU_fast","mfOU_known",5,30,30,0,0,0.00348691290061921,0.0590500880661427,0.000851520164717007,0.19016322848013,0.436077090065656,0.046583616196185,0.0929106236892008,0.0206128511695201
"mfOU_slow","mfBm_estimated",1,30,30,0,0,0.00305517576958726,0.0552736444391652,0.000975318417220352,0.0735055891097745,0.271119141909557,0.0211877465986569,0.0361499011179094,0.00954626716310703
"mfOU_slow","mfBm_estimated",10,30,30,0,0,0.0114952659630602,0.107215978114552,0.00417052635979414,0.135444453070399,0.368027788448643,0.0232498745059583,0.0736311912840723,0.0121977599152791
"mfOU_slow","mfBm_estimated",15,30,30,0,0,0.0173167656903214,0.1315931825374,0.00743720988010391,0.241466918707571,0.49139283542556,0.0643700313081195,0.117287089418776,0.0293979561863199
"mfOU_slow","mfBm_estimated",2,30,30,0,0,0.0104584503171787,0.102266565001366,0.00534044367977803,0.117038386656291,0.342108735135908,0.0386330979220213,0.0668696299247379,0.0227621383071149
"mfOU_slow","mfBm_estimated",20,30,30,0,0,0.00996209839240968,0.099810312054465,0.00388173181820014,0.285871432693359,0.534669461156478,0.0701970616884872,0.133354878552841,0.0326955538923927
"mfOU_slow","mfBm_estimated",3,30,30,0,0,0.00896263181212143,0.094671177303979,0.00313120153039274,0.158659328017072,0.39832063468652,0.0323223903309629,0.0826590192479786,0.0168547375362219
"mfOU_slow","mfBm_estimated",4,30,30,0,0,0.00840681151127872,0.0916886662095088,0.00245312121843279,0.159232005960252,0.399038852695138,0.026199495041994,0.0794461949137542,0.0135090055472223
"mfOU_slow","mfBm_estimated",5,30,30,0,0,0.00612376710345448,0.0782545021289796,0.00202640559258279,0.151282746682535,0.388950828103676,0.0297747822616877,0.0731881422037287,0.0143843861312749
"mfOU_slow","mfBm_known_driver",1,30,30,0,0,0.00291578895052291,0.053998045802815,0.000914861293868923,0.0707396552664121,0.265969275042085,0.0202776668609008,0.0350551840817199,0.00920168054049059
"mfOU_slow","mfBm_known_driver",10,30,30,0,0,0.0105252219600137,0.102592504404628,0.00382148447929954,0.137780683924021,0.371188205529245,0.0239628750102853,0.0724585860288912,0.0119668089783704
"mfOU_slow","mfBm_known_driver",15,30,30,0,0,0.0155657522064183,0.124762783739456,0.00714354526803745,0.240695024207644,0.490606791848262,0.06466833406862,0.111981993355571,0.0286166985717534
"mfOU_slow","mfBm_known_driver",2,30,30,0,0,0.0103976387631617,0.101968812698598,0.00533140446014701,0.116551170666515,0.341395914835716,0.0381917638289424,0.0664524661291422,0.0225927007955775
"mfOU_slow","mfBm_known_driver",20,30,30,0,0,0.00908971959323402,0.0953400209420683,0.00338234150514996,0.280489325683031,0.529612429690836,0.0691064960740641,0.126085113938224,0.0306488490365752
"mfOU_slow","mfBm_known_driver",3,30,30,0,0,0.00852441285977517,0.0923277469657696,0.00306206479469258,0.151340398705606,0.389024933269844,0.0305842858398046,0.0777755144071505,0.0157118712403244
"mfOU_slow","mfBm_known_driver",4,30,30,0,0,0.00807198948852444,0.0898442512825637,0.00236437295470675,0.158702920021017,0.398375350669462,0.0260414303771166,0.0779562079123495,0.013089556130567
"mfOU_slow","mfBm_known_driver",5,30,30,0,0,0.00566013717016181,0.0752338831256357,0.0020085027216166,0.146149707950266,0.382295315103738,0.0283794526107773,0.0704201302400723,0.0135424082210571
"mfOU_slow","mfOU_estimated",1,30,30,0,0,0.0027652770383499,0.0525859015169455,0.000962513023244465,0.0712751666135952,0.266974093525187,0.0209126050230125,0.035036245581073,0.00950657214170234
"mfOU_slow","mfOU_estimated",10,30,30,0,0,0.010847864905653,0.104153083994921,0.00391974249782746,0.141543801365823,0.376223073941276,0.0232768538607522,0.0728903819945441,0.011273291632749
"mfOU_slow","mfOU_estimated",15,30,30,0,0,0.0170703547965262,0.130653567867572,0.00754336915307383,0.262259732689445,0.512113007733103,0.073529701062367,0.119695625963679,0.0312719986478372
"mfOU_slow","mfOU_estimated",2,30,30,0,0,0.0106824388342444,0.103355884371643,0.00570455931113312,0.117043298937837,0.342115914476127,0.0405928512789149,0.0666083793648349,0.0245947594550694
"mfOU_slow","mfOU_estimated",20,30,30,0,0,0.00861067465118935,0.0927937209685512,0.00366566447204213,0.262316320077987,0.512168253680358,0.0646666334938393,0.118126435067972,0.0280271154966022
"mfOU_slow","mfOU_estimated",3,30,30,0,0,0.00826753519572616,0.0909259874608253,0.00333669087653836,0.148918968566274,0.385900205449899,0.0330254044633574,0.076479536414873,0.016741781985549
"mfOU_slow","mfOU_estimated",4,30,30,0,0,0.00877926046519694,0.0936977078972423,0.00260916699512464,0.168107701765083,0.410009392288863,0.0274657836831961,0.0821062165391034,0.0138995485270496
"mfOU_slow","mfOU_estimated",5,30,30,0,0,0.00574261729956251,0.0757800587197088,0.00199760069270971,0.147616454967149,0.384208868933487,0.028947241068627,0.0697727783777068,0.0140028534544951
"mfOU_slow","mfOU_known",1,30,30,0,0,0.00289837146834574,0.0538365254111532,0.000920098823819642,0.071395715478005,0.267199766987183,0.020431428118629,0.0352835486466879,0.00926645453943024
"mfOU_slow","mfOU_known",10,30,30,0,0,0.00960076122175989,0.0979834742278508,0.0031490163108467,0.135389788048476,0.36795351343407,0.0232551534260317,0.0713656115077332,0.011504330217276
"mfOU_slow","mfOU_known",15,30,30,0,0,0.013487139299727,0.116134143557039,0.00538885139511309,0.23714359311478,0.486973914203605,0.0660835923313365,0.110185678022528,0.028709880714506
"mfOU_slow","mfOU_known",2,30,30,0,0,0.0102463313045372,0.101224163639603,0.00535866879026904,0.11583829352887,0.340350251254307,0.0382801795805607,0.0661079396605638,0.0226604117931236
"mfOU_slow","mfOU_known",20,30,30,0,0,0.010172839408532,0.100860494786274,0.00414170936872026,0.292829420864121,0.54113715531658,0.0700103508875471,0.130085093501218,0.0310033992972834
"mfOU_slow","mfOU_known",3,30,30,0,0,0.00848508529436504,0.0921145227114869,0.00310535704111279,0.154147075383048,0.392615684076741,0.0310389704168218,0.0788549094545041,0.0158660576770825
"mfOU_slow","mfOU_known",4,30,30,0,0,0.00835652099044294,0.0914140087209993,0.00240177638098566,0.163166698942189,0.403938979231009,0.0273910042626426,0.0799336285224912,0.0136782325583381
"mfOU_slow","mfOU_known",5,30,30,0,0,0.00510917105473161,0.0714784656713588,0.00158196488252284,0.146155470784673,0.382302852179621,0.0295430431902289,0.0699104672594372,0.0139525259309668
