"dimension","window","h","period","metric","n","baseline_loss","proposed_loss","gain_pct","ci_low","ci_high","uncertainty_status","bootstrap_B","block_trading_days","origin_step_median","n_calendar_origins","paired_calendar_coverage","bootstrap_calendar","n_origin_gaps","inferential_scope","block_requested"
1,500,1,"full","MSFE",750,0.00454277205062766,0.00456048243303508,-0.389858487505856,-2.82971377682484,3.37206726424498,"exploratory_pointwise",2000,20,1,751,0.99866844207723,"trading_positions_missing_pairs_retained",1,"paired_exploratory_no_multiple_test_control",20
1,500,1,"full","QLIKE",750,0.0270781454617747,0.0268361665972154,0.893631600069555,-0.72268181174732,2.42033680737349,"exploratory_pointwise",2000,20,1,751,0.99866844207723,"trading_positions_missing_pairs_retained",1,"paired_exploratory_no_multiple_test_control",20
1,500,10,"full","MSFE",750,0.0133216441788089,0.0127928042992944,3.96977934867642,-5.9582414448615,22.485244245969,"exploratory_pointwise",2000,20,1,751,0.99866844207723,"trading_positions_missing_pairs_retained",1,"paired_exploratory_no_multiple_test_control",20
1,500,10,"full","QLIKE",750,0.0780304477372506,0.0752181074187298,3.6041576077978,-4.76582101829227,13.0683884861126,"exploratory_pointwise",2000,20,1,751,0.99866844207723,"trading_positions_missing_pairs_retained",1,"paired_exploratory_no_multiple_test_control",20
1,500,15,"full","MSFE",750,0.0162318018845189,0.01486079754232,8.44640879646614,-1.06555780059413,29.890344978568,"exploratory_pointwise",2000,20,1,751,0.99866844207723,"trading_positions_missing_pairs_retained",1,"paired_exploratory_no_multiple_test_control",20
1,500,15,"full","QLIKE",750,0.0954042548804082,0.090196201253284,5.4589322390838,-2.3689179854034,17.3543451371792,"exploratory_pointwise",2000,20,1,751,0.99866844207723,"trading_positions_missing_pairs_retained",1,"paired_exploratory_no_multiple_test_control",20
1,500,2,"full","MSFE",750,0.00619929891158074,0.00622619343383291,-0.433831674125806,-4.76527468727896,5.56061202630309,"exploratory_pointwise",2000,20,1,751,0.99866844207723,"trading_positions_missing_pairs_retained",1,"paired_exploratory_no_multiple_test_control",20
1,500,2,"full","QLIKE",750,0.0376122285529933,0.0371827579982266,1.14183756530579,-1.34696213536202,3.63956886456667,"exploratory_pointwise",2000,20,1,751,0.99866844207723,"trading_positions_missing_pairs_retained",1,"paired_exploratory_no_multiple_test_control",20
1,500,20,"full","MSFE",750,0.0180864805243432,0.0158843804430565,12.1753929866168,2.16030952938106,34.1384220086226,"exploratory_pointwise",2000,20,1,751,0.99866844207723,"trading_positions_missing_pairs_retained",1,"paired_exploratory_no_multiple_test_control",20
1,500,20,"full","QLIKE",750,0.110518143318002,0.100339138937616,9.21025641111071,1.43015961156877,20.9913301039157,"exploratory_pointwise",2000,20,1,751,0.99866844207723,"trading_positions_missing_pairs_retained",1,"paired_exploratory_no_multiple_test_control",20
1,500,3,"full","MSFE",750,0.00768734118454421,0.00766295519135792,0.317222725008215,-4.68935987322385,7.93173566556993,"exploratory_pointwise",2000,20,1,751,0.99866844207723,"trading_positions_missing_pairs_retained",1,"paired_exploratory_no_multiple_test_control",20
1,500,3,"full","QLIKE",750,0.0461463483537624,0.0455264318070438,1.34337075160581,-1.82383500292186,4.53647764746212,"exploratory_pointwise",2000,20,1,751,0.99866844207723,"trading_positions_missing_pairs_retained",1,"paired_exploratory_no_multiple_test_control",20
1,500,4,"full","MSFE",750,0.00886915268760274,0.00881276582249625,0.635763833283787,-5.46931227440135,10.3052262528343,"exploratory_pointwise",2000,20,1,751,0.99866844207723,"trading_positions_missing_pairs_retained",1,"paired_exploratory_no_multiple_test_control",20
1,500,4,"full","QLIKE",750,0.0524292653536585,0.0515796797702332,1.62044151809961,-2.2490262103094,5.92781576000657,"exploratory_pointwise",2000,20,1,751,0.99866844207723,"trading_positions_missing_pairs_retained",1,"paired_exploratory_no_multiple_test_control",20
1,500,5,"full","MSFE",750,0.00998139747568307,0.00984699902520099,1.34648931484298,-5.09034737125417,12.5337932342706,"exploratory_pointwise",2000,20,1,751,0.99866844207723,"trading_positions_missing_pairs_retained",1,"paired_exploratory_no_multiple_test_control",20
1,500,5,"full","QLIKE",750,0.0587341593582419,0.0574246019145132,2.22963511870696,-2.17592968135619,7.34870830308974,"exploratory_pointwise",2000,20,1,751,0.99866844207723,"trading_positions_missing_pairs_retained",1,"paired_exploratory_no_multiple_test_control",20
2,500,1,"full","MSFE",750,0.00455414084704641,0.00457820478766266,-0.528396934228614,-3.30742002389077,3.63301131593263,"exploratory_pointwise",2000,20,1,751,0.99866844207723,"trading_positions_missing_pairs_retained",1,"paired_exploratory_no_multiple_test_control",20
2,500,1,"full","QLIKE",750,0.0271129456696374,0.0268755585313107,0.875549050329116,-0.770016071098485,2.52875314954389,"exploratory_pointwise",2000,20,1,751,0.99866844207723,"trading_positions_missing_pairs_retained",1,"paired_exploratory_no_multiple_test_control",20
2,500,10,"full","MSFE",750,0.0133156858084032,0.0127973962175673,3.89232367219712,-6.0693610553667,22.270104254167,"exploratory_pointwise",2000,20,1,751,0.99866844207723,"trading_positions_missing_pairs_retained",1,"paired_exploratory_no_multiple_test_control",20
2,500,10,"full","QLIKE",750,0.0780649397012289,0.0752583728350435,3.59516945369682,-4.19725272028953,13.1639632989796,"exploratory_pointwise",2000,20,1,751,0.99866844207723,"trading_positions_missing_pairs_retained",1,"paired_exploratory_no_multiple_test_control",20
2,500,15,"full","MSFE",750,0.0162098776515386,0.0148404027542654,8.44839749387761,-1.79460297875383,29.1119066526125,"exploratory_pointwise",2000,20,1,751,0.99866844207723,"trading_positions_missing_pairs_retained",1,"paired_exploratory_no_multiple_test_control",20
2,500,15,"full","QLIKE",750,0.0953571975091856,0.0901240239594298,5.48796911659625,-2.97342511927297,17.0679275009414,"exploratory_pointwise",2000,20,1,751,0.99866844207723,"trading_positions_missing_pairs_retained",1,"paired_exploratory_no_multiple_test_control",20
2,500,2,"full","MSFE",750,0.00620597121688132,0.00625149627386678,-0.733568613106494,-5.44414879387938,5.68097178920107,"exploratory_pointwise",2000,20,1,751,0.99866844207723,"trading_positions_missing_pairs_retained",1,"paired_exploratory_no_multiple_test_control",20
2,500,2,"full","QLIKE",750,0.0375912455858408,0.037206652454961,1.02309227823155,-1.73301367323036,3.63653001440446,"exploratory_pointwise",2000,20,1,751,0.99866844207723,"trading_positions_missing_pairs_retained",1,"paired_exploratory_no_multiple_test_control",20
2,500,20,"full","MSFE",750,0.0180474515656638,0.015839132098332,12.2361844789943,2.43684755382199,34.8485726026213,"exploratory_pointwise",2000,20,1,751,0.99866844207723,"trading_positions_missing_pairs_retained",1,"paired_exploratory_no_multiple_test_control",20
2,500,20,"full","QLIKE",750,0.110340453530847,0.100007674779088,9.3644519495022,1.25158038302165,21.4771636525744,"exploratory_pointwise",2000,20,1,751,0.99866844207723,"trading_positions_missing_pairs_retained",1,"paired_exploratory_no_multiple_test_control",20
2,500,3,"full","MSFE",750,0.00769244459111798,0.00768708974847513,0.0696117154880604,-5.56983478483934,8.26761383793552,"exploratory_pointwise",2000,20,1,751,0.99866844207723,"trading_positions_missing_pairs_retained",1,"paired_exploratory_no_multiple_test_control",20
2,500,3,"full","QLIKE",750,0.0461202410219193,0.045538898665641,1.26049288424569,-2.06405497472862,4.77672104957427,"exploratory_pointwise",2000,20,1,751,0.99866844207723,"trading_positions_missing_pairs_retained",1,"paired_exploratory_no_multiple_test_control",20
2,500,4,"full","MSFE",750,0.00887176999047245,0.00883446184760312,0.420526489183048,-5.83310745443712,9.58206366270676,"exploratory_pointwise",2000,20,1,751,0.99866844207723,"trading_positions_missing_pairs_retained",1,"paired_exploratory_no_multiple_test_control",20
2,500,4,"full","QLIKE",750,0.0524102639273263,0.051601624139148,1.54290348413347,-2.46108022755165,5.90954740851017,"exploratory_pointwise",2000,20,1,751,0.99866844207723,"trading_positions_missing_pairs_retained",1,"paired_exploratory_no_multiple_test_control",20
2,500,5,"full","MSFE",750,0.0099843984142968,0.00986864927631373,1.15930007177316,-6.10599548950984,12.5606617312625,"exploratory_pointwise",2000,20,1,751,0.99866844207723,"trading_positions_missing_pairs_retained",1,"paired_exploratory_no_multiple_test_control",20
2,500,5,"full","QLIKE",750,0.0587399439400273,0.0574707756398483,2.16065630139998,-2.63740466080869,7.34167279055972,"exploratory_pointwise",2000,20,1,751,0.99866844207723,"trading_positions_missing_pairs_retained",1,"paired_exploratory_no_multiple_test_control",20
1,500,1,"full","MSFE",750,0.00454277205062766,0.00456048243303508,-0.389858487505856,-2.63546364479316,3.19125452174922,"exploratory_pointwise",2000,40,1,751,0.99866844207723,"trading_positions_missing_pairs_retained",1,"paired_exploratory_no_multiple_test_control",40
1,500,1,"full","QLIKE",750,0.0270781454617747,0.0268361665972154,0.893631600069555,-0.48420794536607,2.29514010872325,"exploratory_pointwise",2000,40,1,751,0.99866844207723,"trading_positions_missing_pairs_retained",1,"paired_exploratory_no_multiple_test_control",40
1,500,10,"full","MSFE",750,0.0133216441788089,0.0127928042992944,3.96977934867642,-4.21277307750326,19.5682153975022,"exploratory_pointwise",2000,40,1,751,0.99866844207723,"trading_positions_missing_pairs_retained",1,"paired_exploratory_no_multiple_test_control",40
1,500,10,"full","QLIKE",750,0.0780304477372506,0.0752181074187298,3.6041576077978,-3.06524918567029,12.4025407647491,"exploratory_pointwise",2000,40,1,751,0.99866844207723,"trading_positions_missing_pairs_retained",1,"paired_exploratory_no_multiple_test_control",40
1,500,15,"full","MSFE",750,0.0162318018845189,0.01486079754232,8.44640879646614,0.174873711580471,26.9158948822654,"exploratory_pointwise",2000,40,1,751,0.99866844207723,"trading_positions_missing_pairs_retained",1,"paired_exploratory_no_multiple_test_control",40
1,500,15,"full","QLIKE",750,0.0954042548804082,0.090196201253284,5.4589322390838,-1.67732745803907,16.2272403285572,"exploratory_pointwise",2000,40,1,751,0.99866844207723,"trading_positions_missing_pairs_retained",1,"paired_exploratory_no_multiple_test_control",40
1,500,2,"full","MSFE",750,0.00619929891158074,0.00622619343383291,-0.433831674125806,-4.28580763426414,4.69271817322211,"exploratory_pointwise",2000,40,1,751,0.99866844207723,"trading_positions_missing_pairs_retained",1,"paired_exploratory_no_multiple_test_control",40
1,500,2,"full","QLIKE",750,0.0376122285529933,0.0371827579982266,1.14183756530579,-1.09790025531629,3.34532931807194,"exploratory_pointwise",2000,40,1,751,0.99866844207723,"trading_positions_missing_pairs_retained",1,"paired_exploratory_no_multiple_test_control",40
1,500,20,"full","MSFE",750,0.0180864805243432,0.0158843804430565,12.1753929866168,3.09804507799804,33.4842022915382,"exploratory_pointwise",2000,40,1,751,0.99866844207723,"trading_positions_missing_pairs_retained",1,"paired_exploratory_no_multiple_test_control",40
1,500,20,"full","QLIKE",750,0.110518143318002,0.100339138937616,9.21025641111071,1.33487918494381,21.2524713701263,"exploratory_pointwise",2000,40,1,751,0.99866844207723,"trading_positions_missing_pairs_retained",1,"paired_exploratory_no_multiple_test_control",40
1,500,3,"full","MSFE",750,0.00768734118454421,0.00766295519135792,0.317222725008215,-4.18365810886785,6.91198894961554,"exploratory_pointwise",2000,40,1,751,0.99866844207723,"trading_positions_missing_pairs_retained",1,"paired_exploratory_no_multiple_test_control",40
1,500,3,"full","QLIKE",750,0.0461463483537624,0.0455264318070438,1.34337075160581,-1.35831204999682,4.34457332966248,"exploratory_pointwise",2000,40,1,751,0.99866844207723,"trading_positions_missing_pairs_retained",1,"paired_exploratory_no_multiple_test_control",40
1,500,4,"full","MSFE",750,0.00886915268760274,0.00881276582249625,0.635763833283787,-4.58348327367377,8.82286979971955,"exploratory_pointwise",2000,40,1,751,0.99866844207723,"trading_positions_missing_pairs_retained",1,"paired_exploratory_no_multiple_test_control",40
1,500,4,"full","QLIKE",750,0.0524292653536585,0.0515796797702332,1.62044151809961,-1.90996601420083,5.37587446724558,"exploratory_pointwise",2000,40,1,751,0.99866844207723,"trading_positions_missing_pairs_retained",1,"paired_exploratory_no_multiple_test_control",40
1,500,5,"full","MSFE",750,0.00998139747568307,0.00984699902520099,1.34648931484298,-4.41850436584593,10.7673127691979,"exploratory_pointwise",2000,40,1,751,0.99866844207723,"trading_positions_missing_pairs_retained",1,"paired_exploratory_no_multiple_test_control",40
1,500,5,"full","QLIKE",750,0.0587341593582419,0.0574246019145132,2.22963511870696,-1.71776594753285,6.76166477176983,"exploratory_pointwise",2000,40,1,751,0.99866844207723,"trading_positions_missing_pairs_retained",1,"paired_exploratory_no_multiple_test_control",40
2,500,1,"full","MSFE",750,0.00455414084704641,0.00457820478766266,-0.528396934228614,-3.16710275985631,3.30722021861264,"exploratory_pointwise",2000,40,1,751,0.99866844207723,"trading_positions_missing_pairs_retained",1,"paired_exploratory_no_multiple_test_control",40
2,500,1,"full","QLIKE",750,0.0271129456696374,0.0268755585313107,0.875549050329116,-0.816602396650581,2.35480596681363,"exploratory_pointwise",2000,40,1,751,0.99866844207723,"trading_positions_missing_pairs_retained",1,"paired_exploratory_no_multiple_test_control",40
2,500,10,"full","MSFE",750,0.0133156858084032,0.0127973962175673,3.89232367219712,-3.79064181968466,19.8005736857496,"exploratory_pointwise",2000,40,1,751,0.99866844207723,"trading_positions_missing_pairs_retained",1,"paired_exploratory_no_multiple_test_control",40
2,500,10,"full","QLIKE",750,0.0780649397012289,0.0752583728350435,3.59516945369682,-2.40581686127886,12.4543693353986,"exploratory_pointwise",2000,40,1,751,0.99866844207723,"trading_positions_missing_pairs_retained",1,"paired_exploratory_no_multiple_test_control",40
2,500,15,"full","MSFE",750,0.0162098776515386,0.0148404027542654,8.44839749387761,-0.257213478828592,27.254506754246,"exploratory_pointwise",2000,40,1,751,0.99866844207723,"trading_positions_missing_pairs_retained",1,"paired_exploratory_no_multiple_test_control",40
2,500,15,"full","QLIKE",750,0.0953571975091856,0.0901240239594298,5.48796911659625,-1.75855355567941,16.848199262925,"exploratory_pointwise",2000,40,1,751,0.99866844207723,"trading_positions_missing_pairs_retained",1,"paired_exploratory_no_multiple_test_control",40
2,500,2,"full","MSFE",750,0.00620597121688132,0.00625149627386678,-0.733568613106494,-5.04548730922402,5.07416501941223,"exploratory_pointwise",2000,40,1,751,0.99866844207723,"trading_positions_missing_pairs_retained",1,"paired_exploratory_no_multiple_test_control",40
2,500,2,"full","QLIKE",750,0.0375912455858408,0.037206652454961,1.02309227823155,-1.51133533524398,3.46829609550791,"exploratory_pointwise",2000,40,1,751,0.99866844207723,"trading_positions_missing_pairs_retained",1,"paired_exploratory_no_multiple_test_control",40
2,500,20,"full","MSFE",750,0.0180474515656638,0.015839132098332,12.2361844789943,2.92727046279994,33.5838028428326,"exploratory_pointwise",2000,40,1,751,0.99866844207723,"trading_positions_missing_pairs_retained",1,"paired_exploratory_no_multiple_test_control",40
2,500,20,"full","QLIKE",750,0.110340453530847,0.100007674779088,9.3644519495022,1.32521259775363,21.7190514222165,"exploratory_pointwise",2000,40,1,751,0.99866844207723,"trading_positions_missing_pairs_retained",1,"paired_exploratory_no_multiple_test_control",40
2,500,3,"full","MSFE",750,0.00769244459111798,0.00768708974847513,0.0696117154880604,-4.84405178921843,6.93093175263607,"exploratory_pointwise",2000,40,1,751,0.99866844207723,"trading_positions_missing_pairs_retained",1,"paired_exploratory_no_multiple_test_control",40
2,500,3,"full","QLIKE",750,0.0461202410219193,0.045538898665641,1.26049288424569,-1.75310319769535,4.25203818011927,"exploratory_pointwise",2000,40,1,751,0.99866844207723,"trading_positions_missing_pairs_retained",1,"paired_exploratory_no_multiple_test_control",40
2,500,4,"full","MSFE",750,0.00887176999047245,0.00883446184760312,0.420526489183048,-5.01749351055492,8.63041059789922,"exploratory_pointwise",2000,40,1,751,0.99866844207723,"trading_positions_missing_pairs_retained",1,"paired_exploratory_no_multiple_test_control",40
2,500,4,"full","QLIKE",750,0.0524102639273263,0.051601624139148,1.54290348413347,-2.06083667603084,5.6923955410676,"exploratory_pointwise",2000,40,1,751,0.99866844207723,"trading_positions_missing_pairs_retained",1,"paired_exploratory_no_multiple_test_control",40
2,500,5,"full","MSFE",750,0.0099843984142968,0.00986864927631373,1.15930007177316,-4.95904768072661,11.2965871566634,"exploratory_pointwise",2000,40,1,751,0.99866844207723,"trading_positions_missing_pairs_retained",1,"paired_exploratory_no_multiple_test_control",40
2,500,5,"full","QLIKE",750,0.0587399439400273,0.0574707756398483,2.16065630139998,-1.95911818975019,7.08717622718556,"exploratory_pointwise",2000,40,1,751,0.99866844207723,"trading_positions_missing_pairs_retained",1,"paired_exploratory_no_multiple_test_control",40
1,500,1,"full","MSFE",750,0.00454277205062766,0.00456048243303508,-0.389858487505856,-2.547466315071,3.0694139080554,"exploratory_pointwise",2000,60,1,751,0.99866844207723,"trading_positions_missing_pairs_retained",1,"paired_exploratory_no_multiple_test_control",60
1,500,1,"full","QLIKE",750,0.0270781454617747,0.0268361665972154,0.893631600069555,-0.412489682348302,2.14881465075664,"exploratory_pointwise",2000,60,1,751,0.99866844207723,"trading_positions_missing_pairs_retained",1,"paired_exploratory_no_multiple_test_control",60
1,500,10,"full","MSFE",750,0.0133216441788089,0.0127928042992944,3.96977934867642,-3.3850065985473,18.3069773295292,"exploratory_pointwise",2000,60,1,751,0.99866844207723,"trading_positions_missing_pairs_retained",1,"paired_exploratory_no_multiple_test_control",60
1,500,10,"full","QLIKE",750,0.0780304477372506,0.0752181074187298,3.6041576077978,-2.62913108160844,11.9071250965658,"exploratory_pointwise",2000,60,1,751,0.99866844207723,"trading_positions_missing_pairs_retained",1,"paired_exploratory_no_multiple_test_control",60
1,500,15,"full","MSFE",750,0.0162318018845189,0.01486079754232,8.44640879646614,0.935146953474598,25.3733725555716,"exploratory_pointwise",2000,60,1,751,0.99866844207723,"trading_positions_missing_pairs_retained",1,"paired_exploratory_no_multiple_test_control",60
1,500,15,"full","QLIKE",750,0.0954042548804082,0.090196201253284,5.4589322390838,-1.06660056595316,15.7710689015376,"exploratory_pointwise",2000,60,1,751,0.99866844207723,"trading_positions_missing_pairs_retained",1,"paired_exploratory_no_multiple_test_control",60
1,500,2,"full","MSFE",750,0.00619929891158074,0.00622619343383291,-0.433831674125806,-4.13207843273005,4.67584824745854,"exploratory_pointwise",2000,60,1,751,0.99866844207723,"trading_positions_missing_pairs_retained",1,"paired_exploratory_no_multiple_test_control",60
1,500,2,"full","QLIKE",750,0.0376122285529933,0.0371827579982266,1.14183756530579,-0.940485342317835,3.29169314345315,"exploratory_pointwise",2000,60,1,751,0.99866844207723,"trading_positions_missing_pairs_retained",1,"paired_exploratory_no_multiple_test_control",60
1,500,20,"full","MSFE",750,0.0180864805243432,0.0158843804430565,12.1753929866168,3.81112000386951,31.1540566233871,"exploratory_pointwise",2000,60,1,751,0.99866844207723,"trading_positions_missing_pairs_retained",1,"paired_exploratory_no_multiple_test_control",60
1,500,20,"full","QLIKE",750,0.110518143318002,0.100339138937616,9.21025641111071,1.70361758803091,20.3640103664953,"exploratory_pointwise",2000,60,1,751,0.99866844207723,"trading_positions_missing_pairs_retained",1,"paired_exploratory_no_multiple_test_control",60
1,500,3,"full","MSFE",750,0.00768734118454421,0.00766295519135792,0.317222725008215,-3.78871775415967,6.52700179777679,"exploratory_pointwise",2000,60,1,751,0.99866844207723,"trading_positions_missing_pairs_retained",1,"paired_exploratory_no_multiple_test_control",60
1,500,3,"full","QLIKE",750,0.0461463483537624,0.0455264318070438,1.34337075160581,-1.11473786563266,4.09083147120327,"exploratory_pointwise",2000,60,1,751,0.99866844207723,"trading_positions_missing_pairs_retained",1,"paired_exploratory_no_multiple_test_control",60
1,500,4,"full","MSFE",750,0.00886915268760274,0.00881276582249625,0.635763833283787,-4.30531856388122,8.34526846313213,"exploratory_pointwise",2000,60,1,751,0.99866844207723,"trading_positions_missing_pairs_retained",1,"paired_exploratory_no_multiple_test_control",60
1,500,4,"full","QLIKE",750,0.0524292653536585,0.0515796797702332,1.62044151809961,-1.57557995841489,5.27673264877993,"exploratory_pointwise",2000,60,1,751,0.99866844207723,"trading_positions_missing_pairs_retained",1,"paired_exploratory_no_multiple_test_control",60
1,500,5,"full","MSFE",750,0.00998139747568307,0.00984699902520099,1.34648931484298,-3.82044487627636,10.2259506793598,"exploratory_pointwise",2000,60,1,751,0.99866844207723,"trading_positions_missing_pairs_retained",1,"paired_exploratory_no_multiple_test_control",60
1,500,5,"full","QLIKE",750,0.0587341593582419,0.0574246019145132,2.22963511870696,-1.15516258221269,6.82939910938955,"exploratory_pointwise",2000,60,1,751,0.99866844207723,"trading_positions_missing_pairs_retained",1,"paired_exploratory_no_multiple_test_control",60
2,500,1,"full","MSFE",750,0.00455414084704641,0.00457820478766266,-0.528396934228614,-2.97069983595824,3.29159967379211,"exploratory_pointwise",2000,60,1,751,0.99866844207723,"trading_positions_missing_pairs_retained",1,"paired_exploratory_no_multiple_test_control",60
2,500,1,"full","QLIKE",750,0.0271129456696374,0.0268755585313107,0.875549050329116,-0.601699804249627,2.24045752593012,"exploratory_pointwise",2000,60,1,751,0.99866844207723,"trading_positions_missing_pairs_retained",1,"paired_exploratory_no_multiple_test_control",60
2,500,10,"full","MSFE",750,0.0133156858084032,0.0127973962175673,3.89232367219712,-3.30728174459554,18.4924875978855,"exploratory_pointwise",2000,60,1,751,0.99866844207723,"trading_positions_missing_pairs_retained",1,"paired_exploratory_no_multiple_test_control",60
2,500,10,"full","QLIKE",750,0.0780649397012289,0.0752583728350435,3.59516945369682,-2.40603358444661,11.88732943674,"exploratory_pointwise",2000,60,1,751,0.99866844207723,"trading_positions_missing_pairs_retained",1,"paired_exploratory_no_multiple_test_control",60
2,500,15,"full","MSFE",750,0.0162098776515386,0.0148404027542654,8.44839749387761,1.03622182673682,26.5139939363524,"exploratory_pointwise",2000,60,1,751,0.99866844207723,"trading_positions_missing_pairs_retained",1,"paired_exploratory_no_multiple_test_control",60
2,500,15,"full","QLIKE",750,0.0953571975091856,0.0901240239594298,5.48796911659625,-1.45876206332864,16.6142957999368,"exploratory_pointwise",2000,60,1,751,0.99866844207723,"trading_positions_missing_pairs_retained",1,"paired_exploratory_no_multiple_test_control",60
2,500,2,"full","MSFE",750,0.00620597121688132,0.00625149627386678,-0.733568613106494,-5.03492833889826,4.95190189198347,"exploratory_pointwise",2000,60,1,751,0.99866844207723,"trading_positions_missing_pairs_retained",1,"paired_exploratory_no_multiple_test_control",60
2,500,2,"full","QLIKE",750,0.0375912455858408,0.037206652454961,1.02309227823155,-1.28958327523424,3.29310249697031,"exploratory_pointwise",2000,60,1,751,0.99866844207723,"trading_positions_missing_pairs_retained",1,"paired_exploratory_no_multiple_test_control",60
2,500,20,"full","MSFE",750,0.0180474515656638,0.015839132098332,12.2361844789943,3.620256456952,31.112404774272,"exploratory_pointwise",2000,60,1,751,0.99866844207723,"trading_positions_missing_pairs_retained",1,"paired_exploratory_no_multiple_test_control",60
2,500,20,"full","QLIKE",750,0.110340453530847,0.100007674779088,9.3644519495022,1.37532220595273,20.5310649850997,"exploratory_pointwise",2000,60,1,751,0.99866844207723,"trading_positions_missing_pairs_retained",1,"paired_exploratory_no_multiple_test_control",60
2,500,3,"full","MSFE",750,0.00769244459111798,0.00768708974847513,0.0696117154880604,-4.71492319009641,6.92024508652958,"exploratory_pointwise",2000,60,1,751,0.99866844207723,"trading_positions_missing_pairs_retained",1,"paired_exploratory_no_multiple_test_control",60
2,500,3,"full","QLIKE",750,0.0461202410219193,0.045538898665641,1.26049288424569,-1.5304129799559,4.26397727178952,"exploratory_pointwise",2000,60,1,751,0.99866844207723,"trading_positions_missing_pairs_retained",1,"paired_exploratory_no_multiple_test_control",60
2,500,4,"full","MSFE",750,0.00887176999047245,0.00883446184760312,0.420526489183048,-4.95152010753032,8.48426643026513,"exploratory_pointwise",2000,60,1,751,0.99866844207723,"trading_positions_missing_pairs_retained",1,"paired_exploratory_no_multiple_test_control",60
2,500,4,"full","QLIKE",750,0.0524102639273263,0.051601624139148,1.54290348413347,-1.93070177764063,5.5200782109396,"exploratory_pointwise",2000,60,1,751,0.99866844207723,"trading_positions_missing_pairs_retained",1,"paired_exploratory_no_multiple_test_control",60
2,500,5,"full","MSFE",750,0.0099843984142968,0.00986864927631373,1.15930007177316,-4.1772232722798,10.70212973155,"exploratory_pointwise",2000,60,1,751,0.99866844207723,"trading_positions_missing_pairs_retained",1,"paired_exploratory_no_multiple_test_control",60
2,500,5,"full","QLIKE",750,0.0587399439400273,0.0574707756398483,2.16065630139998,-1.28531630718338,6.57264175897712,"exploratory_pointwise",2000,60,1,751,0.99866844207723,"trading_positions_missing_pairs_retained",1,"paired_exploratory_no_multiple_test_control",60
