"sample","h","n_forecasts","n_shifted","max_extra_days","first_target","last_target"
"dj30",1,4508,10,1,2007-01-03,2025-01-14
"dj30",2,4507,20,1,2007-01-04,2025-01-14
"dj30",3,4506,30,1,2007-01-05,2025-01-14
"dj30",4,4505,39,2,2007-01-08,2025-01-14
"dj30",5,4504,48,2,2007-01-09,2025-01-14
"dj30",10,4499,89,3,2007-01-17,2025-01-14
"dj30",15,4494,129,3,2007-01-24,2025-01-14
"dj30",20,4489,168,3,2007-01-31,2025-01-14
"mag7",1,2188,6,1,2016-03-29,2025-01-14
"mag7",2,2187,12,1,2016-03-30,2025-01-14
"mag7",3,2186,18,1,2016-03-31,2025-01-14
"mag7",4,2185,24,1,2016-04-01,2025-01-14
"mag7",5,2184,30,1,2016-04-04,2025-01-14
"mag7",10,2179,60,1,2016-04-11,2025-01-14
"mag7",15,2174,90,1,2016-04-18,2025-01-14
"mag7",20,2169,120,1,2016-04-25,2025-01-14
