"calendar","mode","scenario","model","h","origin_date","target_date","forecast","actual"
"daily","common_obs","baseline","fBm",1,2010-03-12,2010-03-13,0.176934749428311,0.19063911171119
"daily","common_obs","baseline","fBm",5,2010-03-12,2010-03-17,0.172942579126547,0.18620951074563
"daily","common_obs","baseline","mfBm5",1,2010-03-12,2010-03-13,0.17545906825401,0.19063911171119
"daily","common_obs","baseline","mfBm5",5,2010-03-12,2010-03-17,0.171839565844141,0.18620951074563
"daily","common_obs","baseline","HAR",1,2010-03-12,2010-03-13,0.189138597379313,0.19063911171119
"daily","common_obs","baseline","HAR",5,2010-03-12,2010-03-17,0.177390657004752,0.18620951074563
"daily","common_obs","baseline","VHAR5",1,2010-03-12,2010-03-13,0.166648351079773,0.19063911171119
"daily","common_obs","baseline","VHAR5",5,2010-03-12,2010-03-17,0.190293393324773,0.18620951074563
"daily","common_obs","future_B_na","fBm",1,2010-03-12,2010-03-13,0.176934749428311,0.19063911171119
"daily","common_obs","future_B_na","fBm",5,2010-03-12,2010-03-18,0.172942579126547,0.166556053391287
"daily","common_obs","future_B_na","mfBm5",1,2010-03-12,2010-03-13,0.17545906825401,0.19063911171119
"daily","common_obs","future_B_na","mfBm5",5,2010-03-12,2010-03-18,0.171839565844141,0.166556053391287
"daily","common_obs","future_B_na","HAR",1,2010-03-12,2010-03-13,0.189138597379313,0.19063911171119
"daily","common_obs","future_B_na","HAR",5,2010-03-12,2010-03-18,0.177390657004752,0.166556053391287
"daily","common_obs","future_B_na","VHAR5",1,2010-03-12,2010-03-13,0.166648351079773,0.19063911171119
"daily","common_obs","future_B_na","VHAR5",5,2010-03-12,2010-03-18,0.190293393324773,0.166556053391287
"daily","common_obs","future_B_values","fBm",1,2010-03-12,2010-03-13,0.176934749428311,0.19063911171119
"daily","common_obs","future_B_values","fBm",5,2010-03-12,2010-03-17,0.172942579126547,0.18620951074563
"daily","common_obs","future_B_values","mfBm5",1,2010-03-12,2010-03-13,0.17545906825401,0.19063911171119
"daily","common_obs","future_B_values","mfBm5",5,2010-03-12,2010-03-17,0.171839565844141,0.18620951074563
"daily","common_obs","future_B_values","HAR",1,2010-03-12,2010-03-13,0.189138597379313,0.19063911171119
"daily","common_obs","future_B_values","HAR",5,2010-03-12,2010-03-17,0.177390657004752,0.18620951074563
"daily","common_obs","future_B_values","VHAR5",1,2010-03-12,2010-03-13,0.166648351079773,0.19063911171119
"daily","common_obs","future_B_values","VHAR5",5,2010-03-12,2010-03-17,0.190293393324773,0.18620951074563
"daily","common_obs","future_target_na","fBm",1,2010-03-12,2010-03-13,0.176934749428311,0.19063911171119
"daily","common_obs","future_target_na","fBm",5,2010-03-12,2010-03-18,0.172942579126547,0.166556053391287
"daily","common_obs","future_target_na","mfBm5",1,2010-03-12,2010-03-13,0.17545906825401,0.19063911171119
"daily","common_obs","future_target_na","mfBm5",5,2010-03-12,2010-03-18,0.171839565844141,0.166556053391287
"daily","common_obs","future_target_na","HAR",1,2010-03-12,2010-03-13,0.189138597379313,0.19063911171119
"daily","common_obs","future_target_na","HAR",5,2010-03-12,2010-03-18,0.177390657004752,0.166556053391287
"daily","common_obs","future_target_na","VHAR5",1,2010-03-12,2010-03-13,0.166648351079773,0.19063911171119
"daily","common_obs","future_target_na","VHAR5",5,2010-03-12,2010-03-18,0.190293393324773,0.166556053391287
"weekday","common_obs","baseline","fBm",1,2010-04-09,2010-04-12,0.176934749428311,0.19063911171119
"weekday","common_obs","baseline","fBm",5,2010-04-09,2010-04-16,0.172942579126547,0.18620951074563
"weekday","common_obs","baseline","mfBm5",1,2010-04-09,2010-04-12,0.17545906825401,0.19063911171119
"weekday","common_obs","baseline","mfBm5",5,2010-04-09,2010-04-16,0.171839565844141,0.18620951074563
"weekday","common_obs","baseline","HAR",1,2010-04-09,2010-04-12,0.189138597379313,0.19063911171119
"weekday","common_obs","baseline","HAR",5,2010-04-09,2010-04-16,0.177390657004752,0.18620951074563
"weekday","common_obs","baseline","VHAR5",1,2010-04-09,2010-04-12,0.166648351079773,0.19063911171119
"weekday","common_obs","baseline","VHAR5",5,2010-04-09,2010-04-16,0.190293393324773,0.18620951074563
"weekday","common_obs","future_B_na","fBm",1,2010-04-09,2010-04-12,0.176934749428311,0.19063911171119
"weekday","common_obs","future_B_na","fBm",5,2010-04-09,2010-04-19,0.172942579126547,0.166556053391287
"weekday","common_obs","future_B_na","mfBm5",1,2010-04-09,2010-04-12,0.17545906825401,0.19063911171119
"weekday","common_obs","future_B_na","mfBm5",5,2010-04-09,2010-04-19,0.171839565844141,0.166556053391287
"weekday","common_obs","future_B_na","HAR",1,2010-04-09,2010-04-12,0.189138597379313,0.19063911171119
"weekday","common_obs","future_B_na","HAR",5,2010-04-09,2010-04-19,0.177390657004752,0.166556053391287
"weekday","common_obs","future_B_na","VHAR5",1,2010-04-09,2010-04-12,0.166648351079773,0.19063911171119
"weekday","common_obs","future_B_na","VHAR5",5,2010-04-09,2010-04-19,0.190293393324773,0.166556053391287
"weekday","common_obs","future_B_values","fBm",1,2010-04-09,2010-04-12,0.176934749428311,0.19063911171119
"weekday","common_obs","future_B_values","fBm",5,2010-04-09,2010-04-16,0.172942579126547,0.18620951074563
"weekday","common_obs","future_B_values","mfBm5",1,2010-04-09,2010-04-12,0.17545906825401,0.19063911171119
"weekday","common_obs","future_B_values","mfBm5",5,2010-04-09,2010-04-16,0.171839565844141,0.18620951074563
"weekday","common_obs","future_B_values","HAR",1,2010-04-09,2010-04-12,0.189138597379313,0.19063911171119
"weekday","common_obs","future_B_values","HAR",5,2010-04-09,2010-04-16,0.177390657004752,0.18620951074563
"weekday","common_obs","future_B_values","VHAR5",1,2010-04-09,2010-04-12,0.166648351079773,0.19063911171119
"weekday","common_obs","future_B_values","VHAR5",5,2010-04-09,2010-04-16,0.190293393324773,0.18620951074563
"weekday","common_obs","future_target_na","fBm",1,2010-04-09,2010-04-12,0.176934749428311,0.19063911171119
"weekday","common_obs","future_target_na","fBm",5,2010-04-09,2010-04-19,0.172942579126547,0.166556053391287
"weekday","common_obs","future_target_na","mfBm5",1,2010-04-09,2010-04-12,0.17545906825401,0.19063911171119
"weekday","common_obs","future_target_na","mfBm5",5,2010-04-09,2010-04-19,0.171839565844141,0.166556053391287
"weekday","common_obs","future_target_na","HAR",1,2010-04-09,2010-04-12,0.189138597379313,0.19063911171119
"weekday","common_obs","future_target_na","HAR",5,2010-04-09,2010-04-19,0.177390657004752,0.166556053391287
"weekday","common_obs","future_target_na","VHAR5",1,2010-04-09,2010-04-12,0.166648351079773,0.19063911171119
"weekday","common_obs","future_target_na","VHAR5",5,2010-04-09,2010-04-19,0.190293393324773,0.166556053391287
