"sample","table","panel","model","h","calendar","n","n_filtered","paper","pipeline","no_filter","rel_pipeline","rel_no_filter"
"dj30","Table 3","full","HAR",1,"trading",4508,0,0.5157,0.514467799756722,0.514467799756722,-0.00238937413860418,-0.00238937413860418
"dj30","Table 3","full","HAR",2,"trading",4508,0,0.6513,0.649607767320154,0.649607767320154,-0.0025982384152401,-0.0025982384152401
"dj30","Table 3","full","HAR",3,"trading",4507,0,0.7369,0.734515233301486,0.734515233301486,-0.00323621481681879,-0.00323621481681879
"dj30","Table 3","full","HAR",4,"trading",4506,0,0.787,0.785215175571369,0.785215175571369,-0.00226788364502062,-0.00226788364502062
"dj30","Table 3","full","HAR",5,"trading",4505,0,0.8678,0.866348312257032,0.866348312257032,-0.00167283676304253,-0.00167283676304253
"dj30","Table 3","full","HAR",10,"trading",4500,0,1.1109,1.11133489972694,1.11133489972694,0.000391484136234688,0.000391484136234688
"dj30","Table 3","full","HAR",15,"trading",4495,0,1.2468,1.24001758050807,1.24001758050807,-0.00543986163933918,-0.00543986163933918
"dj30","Table 3","full","HAR",20,"trading",4490,0,1.3072,1.3044505177714,1.3044505177714,-0.00210333707818111,-0.00210333707818111
"dj30","Table 3","full","VHAR2",1,"trading",4508,0,0.5316,0.528743230931187,0.528743230931187,-0.00537390720243214,-0.00537390720243214
"dj30","Table 3","full","VHAR2",2,"trading",4508,0,0.6703,0.66554798844913,0.66554798844913,-0.0070893802041927,-0.0070893802041927
"dj30","Table 3","full","VHAR2",3,"trading",4507,0,0.7701,0.76302591663863,0.76302591663863,-0.00918592827083464,-0.00918592827083464
"dj30","Table 3","full","VHAR2",4,"trading",4506,0,0.8292,0.822471453671554,0.822471453671554,-0.00811450353165222,-0.00811450353165222
"dj30","Table 3","full","VHAR2",5,"trading",4505,0,0.9307,0.922736169530275,0.922736169530275,-0.00855681795393193,-0.00855681795393193
"dj30","Table 3","full","VHAR2",10,"trading",4500,10,1.2834,1.25061760547755,1.27214047204856,-0.0255433960748433,-0.00877320239320389
"dj30","Table 3","full","VHAR2",15,"trading",4495,13,1.456,1.39526210546738,1.44021687072901,-0.0417155869042716,-0.0108400613124913
"dj30","Table 3","full","VHAR2",20,"trading",4490,20,1.5053,1.44635195546721,1.49904561560451,-0.0391603298563667,-0.00415490891881243
"dj30","Table 3","full","VHAR3",1,"trading",4508,0,0.5384,0.535219295403053,0.535219295403053,-0.00590769798838586,-0.00590769798838586
"dj30","Table 3","full","VHAR3",2,"trading",4508,0,0.6838,0.678446780693389,0.678446780693389,-0.00782863308951531,-0.00782863308951531
"dj30","Table 3","full","VHAR3",3,"trading",4507,0,0.7863,0.777979221360576,0.777979221360576,-0.0105821933605801,-0.0105821933605801
"dj30","Table 3","full","VHAR3",4,"trading",4506,0,0.8482,0.839957262978675,0.839957262978675,-0.00971791679005485,-0.00971791679005485
"dj30","Table 3","full","VHAR3",5,"trading",4505,0,0.9563,0.9454685896425,0.9454685896425,-0.0113263728510933,-0.0113263728510933
"dj30","Table 3","full","VHAR3",10,"trading",4500,7,1.3236,1.29136724962194,1.30072397583464,-0.0243523348277889,-0.0172831853772726
"dj30","Table 3","full","VHAR3",15,"trading",4495,13,1.5065,1.44802232690011,1.47458558293916,-0.0388169087951475,-0.0211844786331494
"dj30","Table 3","full","VHAR3",20,"trading",4490,20,1.5581,1.48256433382654,1.52967365646804,-0.0484793441842387,-0.0182442356279853
"dj30","Table 3","full","VHAR4",1,"trading",4508,0,0.5457,0.542736804608434,0.542736804608434,-0.00543008134793166,-0.00543008134793166
"dj30","Table 3","full","VHAR4",2,"trading",4508,0,0.6977,0.693118029205365,0.693118029205365,-0.00656725067311903,-0.00656725067311903
"dj30","Table 3","full","VHAR4",3,"trading",4507,0,0.8074,0.799853310548069,0.799853310548069,-0.00934690296251073,-0.00934690296251073
"dj30","Table 3","full","VHAR4",4,"trading",4506,0,0.875,0.868351884988976,0.868351884988976,-0.00759784572688482,-0.00759784572688482
"dj30","Table 3","full","VHAR4",5,"trading",4505,0,0.9852,0.975218253423033,0.975218253423033,-0.0101316956729265,-0.0101316956729265
"dj30","Table 3","full","VHAR4",10,"trading",4500,13,1.3666,1.31811445192628,1.35031950776246,-0.03547896097887,-0.0119131364243699
"dj30","Table 3","full","VHAR4",15,"trading",4495,38,1.663,1.51492071302964,1.65154977368194,-0.0890434678113983,-0.00688528341434647
"dj30","Table 3","full","VHAR4",20,"trading",4490,45,1.9388,1.69810156356934,1.92008674153059,-0.124148151656001,-0.0096519798171103
"dj30","Table 3","full","VHAR5",1,"trading",4508,0,0.558,0.553669879234872,0.553669879234872,-0.00776007305578486,-0.00776007305578486
"dj30","Table 3","full","VHAR5",2,"trading",4508,0,0.7072,0.700564722595585,0.700564722595585,-0.00938246239312068,-0.00938246239312068
"dj30","Table 3","full","VHAR5",3,"trading",4507,0,0.8158,0.804517784596568,0.804517784596568,-0.0138296339831229,-0.0138296339831229
"dj30","Table 3","full","VHAR5",4,"trading",4506,0,0.8973,0.884782648077471,0.884782648077471,-0.0139500188593882,-0.0139500188593882
"dj30","Table 3","full","VHAR5",5,"trading",4505,0,1.0088,0.992474384120038,0.992474384120038,-0.0161832036875118,-0.0161832036875118
"dj30","Table 3","full","VHAR5",10,"trading",4500,7,1.3626,1.3503214599541,1.35813084529456,-0.00901111114479547,-0.00327987282066411
"dj30","Table 3","full","VHAR5",15,"trading",4495,28,1.6406,1.60494398051202,1.65748368422168,-0.0217335240082769,0.0102911643433394
"dj30","Table 3","full","VHAR5",20,"trading",4490,20,1.8773,1.80107672508376,1.86307968994665,-0.0406026074235525,-0.00757487351693797
"dj30","Table 15","full","VHARF2",1,"trading",4508,0,0.5316,0.528743230931187,0.528743230931187,-0.00537390720243214,-0.00537390720243214
"dj30","Table 15","full","VHARF2",2,"trading",4508,0,0.6703,0.66554798844913,0.66554798844913,-0.0070893802041927,-0.0070893802041927
"dj30","Table 15","full","VHARF2",3,"trading",4507,0,0.7701,0.76302591663863,0.76302591663863,-0.00918592827083464,-0.00918592827083464
"dj30","Table 15","full","VHARF2",4,"trading",4506,0,0.8292,0.822471453671554,0.822471453671554,-0.00811450353165222,-0.00811450353165222
"dj30","Table 15","full","VHARF2",5,"trading",4505,0,0.9307,0.922736169530275,0.922736169530275,-0.00855681795393193,-0.00855681795393193
"dj30","Table 15","full","VHARF2",10,"trading",4500,10,1.2834,1.25061760547755,1.27214047204856,-0.0255433960748433,-0.00877320239320389
"dj30","Table 15","full","VHARF2",15,"trading",4495,13,1.456,1.39526210546738,1.44021687072901,-0.0417155869042716,-0.0108400613124913
"dj30","Table 15","full","VHARF2",20,"trading",4490,20,1.5053,1.44635195546721,1.49904561560451,-0.0391603298563667,-0.00415490891881243
"dj30","Table 15","full","VHARF3",1,"trading",4508,0,0.53,0.527217336807995,0.527217336807995,-0.00525030790944414,-0.00525030790944414
"dj30","Table 15","full","VHARF3",2,"trading",4508,0,0.6695,0.66521277435585,0.66521277435585,-0.00640362306818498,-0.00640362306818498
"dj30","Table 15","full","VHARF3",3,"trading",4507,0,0.7691,0.762270356525773,0.762270356525773,-0.00888004612433668,-0.00888004612433668
"dj30","Table 15","full","VHARF3",4,"trading",4506,0,0.8249,0.818140074696976,0.818140074696976,-0.0081948421663518,-0.0081948421663518
"dj30","Table 15","full","VHARF3",5,"trading",4505,0,0.9278,0.919654679305152,0.919654679305152,-0.00877917729558986,-0.00877917729558986
"dj30","Table 15","full","VHARF3",10,"trading",4500,6,1.2629,1.2430735527419,1.25053530247044,-0.0156991426542853,-0.00979071781578755
"dj30","Table 15","full","VHARF3",15,"trading",4495,12,1.3993,1.35933356791507,1.38155145103776,-0.0285617323554106,-0.0126838769114841
"dj30","Table 15","full","VHARF3",20,"trading",4490,17,1.4299,1.37856334357756,1.41532652999648,-0.0359022703842491,-0.0101919504885128
"dj30","Table 15","full","VHARF4",1,"trading",4508,0,0.5293,0.527020229907605,0.527020229907605,-0.00430714168221169,-0.00430714168221169
"dj30","Table 15","full","VHARF4",2,"trading",4508,0,0.6691,0.665235818273332,0.665235818273332,-0.0057751931350587,-0.0057751931350587
"dj30","Table 15","full","VHARF4",3,"trading",4507,0,0.7743,0.767851999817828,0.767851999817828,-0.0083275218677159,-0.0083275218677159
"dj30","Table 15","full","VHARF4",4,"trading",4506,0,0.8348,0.828628303559856,0.828628303559856,-0.00739302400592201,-0.00739302400592201
"dj30","Table 15","full","VHARF4",5,"trading",4505,0,0.9372,0.929423365033665,0.929423365033665,-0.00829773257184707,-0.00829773257184707
"dj30","Table 15","full","VHARF4",10,"trading",4500,8,1.2306,1.20371371241026,1.21576261733921,-0.021848112782174,-0.0120570312536866
"dj30","Table 15","full","VHARF4",15,"trading",4495,14,1.3949,1.34855490934144,1.37943719701073,-0.0332246689071334,-0.0110852412282385
"dj30","Table 15","full","VHARF4",20,"trading",4490,21,1.4871,1.42194064274492,1.47809399156951,-0.0438163924787044,-0.00605608797692825
"dj30","Table 15","full","VHARF5",1,"trading",4508,0,0.5323,0.530254593259359,0.530254593259359,-0.00384258264257109,-0.00384258264257109
"dj30","Table 15","full","VHARF5",2,"trading",4508,0,0.6712,0.667397451249154,0.667397451249154,-0.00566529909244051,-0.00566529909244051
"dj30","Table 15","full","VHARF5",3,"trading",4507,0,0.7773,0.770705445290274,0.770705445290274,-0.00848392475199489,-0.00848392475199489
"dj30","Table 15","full","VHARF5",4,"trading",4506,0,0.8378,0.831029383321746,0.831029383321746,-0.00808142358349684,-0.00808142358349684
"dj30","Table 15","full","VHARF5",5,"trading",4505,0,0.9454,0.93610479555954,0.93610479555954,-0.00983203346780226,-0.00983203346780226
"dj30","Table 15","full","VHARF5",10,"trading",4500,7,1.2351,1.21136819477997,1.22124851671778,-0.0192144807870024,-0.0112148678505509
"dj30","Table 15","full","VHARF5",15,"trading",4495,12,1.4075,1.37718342866876,1.40000162091275,-0.0215393046758333,-0.00532744517744466
"dj30","Table 15","full","VHARF5",20,"trading",4490,16,1.4925,1.46707444188691,1.49103123348761,-0.0170355498245153,-0.000984098165753178
"mag7","Table 17","vhar","HAR",1,"trading",2188,0,0.2876,0.299961739400765,0.299961739400765,0.0429824040360398,0.0429824040360398
"mag7","Table 17","vhar","HAR",2,"trading",2188,0,0.3814,0.395675187866316,0.395675187866316,0.037428389791075,0.037428389791075
"mag7","Table 17","vhar","HAR",3,"trading",2188,0,0.4575,0.473689770401988,0.473689770401988,0.0353874762884978,0.0353874762884978
"mag7","Table 17","vhar","HAR",4,"trading",2188,0,0.5204,0.53471643605249,0.53471643605249,0.0275104459117801,0.0275104459117801
"mag7","Table 17","vhar","HAR",5,"trading",2188,0,0.5842,0.604658379807769,0.604658379807769,0.0350194793012142,0.0350194793012142
"mag7","Table 17","vhar","HAR",10,"trading",2183,0,0.7698,0.794267362640514,0.794267362640514,0.0317840512347545,0.0317840512347545
"mag7","Table 17","vhar","HAR",15,"trading",2178,0,0.8024,0.829107522042885,0.829107522042885,0.033284548906886,0.033284548906886
"mag7","Table 17","vhar","HAR",20,"trading",2173,0,0.8502,0.871020216528991,0.871020216528991,0.0244886103610811,0.0244886103610811
"mag7","Table 17","vhar","VHAR2",1,"trading",2188,0,0.2909,0.302361159497543,0.302361159497543,0.0393989669905241,0.0393989669905241
"mag7","Table 17","vhar","VHAR2",2,"trading",2188,0,0.3922,0.406836234582763,0.406836234582763,0.0373182931737954,0.0373182931737954
"mag7","Table 17","vhar","VHAR2",3,"trading",2188,0,0.4765,0.492972733932086,0.492972733932086,0.0345702705815034,0.0345702705815034
"mag7","Table 17","vhar","VHAR2",4,"trading",2188,0,0.5485,0.56263536568331,0.56263536568331,0.0257709492858893,0.0257709492858893
"mag7","Table 17","vhar","VHAR2",5,"trading",2188,0,0.6303,0.651049061635256,0.651049061635256,0.0329193425912357,0.0329193425912357
"mag7","Table 17","vhar","VHAR2",10,"trading",2183,0,0.8854,0.908275534641484,0.908275534641484,0.0258363842799687,0.0258363842799687
"mag7","Table 17","vhar","VHAR2",15,"trading",2178,0,0.9025,0.92850613666325,0.92850613666325,0.0288156638927979,0.0288156638927979
"mag7","Table 17","vhar","VHAR2",20,"trading",2173,0,0.952,0.988068206617475,0.988068206617475,0.0378867716570115,0.0378867716570115
"mag7","Table 17","vhar","VHAR3",1,"trading",2188,0,0.2932,0.304845928669342,0.304845928669342,0.0397200841382743,0.0397200841382743
"mag7","Table 17","vhar","VHAR3",2,"trading",2188,0,0.3983,0.412428912366126,0.412428912366126,0.0354730413410134,0.0354730413410134
"mag7","Table 17","vhar","VHAR3",3,"trading",2188,0,0.4864,0.501497935048713,0.501497935048713,0.0310401625179133,0.0310401625179133
"mag7","Table 17","vhar","VHAR3",4,"trading",2188,0,0.5611,0.575120588025103,0.575120588025103,0.0249876813849632,0.0249876813849632
"mag7","Table 17","vhar","VHAR3",5,"trading",2188,0,0.6441,0.662476035175455,0.662476035175455,0.0285297860199583,0.0285297860199583
"mag7","Table 17","vhar","VHAR3",10,"trading",2183,3,0.8826,0.887364874001708,0.892644250859307,0.00539867890517609,0.0113802978238235
"mag7","Table 17","vhar","VHAR3",15,"trading",2178,6,0.9606,0.927608723179448,0.943411304067784,-0.0343444480746948,-0.0178937080285411
"mag7","Table 17","vhar","VHAR3",20,"trading",2173,4,1.0669,1.0340685499453,1.04397776569744,-0.0307727528865902,-0.0214848948379035
"mag7","Table 17","vhar","VHAR4",1,"trading",2188,0,0.2952,0.307165303214941,0.307165303214941,0.0405328699693128,0.0405328699693128
"mag7","Table 17","vhar","VHAR4",2,"trading",2188,0,0.4016,0.415362570061059,0.415362570061059,0.0342693477616003,0.0342693477616003
"mag7","Table 17","vhar","VHAR4",3,"trading",2188,0,0.4936,0.507062406836643,0.507062406836643,0.0272739198473315,0.0272739198473315
"mag7","Table 17","vhar","VHAR4",4,"trading",2188,0,0.5727,0.583506507521928,0.583506507521928,0.0188694037400527,0.0188694037400527
"mag7","Table 17","vhar","VHAR4",5,"trading",2188,0,0.6575,0.672703441703887,0.672703441703887,0.0231231052530605,0.0231231052530605
"mag7","Table 17","vhar","VHAR4",10,"trading",2183,8,0.9521,0.886915563424452,0.917229957107427,-0.0684638552416212,-0.0366243492202214
"mag7","Table 17","vhar","VHAR4",15,"trading",2178,10,1.1467,0.967212033159913,1.03009587472088,-0.156525653475266,-0.101686688130392
"mag7","Table 17","vhar","VHAR4",20,"trading",2173,17,1.3803,1.13033620961863,1.21646302105427,-0.181093813215513,-0.118696644892944
"mag7","Table 17","vhar","VHAR5",1,"trading",2188,0,0.2991,0.313888595379708,0.313888595379708,0.0494436488789962,0.0494436488789962
"mag7","Table 17","vhar","VHAR5",2,"trading",2188,0,0.4073,0.42660995104335,0.42660995104335,0.0474096514690641,0.0474096514690641
"mag7","Table 17","vhar","VHAR5",3,"trading",2188,0,0.5024,0.523138486751754,0.523138486751754,0.0412788350950519,0.0412788350950519
"mag7","Table 17","vhar","VHAR5",4,"trading",2188,0,0.592,0.613899531640834,0.613899531640834,0.0369924520960039,0.0369924520960039
"mag7","Table 17","vhar","VHAR5",5,"trading",2188,0,0.6937,0.724803973377855,0.724803973377855,0.0448377877726034,0.0448377877726034
"mag7","Table 17","vhar","VHAR5",10,"trading",2183,11,1.1794,1.06924604384693,1.16415066066903,-0.0933983009607169,-0.0129297433703361
"mag7","Table 17","vhar","VHAR5",15,"trading",2178,17,1.6927,1.17284553316587,1.52183608974261,-0.307115535436951,-0.100941637772431
"mag7","Table 17","vhar","VHAR5",20,"trading",2173,44,2.5475,1.2825774666616,2.20889191841269,-0.496534851163258,-0.132917794538689
"mag7","Table 17","vharf","VHARF2",1,"trading",2188,0,0.2909,0.302361159497543,0.302361159497543,0.0393989669905241,0.0393989669905241
"mag7","Table 17","vharf","VHARF2",2,"trading",2188,0,0.3922,0.406836234582763,0.406836234582763,0.0373182931737954,0.0373182931737954
"mag7","Table 17","vharf","VHARF2",3,"trading",2188,0,0.4765,0.492972733932086,0.492972733932086,0.0345702705815034,0.0345702705815034
"mag7","Table 17","vharf","VHARF2",4,"trading",2188,0,0.5485,0.56263536568331,0.56263536568331,0.0257709492858893,0.0257709492858893
"mag7","Table 17","vharf","VHARF2",5,"trading",2188,0,0.6303,0.651049061635256,0.651049061635256,0.0329193425912357,0.0329193425912357
"mag7","Table 17","vharf","VHARF2",10,"trading",2183,0,0.8854,0.908275534641484,0.908275534641484,0.0258363842799687,0.0258363842799687
"mag7","Table 17","vharf","VHARF2",15,"trading",2178,0,0.9025,0.92850613666325,0.92850613666325,0.0288156638927979,0.0288156638927979
"mag7","Table 17","vharf","VHARF2",20,"trading",2173,0,0.952,0.988068206617475,0.988068206617475,0.0378867716570115,0.0378867716570115
"mag7","Table 17","vharf","VHARF3",1,"trading",2188,0,0.2898,0.301806833948701,0.301806833948701,0.0414314490983476,0.0414314490983476
"mag7","Table 17","vharf","VHARF3",2,"trading",2188,0,0.3918,0.405970110909435,0.405970110909435,0.0361666945110639,0.0361666945110639
"mag7","Table 17","vharf","VHARF3",3,"trading",2188,0,0.476,0.492588632883554,0.492588632883554,0.0348500690830957,0.0348500690830957
"mag7","Table 17","vharf","VHARF3",4,"trading",2188,0,0.5475,0.562153339056879,0.562153339056879,0.0267640896016061,0.0267640896016061
"mag7","Table 17","vharf","VHARF3",5,"trading",2188,0,0.6245,0.644038197340979,0.644038197340979,0.0312861446612949,0.0312861446612949
"mag7","Table 17","vharf","VHARF3",10,"trading",2183,0,0.8823,0.893116265442868,0.893116265442868,0.0122591697187668,0.0122591697187668
"mag7","Table 17","vharf","VHARF3",15,"trading",2178,0,0.9298,0.949286151136136,0.949286151136136,0.0209573576426503,0.0209573576426503
"mag7","Table 17","vharf","VHARF3",20,"trading",2173,0,0.9964,1.03053044706908,1.03053044706908,0.0342537606072646,0.0342537606072646
"mag7","Table 17","vharf","VHARF4",1,"trading",2188,0,0.2899,0.3020000312603,0.3020000312603,0.041738638359089,0.041738638359089
"mag7","Table 17","vharf","VHARF4",2,"trading",2188,0,0.3914,0.405253882000623,0.405253882000623,0.0353957128273463,0.0353957128273463
"mag7","Table 17","vharf","VHARF4",3,"trading",2188,0,0.4755,0.491800022120829,0.491800022120829,0.034279752094277,0.034279752094277
"mag7","Table 17","vharf","VHARF4",4,"trading",2188,0,0.5474,0.561944795599157,0.561944795599157,0.0265706898048166,0.0265706898048166
"mag7","Table 17","vharf","VHARF4",5,"trading",2188,0,0.6227,0.64201581776213,0.64201581776213,0.0310194600323261,0.0310194600323261
"mag7","Table 17","vharf","VHARF4",10,"trading",2183,0,0.88,0.889719468559923,0.889719468559923,0.0110448506362764,0.0110448506362764
"mag7","Table 17","vharf","VHARF4",15,"trading",2178,0,0.9268,0.94455202176924,0.94455202176924,0.0191541020384549,0.0191541020384549
"mag7","Table 17","vharf","VHARF4",20,"trading",2173,0,0.9881,1.01799468304701,1.01799468304701,0.0302547141453369,0.0302547141453369
"mag7","Table 17","vharf","VHARF5",1,"trading",2188,0,0.2888,0.3013921762057,0.3013921762057,0.0436017181637813,0.0436017181637813
"mag7","Table 17","vharf","VHARF5",2,"trading",2188,0,0.3891,0.403070618769985,0.403070618769985,0.0359049570033028,0.0359049570033028
"mag7","Table 17","vharf","VHARF5",3,"trading",2188,0,0.4701,0.486275218641669,0.486275218641669,0.0344080379529221,0.0344080379529221
"mag7","Table 17","vharf","VHARF5",4,"trading",2188,0,0.5396,0.554433529642933,0.554433529642933,0.0274898621996527,0.0274898621996527
"mag7","Table 17","vharf","VHARF5",5,"trading",2188,0,0.6115,0.6314112311161,0.6314112311161,0.0325612937303352,0.0325612937303352
"mag7","Table 17","vharf","VHARF5",10,"trading",2183,0,0.8537,0.867429975960372,0.867429975960372,0.0160829049553377,0.0160829049553377
"mag7","Table 17","vharf","VHARF5",15,"trading",2178,0,0.8893,0.911187875458347,0.911187875458347,0.0246124766202032,0.0246124766202032
"mag7","Table 17","vharf","VHARF5",20,"trading",2173,0,0.9562,0.982929422452695,0.982929422452695,0.0279537988419738,0.0279537988419738
