"model","h","n_full","n_p1","n_p2","n_rest","ours_full","paper_full","ours_p1","paper_p1","ours_p2","paper_p2","ours_rest","paper_implied_rest"
"fBm",1,4508,2587,1075,846,0.500288861900563,0.5003,0.63493322353079,0.6349,0.410001508053548,0.3842,0.203284065030756,0.23623061465721
"fBm",5,4504,2583,1075,846,0.853081233962527,0.8523,1.01537428440174,1.0137,0.861145606024431,0.808,0.347322192294635,0.415806264775414
"fBm",20,4489,2568,1075,846,1.37314447618135,1.3685,1.63112247432622,1.6195,1.45773376338984,1.4648,0.482575938373824,0.484232269503546
"bfBm",1,4508,2587,1075,846,0.499336379707773,0.4993,0.632829403594983,0.6328,0.41087900754187,0.3849,0.203526949781216,0.236434160756501
"bfBm",5,4504,2583,1075,846,0.84725170624544,0.8465,1.00519217798759,1.0036,0.861322001011313,0.8081,0.347150281442497,0.415637943262411
"bfBm",20,4489,2568,1075,846,1.35772919213323,1.3532,1.60710492977128,1.5957,1.45406149083519,1.46,0.478350805183927,0.481391489361702
"mfBm5",1,4508,2587,1075,846,0.497906047467659,0.4979,0.630140230582224,0.6301,0.411115735836754,0.3855,0.203827741658961,0.236468085106383
"mfBm5",5,4504,2583,1075,846,0.842199146563502,0.8415,0.997149817032245,0.9956,0.862073855223704,0.809,0.343850572532193,0.412300472813238
"mfBm5",20,4489,2568,1075,846,1.34155262001597,1.337,1.57881480926136,1.5676,1.45461194080593,1.4612,0.477689650948193,0.47920354609929
