"sample","table","model","h","origin_date","target_date","forecast","actual","loss","share","pred_raw","filtered","window_min"
"mag7","Table 17","VHAR5",20,2020-02-24,2020-03-23,0.0543493521174069,1.00347,90.0830004237073,0.0323220956401625,0.0543493521174069,FALSE,0.0776463000000002
"mag7","Table 17","VHAR5",20,2020-02-12,2020-03-12,0.140834588298669,1.03893,80.6575368518984,0.0289402063426486,0.140834588298669,FALSE,0.0776463000000002
"mag7","Table 17","VHAR5",20,2020-08-07,2020-09-04,0.114020111302368,0.969847,73.243966341787,0.0262801913127779,0.114020111302368,FALSE,0.0776463000000002
"mag7","Table 17","VHAR5",20,2020-02-14,2020-03-16,0.122328252714214,0.929857,65.210267769295,0.02339767216507,0.122328252714214,FALSE,0.0776463000000002
"mag7","Table 17","VHAR5",20,2020-02-19,2020-03-18,0.113865146427498,0.915844,64.3170081577465,0.0230771674920443,0.113865146427498,FALSE,0.0776463000000002
"mag7","Table 17","VHAR5",20,2020-02-18,2020-03-17,0.116915017050211,0.896455,60.7682585017358,0.0218038637028159,0.116915017050211,FALSE,0.0776463000000002
"mag7","Table 17","VHAR5",20,2020-02-13,2020-03-13,0.126088676513119,0.877367,56.4419119341259,0.0202515554218633,0.126088676513119,FALSE,0.0776463000000002
"mag7","Table 17","VHAR5",20,2020-01-30,2020-02-28,0.209036758395608,0.95711,55.9613574804502,0.0200791308030235,0.209036758395608,FALSE,0.0776463000000002
"mag7","Table 17","VHAR5",20,2020-02-21,2020-03-20,0.105141624729588,0.767733,43.9027330582736,0.0157524541822498,0.105141624729588,FALSE,0.0776463000000002
"mag7","Table 17","VHAR5",20,2020-02-20,2020-03-19,0.116614629974481,0.758188,41.1616389125902,0.0147689400151068,0.116614629974481,FALSE,0.0776463000000002
"mag7","Table 19","VHAR3",10,2020-04-08,2020-04-23,0.000485069537836336,0.270117999999999,549.542166425205,0.742584871526746,0.000485069537836336,FALSE,0.0776463000000002
"mag7","Table 19","VHAR3",10,2020-04-07,2020-04-22,0.0209816064131656,0.219455,7.11189829584799,0.00961015988397746,0.0209816064131656,FALSE,0.0776463000000002
"mag7","Table 19","VHAR3",10,2020-04-14,2020-04-28,0.024685563444711,0.245246,6.63875131084808,0.00897080622826986,0.024685563444711,FALSE,0.0776463000000002
"mag7","Table 19","VHAR3",10,2020-04-15,2020-04-29,0.0235386429712157,0.225458000000001,6.3187167811899,0.00853835024106821,0.0235386429712157,FALSE,0.0776463000000002
"mag7","Table 19","VHAR3",10,2020-04-03,2020-04-20,0.0267720860333167,0.246979,6.00329949312679,0.00811213343616442,0.0267720860333167,FALSE,0.0776463000000002
"mag7","Table 19","VHAR3",10,2020-02-13,2020-02-28,0.194103343459196,0.95711,2.33540239137742,0.00315578055828823,0.194103343459196,FALSE,0.0776463000000002
"mag7","Table 19","VHAR3",10,2018-01-23,2018-02-06,0.134141863932606,0.644535,2.23524463091825,0.00302043946487078,0.134141863932606,FALSE,0.0735178000000002
"mag7","Table 19","VHAR3",10,2020-04-06,2020-04-21,0.0776463000000002,0.335455999999998,1.85698198634615,0.00250930104004316,-0.0193281013283616,TRUE,0.0776463000000002
"mag7","Table 19","VHAR3",10,2020-08-21,2020-09-04,0.230329317757244,0.969847,1.77306891609308,0.00239591105779914,0.230329317757244,FALSE,0.0776463000000002
"mag7","Table 19","VHAR3",10,2020-02-18,2020-03-03,0.191936681674597,0.781723,1.66848218079841,0.00225458518303068,0.191936681674597,FALSE,0.0776463000000002
"dj30","Table 18","VHAR4",15,2011-08-15,2011-09-06,0.00626475968657511,0.256645,36.2537020951602,0.0583069119734033,0.00626475968657511,FALSE,0.0521024
"dj30","Table 18","VHAR4",15,2008-11-11,2008-12-03,0.0189545554037502,0.653027,29.9126715223412,0.0481086180044302,0.0189545554037502,FALSE,0.0977529000000002
"dj30","Table 18","VHAR4",15,2011-08-11,2011-09-01,0.00733816599116158,0.19044,21.6957403420094,0.0348933087991649,0.00733816599116158,FALSE,0.0521024
"dj30","Table 18","VHAR4",15,2020-04-16,2020-05-07,0.00978633540357465,0.183088999999999,14.7796520374762,0.0237701481654117,0.00978633540357465,FALSE,0.0776463000000002
"dj30","Table 18","VHAR4",15,2008-11-12,2008-12-04,0.0335293944764619,0.621944,14.6287890264114,0.0235275148397692,0.0335293944764619,FALSE,0.0977529000000002
"dj30","Table 18","VHAR4",15,2011-09-08,2011-09-29,0.0173967275799824,0.305292,13.6838310723032,0.0220077368015394,0.0173967275799824,FALSE,0.0521024
"dj30","Table 18","VHAR4",15,2010-04-15,2010-05-06,0.153319024233433,1.80633,8.31498093148429,0.0133730028442338,0.153319024233433,FALSE,0.0920129000000002
"dj30","Table 18","VHAR4",15,2011-08-12,2011-09-02,0.0177188082614682,0.174381,6.55496023373617,0.0105423575317743,0.0177188082614682,FALSE,0.0521024
"dj30","Table 18","VHAR4",15,2008-10-30,2008-11-20,0.100687291979614,0.886108,5.62577497735159,0.00904794675935742,0.100687291979614,FALSE,0.0977529000000002
"dj30","Table 18","VHAR4",15,2008-10-31,2008-11-21,0.0977529000000002,0.80689,5.14363978318293,0.00827252762417826,-0.0830191724716882,TRUE,0.0977529000000002
"dj30","Table 3","VHAR4",20,2010-04-08,2010-05-06,0.237106078592524,1.80633,246.246371551745,0.0322968254988329,0.237106078592524,FALSE,0.102809
"dj30","Table 3","VHAR4",20,2008-08-29,2008-09-29,0.365708193861898,1.74404,189.979856781192,0.02491710332254,0.365708193861898,FALSE,0.0977529000000002
"dj30","Table 3","VHAR4",20,2008-09-05,2008-10-03,0.385976057595339,1.74843,185.6280745174,0.0243463385575735,0.385976057595339,FALSE,0.0977529000000002
"dj30","Table 3","VHAR4",20,2008-09-12,2008-10-10,0.366474624293465,1.70759,179.859045095648,0.0235896925393689,0.366474624293465,FALSE,0.0977529000000002
"dj30","Table 3","VHAR4",20,2008-09-10,2008-10-08,0.391870215120656,1.41124,103.911475832496,0.0136286710790502,0.391870215120656,FALSE,0.0977529000000002
"dj30","Table 3","VHAR4",20,2008-09-18,2008-10-16,0.379426802062079,1.28994,82.9034283619141,0.0108733279690056,0.379426802062079,FALSE,0.0977529000000002
"dj30","Table 3","VHAR4",20,2020-02-12,2020-03-12,0.185647943796478,1.03893,72.809026743891,0.00954938103927825,0.185647943796478,FALSE,0.0776463000000002
"dj30","Table 3","VHAR4",20,2015-07-27,2015-08-24,0.182215948262009,1.03541,72.794008992109,0.00954741136270746,0.182215948262009,FALSE,0.0812839000000003
"dj30","Table 3","VHAR4",20,2008-09-26,2008-10-24,0.334901614715919,1.16426,68.783533124102,0.00902141116843014,0.334901614715919,FALSE,0.0977529000000002
"dj30","Table 3","VHAR4",20,2008-09-08,2008-10-06,0.396788113737373,1.2083,65.8551541545526,0.00863733507432162,0.396788113737373,FALSE,0.0977529000000002
"dj30","Table 2","fBm",1,2020-02-27,2020-02-28,0.445503929317634,0.95711,26.1740771559051,0.0594056513050246,NA,NA,NA
"dj30","Table 2","fBm",1,2020-03-11,2020-03-12,0.528021909298641,1.03893,26.1027077144108,0.0592436685871627,NA,NA,NA
"dj30","Table 2","fBm",1,2020-09-03,2020-09-04,0.528403295466529,0.969847,19.4872544272234,0.0442289917042886,NA,NA,NA
"dj30","Table 2","fBm",1,2020-02-21,2020-02-24,0.19980906998223,0.564373,13.2906859070001,0.0301650311448604,NA,NA,NA
"dj30","Table 2","fBm",1,2020-03-23,2020-03-24,0.852229763381065,0.541482,9.65641724463346,0.0219165608886082,NA,NA,NA
"dj30","Table 2","fBm",1,2018-02-05,2018-02-06,0.354181240110885,0.644535,8.43053058817461,0.0191342432993652,NA,NA,NA
"dj30","Table 2","fBm",1,2020-03-06,2020-03-09,0.434771073304364,0.719513,8.10779648183428,0.0184017540631147,NA,NA,NA
"dj30","Table 2","fBm",1,2020-09-01,2020-09-02,0.2987583289277,0.577674,7.77939515697113,0.0176564022985912,NA,NA,NA
"dj30","Table 2","fBm",1,2020-03-20,2020-03-23,0.73825809456193,1.00347,7.03373547860919,0.0159640255786352,NA,NA,NA
"dj30","Table 2","fBm",1,2018-02-02,2018-02-05,0.232293224906899,0.492382,6.76461709294295,0.0153532245603821,NA,NA,NA
