"cell","sample","table","class","period","metric","h","model","n","p_pipeline_seed","p_seed_mean","p_seed_min","p_seed_max","p_B1000_seed7"
"cell1","dj30","Table 2","mfbm","full","MSFE",1,"fBm",4508,0.4028,0.40464,0.3896,0.416,0.374
"cell1","dj30","Table 2","mfbm","full","MSFE",1,"bfBm",4508,0.6464,0.64472,0.635,0.6504,0.619
"cell1","dj30","Table 2","mfbm","full","MSFE",1,"mfBm3",4508,0.6464,0.64472,0.635,0.6504,0.619
"cell1","dj30","Table 2","mfbm","full","MSFE",1,"mfBm4",4508,0.6464,0.64472,0.635,0.6504,0.619
"cell1","dj30","Table 2","mfbm","full","MSFE",1,"mfBm5",4508,1,1,1,1,1
"cell2","dj30","Table 2","mfbm","full","MSFE",5,"fBm",4505,0.1074,0.1042,0.101,0.1074,0.113
"cell2","dj30","Table 2","mfbm","full","MSFE",5,"bfBm",4505,0.3024,0.29956,0.2958,0.3024,0.317
"cell2","dj30","Table 2","mfbm","full","MSFE",5,"mfBm3",4505,0.3214,0.32304,0.3176,0.3276,0.351
"cell2","dj30","Table 2","mfbm","full","MSFE",5,"mfBm4",4505,0.8012,0.7962,0.7894,0.8012,0.813
"cell2","dj30","Table 2","mfbm","full","MSFE",5,"mfBm5",4505,1,1,1,1,1
"cell3","dj30","Table 2","mfbm","full","MSFE",20,"fBm",4490,0.029,0.02696,0.0244,0.029,0.025
"cell3","dj30","Table 2","mfbm","full","MSFE",20,"bfBm",4490,0.143,0.13216,0.1284,0.143,0.124
"cell3","dj30","Table 2","mfbm","full","MSFE",20,"mfBm3",4490,0.176,0.16712,0.16,0.176,0.163
"cell3","dj30","Table 2","mfbm","full","MSFE",20,"mfBm4",4490,0.9578,0.95432,0.95,0.9578,0.953
"cell3","dj30","Table 2","mfbm","full","MSFE",20,"mfBm5",4490,1,1,1,1,1
"cell4","dj30","Table 3","vhar","full","MSFE",1,"HAR",4508,1,1,1,1,1
"cell4","dj30","Table 3","vhar","full","MSFE",1,"VHAR2",4508,0.067,0.06584,0.0614,0.0674,0.057
"cell4","dj30","Table 3","vhar","full","MSFE",1,"VHAR3",4508,0.067,0.06584,0.0614,0.0674,0.056
"cell4","dj30","Table 3","vhar","full","MSFE",1,"VHAR4",4508,0.0414,0.04052,0.0388,0.0416,0.031
"cell4","dj30","Table 3","vhar","full","MSFE",1,"VHAR5",4508,0.0414,0.04052,0.0388,0.0416,0.031
"cell5","dj30","Table 3","vhar","full","MSFE",20,"HAR",4490,1,1,1,1,1
"cell5","dj30","Table 3","vhar","full","MSFE",20,"VHAR2",4490,0.0482,0.04272,0.0392,0.0482,0.036
"cell5","dj30","Table 3","vhar","full","MSFE",20,"VHAR3",4490,0.0272,0.0276,0.025,0.0308,0.033
"cell5","dj30","Table 3","vhar","full","MSFE",20,"VHAR4",4490,0.0272,0.0276,0.025,0.0308,0.033
"cell5","dj30","Table 3","vhar","full","MSFE",20,"VHAR5",4490,0.0034,0.00292,0.0022,0.0034,0.002
"cell6","dj30","Table 18","vhar","full","QLIKE",15,"HAR",4495,1,1,1,1,1
"cell6","dj30","Table 18","vhar","full","QLIKE",15,"VHAR2",4495,0.079,0.08248,0.0772,0.0856,0.086
"cell6","dj30","Table 18","vhar","full","QLIKE",15,"VHAR3",4495,0.079,0.08248,0.0772,0.0856,0.086
"cell6","dj30","Table 18","vhar","full","QLIKE",15,"VHAR4",4495,0.079,0.08248,0.0772,0.0856,0.086
"cell6","dj30","Table 18","vhar","full","QLIKE",15,"VHAR5",4495,0.042,0.04072,0.0376,0.0428,0.053
"cell7","mag7","Table 17","vhar","full","MSFE",20,"HAR",2173,1,1,1,1,1
"cell7","mag7","Table 17","vhar","full","MSFE",20,"VHAR2",2173,0.0318,0.03312,0.029,0.0366,0.044
"cell7","mag7","Table 17","vhar","full","MSFE",20,"VHAR3",2173,0.0318,0.03312,0.029,0.0366,0.044
"cell7","mag7","Table 17","vhar","full","MSFE",20,"VHAR4",2173,0.0202,0.01988,0.0168,0.025,0.02
"cell7","mag7","Table 17","vhar","full","MSFE",20,"VHAR5",2173,0.0202,0.01988,0.0168,0.025,0.02
"cell8","mag7","Table 19","vhar","full","QLIKE",10,"HAR",2183,1,1,1,1,1
"cell8","mag7","Table 19","vhar","full","QLIKE",10,"VHAR2",2183,0.5768,0.57796,0.5718,0.5848,0.612
"cell8","mag7","Table 19","vhar","full","QLIKE",10,"VHAR3",2183,0.5768,0.57796,0.5718,0.5848,0.612
"cell8","mag7","Table 19","vhar","full","QLIKE",10,"VHAR4",2183,0.5768,0.57796,0.5718,0.5848,0.612
"cell8","mag7","Table 19","vhar","full","QLIKE",10,"VHAR5",2183,0.5768,0.57796,0.5718,0.5848,0.612
