table,panel,model,h,metric,value,mcs_p
Table 2,full,fBm,1,MSFEx100,0.5003,0.4016
Table 2,full,fBm,2,MSFEx100,0.6428,0.325
Table 2,full,fBm,3,MSFEx100,0.7296,0.2032
Table 2,full,fBm,4,MSFEx100,0.7778,0.202
Table 2,full,fBm,5,MSFEx100,0.8523,0.1
Table 2,full,fBm,10,MSFEx100,1.0705,0.08
Table 2,full,fBm,15,MSFEx100,1.2456,0.081
Table 2,full,fBm,20,MSFEx100,1.3685,0.0732
Table 2,full,bfBm,1,MSFEx100,0.4993,0.6312
Table 2,full,bfBm,2,MSFEx100,0.6405,0.7382
Table 2,full,bfBm,3,MSFEx100,0.726,0.403
Table 2,full,bfBm,4,MSFEx100,0.773,0.4882
Table 2,full,bfBm,5,MSFEx100,0.8465,0.2734
Table 2,full,bfBm,10,MSFEx100,1.0611,0.3828
Table 2,full,bfBm,15,MSFEx100,1.2328,0.3538
Table 2,full,bfBm,20,MSFEx100,1.3532,0.3592
Table 2,full,mfBm3,1,MSFEx100,0.4986,0.6312
Table 2,full,mfBm3,2,MSFEx100,0.6397,0.8352
Table 2,full,mfBm3,3,MSFEx100,0.7246,0.46
Table 2,full,mfBm3,4,MSFEx100,0.7716,0.4882
Table 2,full,mfBm3,5,MSFEx100,0.8439,0.2872
Table 2,full,mfBm3,10,MSFEx100,1.0592,0.3876
Table 2,full,mfBm3,15,MSFEx100,1.2278,0.3538
Table 2,full,mfBm3,20,MSFEx100,1.3471,0.3592
Table 2,full,mfBm4,1,MSFEx100,0.4984,0.6312
Table 2,full,mfBm4,2,MSFEx100,0.6397,0.8352
Table 2,full,mfBm4,3,MSFEx100,0.7235,0.5318
Table 2,full,mfBm4,4,MSFEx100,0.7705,0.4882
Table 2,full,mfBm4,5,MSFEx100,0.8419,0.47
Table 2,full,mfBm4,10,MSFEx100,1.0548,0.4714
Table 2,full,mfBm4,15,MSFEx100,1.2206,0.9082
Table 2,full,mfBm4,20,MSFEx100,1.3378,0.826
Table 2,full,mfBm5,1,MSFEx100,0.4979,1.0
Table 2,full,mfBm5,2,MSFEx100,0.6391,1.0
Table 2,full,mfBm5,3,MSFEx100,0.723,1.0
Table 2,full,mfBm5,4,MSFEx100,0.7696,1.0
Table 2,full,mfBm5,5,MSFEx100,0.8415,1.0
Table 2,full,mfBm5,10,MSFEx100,1.055,1.0
Table 2,full,mfBm5,15,MSFEx100,1.2195,1.0
Table 2,full,mfBm5,20,MSFEx100,1.337,1.0
Table 2,period1,fBm,1,MSFEx100,0.6349,0.2618
Table 2,period1,fBm,2,MSFEx100,0.8028,0.2862
Table 2,period1,fBm,3,MSFEx100,0.8933,0.2028
Table 2,period1,fBm,4,MSFEx100,0.9288,0.216
Table 2,period1,fBm,5,MSFEx100,1.0137,0.1058
Table 2,period1,fBm,10,MSFEx100,1.2629,0.0908
Table 2,period1,fBm,15,MSFEx100,1.4685,0.091
Table 2,period1,fBm,20,MSFEx100,1.6195,0.0788
Table 2,period1,bfBm,1,MSFEx100,0.6328,0.5622
Table 2,period1,bfBm,2,MSFEx100,0.7985,0.733
Table 2,period1,bfBm,3,MSFEx100,0.8869,0.4654
Table 2,period1,bfBm,4,MSFEx100,0.9202,0.5952
Table 2,period1,bfBm,5,MSFEx100,1.0036,0.3304
Table 2,period1,bfBm,10,MSFEx100,1.2474,0.4104
Table 2,period1,bfBm,15,MSFEx100,1.4479,0.389
Table 2,period1,bfBm,20,MSFEx100,1.5957,0.3368
Table 2,period1,mfBm3,1,MSFEx100,0.6315,0.5622
Table 2,period1,mfBm3,2,MSFEx100,0.7973,0.7492
Table 2,period1,mfBm3,3,MSFEx100,0.885,0.4654
Table 2,period1,mfBm3,4,MSFEx100,0.9184,0.5952
Table 2,period1,mfBm3,5,MSFEx100,0.9998,0.3304
Table 2,period1,mfBm3,10,MSFEx100,1.2449,0.4104
Table 2,period1,mfBm3,15,MSFEx100,1.4398,0.389
Table 2,period1,mfBm3,20,MSFEx100,1.5859,0.3368
Table 2,period1,mfBm4,1,MSFEx100,0.6309,0.5622
Table 2,period1,mfBm4,2,MSFEx100,0.797,0.7492
Table 2,period1,mfBm4,3,MSFEx100,0.8829,0.5478
Table 2,period1,mfBm4,4,MSFEx100,0.9166,0.5952
Table 2,period1,mfBm4,5,MSFEx100,0.9965,0.4208
Table 2,period1,mfBm4,10,MSFEx100,1.2379,0.4104
Table 2,period1,mfBm4,15,MSFEx100,1.4272,0.811
Table 2,period1,mfBm4,20,MSFEx100,1.5698,0.6426
Table 2,period1,mfBm5,1,MSFEx100,0.6301,1.0
Table 2,period1,mfBm5,2,MSFEx100,0.796,1.0
Table 2,period1,mfBm5,3,MSFEx100,0.8822,1.0
Table 2,period1,mfBm5,4,MSFEx100,0.9152,1.0
Table 2,period1,mfBm5,5,MSFEx100,0.9956,1.0
Table 2,period1,mfBm5,10,MSFEx100,1.2378,1.0
Table 2,period1,mfBm5,15,MSFEx100,1.425,1.0
Table 2,period1,mfBm5,20,MSFEx100,1.5676,1.0
Table 2,period2,fBm,1,MSFEx100,0.3842,1.0
Table 2,period2,fBm,2,MSFEx100,0.518,1.0
Table 2,period2,fBm,3,MSFEx100,0.6119,0.9274
Table 2,period2,fBm,4,MSFEx100,0.7114,0.9938
Table 2,period2,fBm,5,MSFEx100,0.808,1.0
Table 2,period2,fBm,10,MSFEx100,1.0794,0.842
Table 2,period2,fBm,15,MSFEx100,1.2913,0.8442
Table 2,period2,fBm,20,MSFEx100,1.4648,0.8778
Table 2,period2,bfBm,1,MSFEx100,0.3849,0.2298
Table 2,period2,bfBm,2,MSFEx100,0.5186,0.7328
Table 2,period2,bfBm,3,MSFEx100,0.6121,0.9274
Table 2,period2,bfBm,4,MSFEx100,0.7115,0.9938
Table 2,period2,bfBm,5,MSFEx100,0.8081,0.9968
Table 2,period2,bfBm,10,MSFEx100,1.0782,0.842
Table 2,period2,bfBm,15,MSFEx100,1.2886,0.8442
Table 2,period2,bfBm,20,MSFEx100,1.46,0.8884
Table 2,period2,mfBm3,1,MSFEx100,0.385,0.1112
Table 2,period2,mfBm3,2,MSFEx100,0.5185,0.7328
Table 2,period2,mfBm3,3,MSFEx100,0.6116,1.0
Table 2,period2,mfBm3,4,MSFEx100,0.7113,1.0
Table 2,period2,mfBm3,5,MSFEx100,0.8081,0.9968
Table 2,period2,mfBm3,10,MSFEx100,1.0781,0.8918
Table 2,period2,mfBm3,15,MSFEx100,1.289,0.8442
Table 2,period2,mfBm3,20,MSFEx100,1.4604,0.8884
Table 2,period2,mfBm4,1,MSFEx100,0.3858,0.0486
Table 2,period2,mfBm4,2,MSFEx100,0.5191,0.4882
Table 2,period2,mfBm4,3,MSFEx100,0.6121,0.9274
Table 2,period2,mfBm4,4,MSFEx100,0.7116,0.9538
Table 2,period2,mfBm4,5,MSFEx100,0.8083,0.9352
Table 2,period2,mfBm4,10,MSFEx100,1.0775,1.0
Table 2,period2,mfBm4,15,MSFEx100,1.2875,1.0
Table 2,period2,mfBm4,20,MSFEx100,1.4582,1.0
Table 2,period2,mfBm5,1,MSFEx100,0.3855,0.0556
Table 2,period2,mfBm5,2,MSFEx100,0.5191,0.4882
Table 2,period2,mfBm5,3,MSFEx100,0.6122,0.9274
Table 2,period2,mfBm5,4,MSFEx100,0.7115,0.9938
Table 2,period2,mfBm5,5,MSFEx100,0.809,0.48
Table 2,period2,mfBm5,10,MSFEx100,1.0793,0.842
Table 2,period2,mfBm5,15,MSFEx100,1.2895,0.8128
Table 2,period2,mfBm5,20,MSFEx100,1.4612,0.7246
Table 3,full,HAR,1,MSFEx100,0.5157,1.0
Table 3,full,HAR,2,MSFEx100,0.6513,1.0
Table 3,full,HAR,3,MSFEx100,0.7369,1.0
Table 3,full,HAR,4,MSFEx100,0.787,1.0
Table 3,full,HAR,5,MSFEx100,0.8678,1.0
Table 3,full,HAR,10,MSFEx100,1.1109,1.0
Table 3,full,HAR,15,MSFEx100,1.2468,1.0
Table 3,full,HAR,20,MSFEx100,1.3072,1.0
Table 3,full,VHAR2,1,MSFEx100,0.5316,0.049
Table 3,full,VHAR2,2,MSFEx100,0.6703,0.079
Table 3,full,VHAR2,3,MSFEx100,0.7701,0.031
Table 3,full,VHAR2,4,MSFEx100,0.8292,0.0424
Table 3,full,VHAR2,5,MSFEx100,0.9307,0.0352
Table 3,full,VHAR2,10,MSFEx100,1.2834,0.045
Table 3,full,VHAR2,15,MSFEx100,1.456,0.0558
Table 3,full,VHAR2,20,MSFEx100,1.5053,0.1044
Table 3,full,VHAR3,1,MSFEx100,0.5384,0.0466
Table 3,full,VHAR3,2,MSFEx100,0.6838,0.0244
Table 3,full,VHAR3,3,MSFEx100,0.7863,0.019
Table 3,full,VHAR3,4,MSFEx100,0.8482,0.0204
Table 3,full,VHAR3,5,MSFEx100,0.9563,0.0154
Table 3,full,VHAR3,10,MSFEx100,1.3236,0.045
Table 3,full,VHAR3,15,MSFEx100,1.5065,0.0558
Table 3,full,VHAR3,20,MSFEx100,1.5581,0.1044
Table 3,full,VHAR4,1,MSFEx100,0.5457,0.0394
Table 3,full,VHAR4,2,MSFEx100,0.6977,0.0232
Table 3,full,VHAR4,3,MSFEx100,0.8074,0.0172
Table 3,full,VHAR4,4,MSFEx100,0.875,0.0174
Table 3,full,VHAR4,5,MSFEx100,0.9852,0.015
Table 3,full,VHAR4,10,MSFEx100,1.3666,0.045
Table 3,full,VHAR4,15,MSFEx100,1.663,0.0558
Table 3,full,VHAR4,20,MSFEx100,1.9388,0.1044
Table 3,full,VHAR5,1,MSFEx100,0.558,0.0394
Table 3,full,VHAR5,2,MSFEx100,0.7072,0.0018
Table 3,full,VHAR5,3,MSFEx100,0.8158,0.0086
Table 3,full,VHAR5,4,MSFEx100,0.8973,0.0012
Table 3,full,VHAR5,5,MSFEx100,1.0088,0.01
Table 3,full,VHAR5,10,MSFEx100,1.3626,0.045
Table 3,full,VHAR5,15,MSFEx100,1.6406,0.0558
Table 3,full,VHAR5,20,MSFEx100,1.8773,0.1044
Table 15,full,HAR,1,MSFEx100,0.5157,1.0
Table 15,full,HAR,2,MSFEx100,0.6513,1.0
Table 15,full,HAR,3,MSFEx100,0.7369,1.0
Table 15,full,HAR,4,MSFEx100,0.787,1.0
Table 15,full,HAR,5,MSFEx100,0.8678,1.0
Table 15,full,HAR,10,MSFEx100,1.1109,1.0
Table 15,full,HAR,15,MSFEx100,1.2468,1.0
Table 15,full,HAR,20,MSFEx100,1.3072,1.0
Table 15,full,VHARF2,1,MSFEx100,0.5316,0.1446
Table 15,full,VHARF2,2,MSFEx100,0.6703,0.1664
Table 15,full,VHARF2,3,MSFEx100,0.7701,0.0958
Table 15,full,VHARF2,4,MSFEx100,0.8292,0.073
Table 15,full,VHARF2,5,MSFEx100,0.9307,0.0946
Table 15,full,VHARF2,10,MSFEx100,1.2834,0.1972
Table 15,full,VHARF2,15,MSFEx100,1.456,0.2186
Table 15,full,VHARF2,20,MSFEx100,1.5053,0.2222
Table 15,full,VHARF3,1,MSFEx100,0.53,0.1446
Table 15,full,VHARF3,2,MSFEx100,0.6695,0.1664
Table 15,full,VHARF3,3,MSFEx100,0.7691,0.0958
Table 15,full,VHARF3,4,MSFEx100,0.8249,0.073
Table 15,full,VHARF3,5,MSFEx100,0.9278,0.0946
Table 15,full,VHARF3,10,MSFEx100,1.2629,0.1972
Table 15,full,VHARF3,15,MSFEx100,1.3993,0.2186
Table 15,full,VHARF3,20,MSFEx100,1.4299,0.2222
Table 15,full,VHARF4,1,MSFEx100,0.5293,0.1446
Table 15,full,VHARF4,2,MSFEx100,0.6691,0.1664
Table 15,full,VHARF4,3,MSFEx100,0.7743,0.0958
Table 15,full,VHARF4,4,MSFEx100,0.8348,0.073
Table 15,full,VHARF4,5,MSFEx100,0.9372,0.0688
Table 15,full,VHARF4,10,MSFEx100,1.2306,0.1662
Table 15,full,VHARF4,15,MSFEx100,1.3949,0.1718
Table 15,full,VHARF4,20,MSFEx100,1.4871,0.2222
Table 15,full,VHARF5,1,MSFEx100,0.5323,0.1446
Table 15,full,VHARF5,2,MSFEx100,0.6712,0.1664
Table 15,full,VHARF5,3,MSFEx100,0.7773,0.0854
Table 15,full,VHARF5,4,MSFEx100,0.8378,0.0584
Table 15,full,VHARF5,5,MSFEx100,0.9454,0.0946
Table 15,full,VHARF5,10,MSFEx100,1.2351,0.1972
Table 15,full,VHARF5,15,MSFEx100,1.4075,0.2186
Table 15,full,VHARF5,20,MSFEx100,1.4925,0.2222
Table 16,full,LHAR,1,MSFEx100,0.5003,1.0
Table 16,full,LHAR,2,MSFEx100,0.6389,1.0
Table 16,full,LHAR,3,MSFEx100,0.7263,1.0
Table 16,full,LHAR,4,MSFEx100,0.7774,1.0
Table 16,full,LHAR,5,MSFEx100,0.851,1.0
Table 16,full,LHAR,10,MSFEx100,1.0568,1.0
Table 16,full,LHAR,15,MSFEx100,1.1918,1.0
Table 16,full,LHAR,20,MSFEx100,1.2721,1.0
Table 16,full,VLHAR2,1,MSFEx100,0.509,0.2292
Table 16,full,VLHAR2,2,MSFEx100,0.6495,0.2532
Table 16,full,VLHAR2,3,MSFEx100,0.7425,0.194
Table 16,full,VLHAR2,4,MSFEx100,0.7915,0.3522
Table 16,full,VLHAR2,5,MSFEx100,0.8723,0.1412
Table 16,full,VLHAR2,10,MSFEx100,1.1162,0.1462
Table 16,full,VLHAR2,15,MSFEx100,1.2874,0.167
Table 16,full,VLHAR2,20,MSFEx100,1.4055,0.1332
Table 16,full,VLHAR3,1,MSFEx100,0.5136,0.2292
Table 16,full,VLHAR3,2,MSFEx100,0.6563,0.084
Table 16,full,VLHAR3,3,MSFEx100,0.7565,0.083
Table 16,full,VLHAR3,4,MSFEx100,0.8066,0.093
Table 16,full,VLHAR3,5,MSFEx100,0.8954,0.1154
Table 16,full,VLHAR3,10,MSFEx100,1.1598,0.1462
Table 16,full,VLHAR3,15,MSFEx100,1.3485,0.167
Table 16,full,VLHAR3,20,MSFEx100,1.46,0.1332
Table 16,full,VLHAR4,1,MSFEx100,0.5174,0.1992
Table 16,full,VLHAR4,2,MSFEx100,0.6619,0.0678
Table 16,full,VLHAR4,3,MSFEx100,0.7675,0.083
Table 16,full,VLHAR4,4,MSFEx100,0.8184,0.093
Table 16,full,VLHAR4,5,MSFEx100,0.9079,0.1154
Table 16,full,VLHAR4,10,MSFEx100,1.1716,0.1462
Table 16,full,VLHAR4,15,MSFEx100,1.3644,0.167
Table 16,full,VLHAR4,20,MSFEx100,1.4771,0.1332
Table 16,full,VLHAR5,1,MSFEx100,0.5263,0.1376
Table 16,full,VLHAR5,2,MSFEx100,0.6699,0.0048
Table 16,full,VLHAR5,3,MSFEx100,0.7769,0.0124
Table 16,full,VLHAR5,4,MSFEx100,0.8349,0.0062
Table 16,full,VLHAR5,5,MSFEx100,0.9293,0.0128
Table 16,full,VLHAR5,10,MSFEx100,1.1905,0.0208
Table 16,full,VLHAR5,15,MSFEx100,1.3842,0.0394
Table 16,full,VLHAR5,20,MSFEx100,1.4928,0.0354
Table 17,mfbm,fBm,1,MSFEx100,0.2793,0.6086
Table 17,mfbm,fBm,2,MSFEx100,0.3754,0.7242
Table 17,mfbm,fBm,3,MSFEx100,0.4484,0.8884
Table 17,mfbm,fBm,4,MSFEx100,0.5072,0.5896
Table 17,mfbm,fBm,5,MSFEx100,0.5574,0.4706
Table 17,mfbm,fBm,10,MSFEx100,0.7139,0.3962
Table 17,mfbm,fBm,15,MSFEx100,0.8382,0.334
Table 17,mfbm,fBm,20,MSFEx100,0.9277,0.2852
Table 17,mfbm,bfBm,1,MSFEx100,0.2788,0.6086
Table 17,mfbm,bfBm,2,MSFEx100,0.3747,0.7242
Table 17,mfbm,bfBm,3,MSFEx100,0.4473,0.969
Table 17,mfbm,bfBm,4,MSFEx100,0.506,0.7982
Table 17,mfbm,bfBm,5,MSFEx100,0.5563,0.6258
Table 17,mfbm,bfBm,10,MSFEx100,0.7133,0.5078
Table 17,mfbm,bfBm,15,MSFEx100,0.8369,0.4002
Table 17,mfbm,bfBm,20,MSFEx100,0.927,0.3368
Table 17,mfbm,mfBm3,1,MSFEx100,0.2782,1.0
Table 17,mfbm,mfBm3,2,MSFEx100,0.3743,1.0
Table 17,mfbm,mfBm3,3,MSFEx100,0.447,1.0
Table 17,mfbm,mfBm3,4,MSFEx100,0.5055,0.7982
Table 17,mfbm,mfBm3,5,MSFEx100,0.5557,0.637
Table 17,mfbm,mfBm3,10,MSFEx100,0.7139,0.5918
Table 17,mfbm,mfBm3,15,MSFEx100,0.838,0.4838
Table 17,mfbm,mfBm3,20,MSFEx100,0.9286,0.3636
Table 17,mfbm,mfBm4,1,MSFEx100,0.282,0.4934
Table 17,mfbm,mfBm4,2,MSFEx100,0.3793,0.5618
Table 17,mfbm,mfBm4,3,MSFEx100,0.4486,0.8884
Table 17,mfbm,mfBm4,4,MSFEx100,0.5055,0.7982
Table 17,mfbm,mfBm4,5,MSFEx100,0.5545,0.637
Table 17,mfbm,mfBm4,10,MSFEx100,0.699,0.5918
Table 17,mfbm,mfBm4,15,MSFEx100,0.8117,0.4838
Table 17,mfbm,mfBm4,20,MSFEx100,0.8913,0.3636
Table 17,mfbm,mfBm5,1,MSFEx100,0.282,0.6086
Table 17,mfbm,mfBm5,2,MSFEx100,0.3785,0.7242
Table 17,mfbm,mfBm5,3,MSFEx100,0.4471,1.0
Table 17,mfbm,mfBm5,4,MSFEx100,0.5018,1.0
Table 17,mfbm,mfBm5,5,MSFEx100,0.5489,1.0
Table 17,mfbm,mfBm5,10,MSFEx100,0.6917,1.0
Table 17,mfbm,mfBm5,15,MSFEx100,0.8,1.0
Table 17,mfbm,mfBm5,20,MSFEx100,0.8774,1.0
Table 17,vhar,HAR,1,MSFEx100,0.2876,1.0
Table 17,vhar,HAR,2,MSFEx100,0.3814,1.0
Table 17,vhar,HAR,3,MSFEx100,0.4575,1.0
Table 17,vhar,HAR,4,MSFEx100,0.5204,1.0
Table 17,vhar,HAR,5,MSFEx100,0.5842,1.0
Table 17,vhar,HAR,10,MSFEx100,0.7698,1.0
Table 17,vhar,HAR,15,MSFEx100,0.8024,1.0
Table 17,vhar,HAR,20,MSFEx100,0.8502,1.0
Table 17,vhar,VHAR2,1,MSFEx100,0.2909,0.3014
Table 17,vhar,VHAR2,2,MSFEx100,0.3922,0.3284
Table 17,vhar,VHAR2,3,MSFEx100,0.4765,0.1494
Table 17,vhar,VHAR2,4,MSFEx100,0.5485,0.1794
Table 17,vhar,VHAR2,5,MSFEx100,0.6303,0.2672
Table 17,vhar,VHAR2,10,MSFEx100,0.8854,0.2746
Table 17,vhar,VHAR2,15,MSFEx100,0.9025,0.3512
Table 17,vhar,VHAR2,20,MSFEx100,0.952,0.4608
Table 17,vhar,VHAR3,1,MSFEx100,0.2932,0.3014
Table 17,vhar,VHAR3,2,MSFEx100,0.3983,0.3284
Table 17,vhar,VHAR3,3,MSFEx100,0.4864,0.1494
Table 17,vhar,VHAR3,4,MSFEx100,0.5611,0.1794
Table 17,vhar,VHAR3,5,MSFEx100,0.6441,0.2672
Table 17,vhar,VHAR3,10,MSFEx100,0.8826,0.2746
Table 17,vhar,VHAR3,15,MSFEx100,0.9606,0.3512
Table 17,vhar,VHAR3,20,MSFEx100,1.0669,0.4608
Table 17,vhar,VHAR4,1,MSFEx100,0.2952,0.3014
Table 17,vhar,VHAR4,2,MSFEx100,0.4016,0.3284
Table 17,vhar,VHAR4,3,MSFEx100,0.4936,0.1494
Table 17,vhar,VHAR4,4,MSFEx100,0.5727,0.1794
Table 17,vhar,VHAR4,5,MSFEx100,0.6575,0.2672
Table 17,vhar,VHAR4,10,MSFEx100,0.9521,0.2746
Table 17,vhar,VHAR4,15,MSFEx100,1.1467,0.3512
Table 17,vhar,VHAR4,20,MSFEx100,1.3803,0.4608
Table 17,vhar,VHAR5,1,MSFEx100,0.2991,0.1056
Table 17,vhar,VHAR5,2,MSFEx100,0.4073,0.2162
Table 17,vhar,VHAR5,3,MSFEx100,0.5024,0.1298
Table 17,vhar,VHAR5,4,MSFEx100,0.592,0.0958
Table 17,vhar,VHAR5,5,MSFEx100,0.6937,0.0576
Table 17,vhar,VHAR5,10,MSFEx100,1.1794,0.0574
Table 17,vhar,VHAR5,15,MSFEx100,1.6927,0.0494
Table 17,vhar,VHAR5,20,MSFEx100,2.5475,0.0462
Table 17,vharf,HAR,1,MSFEx100,0.2876,1.0
Table 17,vharf,HAR,2,MSFEx100,0.3814,1.0
Table 17,vharf,HAR,3,MSFEx100,0.4575,1.0
Table 17,vharf,HAR,4,MSFEx100,0.5204,1.0
Table 17,vharf,HAR,5,MSFEx100,0.5842,1.0
Table 17,vharf,HAR,10,MSFEx100,0.7698,1.0
Table 17,vharf,HAR,15,MSFEx100,0.8024,1.0
Table 17,vharf,HAR,20,MSFEx100,0.8502,1.0
Table 17,vharf,VHARF2,1,MSFEx100,0.2909,0.524
Table 17,vharf,VHARF2,2,MSFEx100,0.3922,0.4436
Table 17,vharf,VHARF2,3,MSFEx100,0.4765,0.305
Table 17,vharf,VHARF2,4,MSFEx100,0.5485,0.2604
Table 17,vharf,VHARF2,5,MSFEx100,0.6303,0.3086
Table 17,vharf,VHARF2,10,MSFEx100,0.8854,0.2598
Table 17,vharf,VHARF2,15,MSFEx100,0.9025,0.263
Table 17,vharf,VHARF2,20,MSFEx100,0.952,0.2398
Table 17,vharf,VHARF3,1,MSFEx100,0.2898,0.731
Table 17,vharf,VHARF3,2,MSFEx100,0.3918,0.4436
Table 17,vharf,VHARF3,3,MSFEx100,0.476,0.305
Table 17,vharf,VHARF3,4,MSFEx100,0.5475,0.2604
Table 17,vharf,VHARF3,5,MSFEx100,0.6245,0.3086
Table 17,vharf,VHARF3,10,MSFEx100,0.8823,0.2598
Table 17,vharf,VHARF3,15,MSFEx100,0.9298,0.263
Table 17,vharf,VHARF3,20,MSFEx100,0.9964,0.2398
Table 17,vharf,VHARF4,1,MSFEx100,0.2899,0.524
Table 17,vharf,VHARF4,2,MSFEx100,0.3914,0.4436
Table 17,vharf,VHARF4,3,MSFEx100,0.4755,0.305
Table 17,vharf,VHARF4,4,MSFEx100,0.5474,0.2024
Table 17,vharf,VHARF4,5,MSFEx100,0.6227,0.3086
Table 17,vharf,VHARF4,10,MSFEx100,0.88,0.248
Table 17,vharf,VHARF4,15,MSFEx100,0.9268,0.263
Table 17,vharf,VHARF4,20,MSFEx100,0.9881,0.2398
Table 17,vharf,VHARF5,1,MSFEx100,0.2888,0.731
Table 17,vharf,VHARF5,2,MSFEx100,0.3891,0.4436
Table 17,vharf,VHARF5,3,MSFEx100,0.4701,0.305
Table 17,vharf,VHARF5,4,MSFEx100,0.5396,0.2604
Table 17,vharf,VHARF5,5,MSFEx100,0.6115,0.3086
Table 17,vharf,VHARF5,10,MSFEx100,0.8537,0.2598
Table 17,vharf,VHARF5,15,MSFEx100,0.8893,0.263
Table 17,vharf,VHARF5,20,MSFEx100,0.9562,0.2398
Table 17,vlhar,LHAR,1,MSFEx100,0.2833,1.0
Table 17,vlhar,LHAR,2,MSFEx100,0.3782,1.0
Table 17,vlhar,LHAR,3,MSFEx100,0.4484,1.0
Table 17,vlhar,LHAR,4,MSFEx100,0.5076,1.0
Table 17,vlhar,LHAR,5,MSFEx100,0.5609,1.0
Table 17,vlhar,LHAR,10,MSFEx100,0.7111,1.0
Table 17,vlhar,LHAR,15,MSFEx100,0.7734,1.0
Table 17,vlhar,LHAR,20,MSFEx100,0.8268,1.0
Table 17,vlhar,VLHAR2,1,MSFEx100,0.2875,0.8472
Table 17,vlhar,VLHAR2,2,MSFEx100,0.3878,0.475
Table 17,vlhar,VLHAR2,3,MSFEx100,0.4627,0.4886
Table 17,vlhar,VLHAR2,4,MSFEx100,0.5227,0.4668
Table 17,vlhar,VLHAR2,5,MSFEx100,0.5801,0.4996
Table 17,vlhar,VLHAR2,10,MSFEx100,0.754,0.5762
Table 17,vlhar,VLHAR2,15,MSFEx100,0.8189,0.5968
Table 17,vlhar,VLHAR2,20,MSFEx100,0.8878,0.5936
Table 17,vlhar,VLHAR3,1,MSFEx100,0.2868,0.8472
Table 17,vlhar,VLHAR3,2,MSFEx100,0.3864,0.475
Table 17,vlhar,VLHAR3,3,MSFEx100,0.4596,0.4886
Table 17,vlhar,VLHAR3,4,MSFEx100,0.5164,0.6474
Table 17,vlhar,VLHAR3,5,MSFEx100,0.5698,0.7842
Table 17,vlhar,VLHAR3,10,MSFEx100,0.7347,0.5762
Table 17,vlhar,VLHAR3,15,MSFEx100,0.8164,0.5968
Table 17,vlhar,VLHAR3,20,MSFEx100,0.9086,0.5936
Table 17,vlhar,VLHAR4,1,MSFEx100,0.2841,0.8472
Table 17,vlhar,VLHAR4,2,MSFEx100,0.3799,0.7342
Table 17,vlhar,VLHAR4,3,MSFEx100,0.4547,0.4886
Table 17,vlhar,VLHAR4,4,MSFEx100,0.5148,0.6474
Table 17,vlhar,VLHAR4,5,MSFEx100,0.5704,0.7842
Table 17,vlhar,VLHAR4,10,MSFEx100,0.7488,0.5762
Table 17,vlhar,VLHAR4,15,MSFEx100,0.8397,0.5968
Table 17,vlhar,VLHAR4,20,MSFEx100,0.9369,0.5936
Table 17,vlhar,VLHAR5,1,MSFEx100,0.2888,0.8472
Table 17,vlhar,VLHAR5,2,MSFEx100,0.3936,0.475
Table 17,vlhar,VLHAR5,3,MSFEx100,0.48,0.2456
Table 17,vlhar,VLHAR5,4,MSFEx100,0.5565,0.2358
Table 17,vlhar,VLHAR5,5,MSFEx100,0.6307,0.2336
Table 17,vlhar,VLHAR5,10,MSFEx100,0.9054,0.2238
Table 17,vlhar,VLHAR5,15,MSFEx100,1.0053,0.2142
Table 17,vlhar,VLHAR5,20,MSFEx100,1.0578,0.2106
Table 18,mfbm,fBm,1,QLIKE,0.028,0.7192
Table 18,mfbm,fBm,2,QLIKE,0.0388,0.671
Table 18,mfbm,fBm,3,QLIKE,0.0448,1.0
Table 18,mfbm,fBm,4,QLIKE,0.0482,0.803
Table 18,mfbm,fBm,5,QLIKE,0.0523,0.095
Table 18,mfbm,fBm,10,QLIKE,0.0649,0.0252
Table 18,mfbm,fBm,15,QLIKE,0.0752,0.0448
Table 18,mfbm,fBm,20,QLIKE,0.0817,0.0248
Table 18,mfbm,bfBm,1,QLIKE,0.0279,1.0
Table 18,mfbm,bfBm,2,QLIKE,0.0388,1.0
Table 18,mfbm,bfBm,3,QLIKE,0.0448,0.9054
Table 18,mfbm,bfBm,4,QLIKE,0.0481,0.8182
Table 18,mfbm,bfBm,5,QLIKE,0.0521,0.3336
Table 18,mfbm,bfBm,10,QLIKE,0.0644,0.2536
Table 18,mfbm,bfBm,15,QLIKE,0.0746,0.4018
Table 18,mfbm,bfBm,20,QLIKE,0.0809,0.4066
Table 18,mfbm,mfBm3,1,QLIKE,0.028,0.202
Table 18,mfbm,mfBm3,2,QLIKE,0.0388,0.55
Table 18,mfbm,mfBm3,3,QLIKE,0.0448,0.4768
Table 18,mfbm,mfBm3,4,QLIKE,0.0481,0.8182
Table 18,mfbm,mfBm3,5,QLIKE,0.0521,0.3336
Table 18,mfbm,mfBm3,10,QLIKE,0.0644,0.3256
Table 18,mfbm,mfBm3,15,QLIKE,0.0743,0.6268
Table 18,mfbm,mfBm3,20,QLIKE,0.0807,0.471
Table 18,mfbm,mfBm4,1,QLIKE,0.028,0.202
Table 18,mfbm,mfBm4,2,QLIKE,0.0388,0.5044
Table 18,mfbm,mfBm4,3,QLIKE,0.0449,0.3292
Table 18,mfbm,mfBm4,4,QLIKE,0.0481,0.8182
Table 18,mfbm,mfBm4,5,QLIKE,0.052,0.3336
Table 18,mfbm,mfBm4,10,QLIKE,0.0643,0.3256
Table 18,mfbm,mfBm4,15,QLIKE,0.0742,0.6268
Table 18,mfbm,mfBm4,20,QLIKE,0.0806,0.471
Table 18,mfbm,mfBm5,1,QLIKE,0.028,0.7192
Table 18,mfbm,mfBm5,2,QLIKE,0.0388,0.55
Table 18,mfbm,mfBm5,3,QLIKE,0.0448,0.7052
Table 18,mfbm,mfBm5,4,QLIKE,0.0481,1.0
Table 18,mfbm,mfBm5,5,QLIKE,0.052,1.0
Table 18,mfbm,mfBm5,10,QLIKE,0.0643,1.0
Table 18,mfbm,mfBm5,15,QLIKE,0.074,1.0
Table 18,mfbm,mfBm5,20,QLIKE,0.0804,1.0
Table 18,vhar,HAR,1,QLIKE,0.0284,1.0
Table 18,vhar,HAR,2,QLIKE,0.0387,1.0
Table 18,vhar,HAR,3,QLIKE,0.0445,1.0
Table 18,vhar,HAR,4,QLIKE,0.048,1.0
Table 18,vhar,HAR,5,QLIKE,0.0522,1.0
Table 18,vhar,HAR,10,QLIKE,0.066,1.0
Table 18,vhar,HAR,15,QLIKE,0.0748,1.0
Table 18,vhar,HAR,20,QLIKE,0.0799,1.0
Table 18,vhar,VHAR2,1,QLIKE,0.0289,0.002
Table 18,vhar,VHAR2,2,QLIKE,0.0393,0.087
Table 18,vhar,VHAR2,3,QLIKE,0.0455,0.0795
Table 18,vhar,VHAR2,4,QLIKE,0.0497,0.0735
Table 18,vhar,VHAR2,5,QLIKE,0.0556,0.135
Table 18,vhar,VHAR2,10,QLIKE,0.0825,0.722
Table 18,vhar,VHAR2,15,QLIKE,0.1023,0.5855
Table 18,vhar,VHAR2,20,QLIKE,0.1604,0.232
Table 18,vhar,VHAR3,1,QLIKE,0.0294,0.0
Table 18,vhar,VHAR3,2,QLIKE,0.0403,0.002
Table 18,vhar,VHAR3,3,QLIKE,0.0469,0.016
Table 18,vhar,VHAR3,4,QLIKE,0.0521,0.0735
Table 18,vhar,VHAR3,5,QLIKE,0.0585,0.135
Table 18,vhar,VHAR3,10,QLIKE,0.1275,0.722
Table 18,vhar,VHAR3,15,QLIKE,0.1312,0.5855
Table 18,vhar,VHAR3,20,QLIKE,0.1593,0.232
Table 18,vhar,VHAR4,1,QLIKE,0.0301,0.0
Table 18,vhar,VHAR4,2,QLIKE,0.0419,0.002
Table 18,vhar,VHAR4,3,QLIKE,0.0495,0.004
Table 18,vhar,VHAR4,4,QLIKE,0.0554,0.0105
Table 18,vhar,VHAR4,5,QLIKE,0.0628,0.112
Table 18,vhar,VHAR4,10,QLIKE,0.2009,0.6735
Table 18,vhar,VHAR4,15,QLIKE,0.2896,0.3875
Table 18,vhar,VHAR4,20,QLIKE,0.4238,0.232
Table 18,vhar,VHAR5,1,QLIKE,0.031,0.0
Table 18,vhar,VHAR5,2,QLIKE,0.0437,0.0
Table 18,vhar,VHAR5,3,QLIKE,0.0525,0.0005
Table 18,vhar,VHAR5,4,QLIKE,0.0598,0.0105
Table 18,vhar,VHAR5,5,QLIKE,0.074,0.112
Table 18,vhar,VHAR5,10,QLIKE,0.1931,0.722
Table 18,vhar,VHAR5,15,QLIKE,0.2247,0.3875
Table 18,vhar,VHAR5,20,QLIKE,0.2137,0.232
Table 18,vharf,HAR,1,QLIKE,0.0284,1.0
Table 18,vharf,HAR,2,QLIKE,0.0387,1.0
Table 18,vharf,HAR,3,QLIKE,0.0445,1.0
Table 18,vharf,HAR,4,QLIKE,0.048,1.0
Table 18,vharf,HAR,5,QLIKE,0.0522,1.0
Table 18,vharf,HAR,10,QLIKE,0.066,1.0
Table 18,vharf,HAR,15,QLIKE,0.0748,1.0
Table 18,vharf,HAR,20,QLIKE,0.0799,1.0
Table 18,vharf,VHARF2,1,QLIKE,0.0289,0.236
Table 18,vharf,VHARF2,2,QLIKE,0.0393,0.34
Table 18,vharf,VHARF2,3,QLIKE,0.0455,0.318
Table 18,vharf,VHARF2,4,QLIKE,0.0497,0.3515
Table 18,vharf,VHARF2,5,QLIKE,0.0556,0.3505
Table 18,vharf,VHARF2,10,QLIKE,0.0825,0.5475
Table 18,vharf,VHARF2,15,QLIKE,0.1023,0.6345
Table 18,vharf,VHARF2,20,QLIKE,0.1604,0.477
Table 18,vharf,VHARF3,1,QLIKE,0.0289,0.236
Table 18,vharf,VHARF3,2,QLIKE,0.0395,0.0465
Table 18,vharf,VHARF3,3,QLIKE,0.0456,0.2405
Table 18,vharf,VHARF3,4,QLIKE,0.0496,0.3515
Table 18,vharf,VHARF3,5,QLIKE,0.0549,0.3505
Table 18,vharf,VHARF3,10,QLIKE,0.139,0.5475
Table 18,vharf,VHARF3,15,QLIKE,0.0992,0.6345
Table 18,vharf,VHARF3,20,QLIKE,0.1564,0.477
Table 18,vharf,VHARF4,1,QLIKE,0.0289,0.236
Table 18,vharf,VHARF4,2,QLIKE,0.0394,0.27
Table 18,vharf,VHARF4,3,QLIKE,0.0454,0.318
Table 18,vharf,VHARF4,4,QLIKE,0.0495,0.3515
Table 18,vharf,VHARF4,5,QLIKE,0.0551,0.244
Table 18,vharf,VHARF4,10,QLIKE,0.0806,0.5475
Table 18,vharf,VHARF4,15,QLIKE,0.1064,0.6345
Table 18,vharf,VHARF4,20,QLIKE,0.1374,0.477
Table 18,vharf,VHARF5,1,QLIKE,0.0288,0.236
Table 18,vharf,VHARF5,2,QLIKE,0.0393,0.34
Table 18,vharf,VHARF5,3,QLIKE,0.0456,0.2995
Table 18,vharf,VHARF5,4,QLIKE,0.0495,0.3515
Table 18,vharf,VHARF5,5,QLIKE,0.0553,0.3505
Table 18,vharf,VHARF5,10,QLIKE,0.0871,0.5475
Table 18,vharf,VHARF5,15,QLIKE,0.1066,0.6345
Table 18,vharf,VHARF5,20,QLIKE,0.1724,0.477
Table 18,vlhar,LHAR,1,QLIKE,0.0277,1.0
Table 18,vlhar,LHAR,2,QLIKE,0.0381,1.0
Table 18,vlhar,LHAR,3,QLIKE,0.0439,1.0
Table 18,vlhar,LHAR,4,QLIKE,0.0475,1.0
Table 18,vlhar,LHAR,5,QLIKE,0.0516,1.0
Table 18,vlhar,LHAR,10,QLIKE,0.064,1.0
Table 18,vlhar,LHAR,15,QLIKE,0.0729,1.0
Table 18,vlhar,LHAR,20,QLIKE,0.0779,1.0
Table 18,vlhar,VLHAR2,1,QLIKE,0.0279,0.145
Table 18,vlhar,VLHAR2,2,QLIKE,0.0382,0.5675
Table 18,vlhar,VLHAR2,3,QLIKE,0.0441,0.6575
Table 18,vlhar,VLHAR2,4,QLIKE,0.0477,0.6105
Table 18,vlhar,VLHAR2,5,QLIKE,0.0522,0.307
Table 18,vlhar,VLHAR2,10,QLIKE,0.0655,0.3255
Table 18,vlhar,VLHAR2,15,QLIKE,0.0761,0.2855
Table 18,vlhar,VLHAR2,20,QLIKE,0.0822,0.2525
Table 18,vlhar,VLHAR3,1,QLIKE,0.028,0.145
Table 18,vlhar,VLHAR3,2,QLIKE,0.0385,0.2615
Table 18,vlhar,VLHAR3,3,QLIKE,0.0445,0.3165
Table 18,vlhar,VLHAR3,4,QLIKE,0.0485,0.149
Table 18,vlhar,VLHAR3,5,QLIKE,0.0533,0.0565
Table 18,vlhar,VLHAR3,10,QLIKE,0.0676,0.036
Table 18,vlhar,VLHAR3,15,QLIKE,0.0789,0.0285
Table 18,vlhar,VLHAR3,20,QLIKE,0.0856,0.0445
Table 18,vlhar,VLHAR4,1,QLIKE,0.0282,0.0205
Table 18,vlhar,VLHAR4,2,QLIKE,0.0391,0.0335
Table 18,vlhar,VLHAR4,3,QLIKE,0.0456,0.0315
Table 18,vlhar,VLHAR4,4,QLIKE,0.0498,0.0275
Table 18,vlhar,VLHAR4,5,QLIKE,0.0547,0.025
Table 18,vlhar,VLHAR4,10,QLIKE,0.0699,0.032
Table 18,vlhar,VLHAR4,15,QLIKE,0.0823,0.0285
Table 18,vlhar,VLHAR4,20,QLIKE,0.0896,0.023
Table 18,vlhar,VLHAR5,1,QLIKE,0.0285,0.0015
Table 18,vlhar,VLHAR5,2,QLIKE,0.0397,0.0015
Table 18,vlhar,VLHAR5,3,QLIKE,0.0464,0.0045
Table 18,vlhar,VLHAR5,4,QLIKE,0.0508,0.0045
Table 18,vlhar,VLHAR5,5,QLIKE,0.056,0.0055
Table 18,vlhar,VLHAR5,10,QLIKE,0.0719,0.005
Table 18,vlhar,VLHAR5,15,QLIKE,0.0835,0.0075
Table 18,vlhar,VLHAR5,20,QLIKE,0.0899,0.0085
Table 19,mfbm,fBm,1,QLIKE,0.0234,0.8588
Table 19,mfbm,fBm,2,QLIKE,0.0317,0.7628
Table 19,mfbm,fBm,3,QLIKE,0.037,0.2552
Table 19,mfbm,fBm,4,QLIKE,0.0412,0.0892
Table 19,mfbm,fBm,5,QLIKE,0.0451,0.214
Table 19,mfbm,fBm,10,QLIKE,0.0562,0.2928
Table 19,mfbm,fBm,15,QLIKE,0.0647,0.2472
Table 19,mfbm,fBm,20,QLIKE,0.0722,0.2962
Table 19,mfbm,bfBm,1,QLIKE,0.0233,0.8588
Table 19,mfbm,bfBm,2,QLIKE,0.0316,0.986
Table 19,mfbm,bfBm,3,QLIKE,0.0369,0.7158
Table 19,mfbm,bfBm,4,QLIKE,0.041,0.5666
Table 19,mfbm,bfBm,5,QLIKE,0.045,0.592
Table 19,mfbm,bfBm,10,QLIKE,0.0562,0.4644
Table 19,mfbm,bfBm,15,QLIKE,0.0647,0.2618
Table 19,mfbm,bfBm,20,QLIKE,0.0723,0.2614
Table 19,mfbm,mfBm3,1,QLIKE,0.0233,1.0
Table 19,mfbm,mfBm3,2,QLIKE,0.0316,1.0
Table 19,mfbm,mfBm3,3,QLIKE,0.0369,0.7444
Table 19,mfbm,mfBm3,4,QLIKE,0.041,0.6074
Table 19,mfbm,mfBm3,5,QLIKE,0.045,0.592
Table 19,mfbm,mfBm3,10,QLIKE,0.0563,0.498
Table 19,mfbm,mfBm3,15,QLIKE,0.0647,0.3118
Table 19,mfbm,mfBm3,20,QLIKE,0.0724,0.2614
Table 19,mfbm,mfBm4,1,QLIKE,0.0234,0.8588
Table 19,mfbm,mfBm4,2,QLIKE,0.0317,0.7628
Table 19,mfbm,mfBm4,3,QLIKE,0.0369,0.7444
Table 19,mfbm,mfBm4,4,QLIKE,0.0409,0.6074
Table 19,mfbm,mfBm4,5,QLIKE,0.045,0.592
Table 19,mfbm,mfBm4,10,QLIKE,0.0557,0.498
Table 19,mfbm,mfBm4,15,QLIKE,0.0638,0.3118
Table 19,mfbm,mfBm4,20,QLIKE,0.0708,0.2962
Table 19,mfbm,mfBm5,1,QLIKE,0.0234,0.8588
Table 19,mfbm,mfBm5,2,QLIKE,0.0316,0.986
Table 19,mfbm,mfBm5,3,QLIKE,0.0368,1.0
Table 19,mfbm,mfBm5,4,QLIKE,0.0408,1.0
Table 19,mfbm,mfBm5,5,QLIKE,0.0446,1.0
Table 19,mfbm,mfBm5,10,QLIKE,0.0553,1.0
Table 19,mfbm,mfBm5,15,QLIKE,0.0632,1.0
Table 19,mfbm,mfBm5,20,QLIKE,0.0699,1.0
Table 19,vhar,HAR,1,QLIKE,0.0238,1.0
Table 19,vhar,HAR,2,QLIKE,0.0328,1.0
Table 19,vhar,HAR,3,QLIKE,0.0394,1.0
Table 19,vhar,HAR,4,QLIKE,0.0445,1.0
Table 19,vhar,HAR,5,QLIKE,0.049,1.0
Table 19,vhar,HAR,10,QLIKE,0.064,1.0
Table 19,vhar,HAR,15,QLIKE,0.0704,1.0
Table 19,vhar,HAR,20,QLIKE,0.0768,1.0
Table 19,vhar,VHAR2,1,QLIKE,0.0239,0.78
Table 19,vhar,VHAR2,2,QLIKE,0.0331,0.323
Table 19,vhar,VHAR2,3,QLIKE,0.0401,0.0925
Table 19,vhar,VHAR2,4,QLIKE,0.0456,0.1605
Table 19,vhar,VHAR2,5,QLIKE,0.051,0.2065
Table 19,vhar,VHAR2,10,QLIKE,0.1031,0.1825
Table 19,vhar,VHAR2,15,QLIKE,0.0771,0.5205
Table 19,vhar,VHAR2,20,QLIKE,0.0843,0.126
Table 19,vhar,VHAR3,1,QLIKE,0.0243,0.039
Table 19,vhar,VHAR3,2,QLIKE,0.0344,0.0465
Table 19,vhar,VHAR3,3,QLIKE,0.0427,0.0925
Table 19,vhar,VHAR3,4,QLIKE,0.0501,0.1605
Table 19,vhar,VHAR3,5,QLIKE,0.0606,0.2065
Table 19,vhar,VHAR3,10,QLIKE,0.1487,0.1825
Table 19,vhar,VHAR3,15,QLIKE,0.1215,0.5205
Table 19,vhar,VHAR3,20,QLIKE,0.1767,0.126
Table 19,vhar,VHAR4,1,QLIKE,0.0247,0.0295
Table 19,vhar,VHAR4,2,QLIKE,0.0355,0.0465
Table 19,vhar,VHAR4,3,QLIKE,0.0445,0.0925
Table 19,vhar,VHAR4,4,QLIKE,0.0555,0.1605
Table 19,vhar,VHAR4,5,QLIKE,0.1088,0.2065
Table 19,vhar,VHAR4,10,QLIKE,0.0921,0.17
Table 19,vhar,VHAR4,15,QLIKE,0.1541,0.5205
Table 19,vhar,VHAR4,20,QLIKE,0.1975,0.126
Table 19,vhar,VHAR5,1,QLIKE,0.0251,0.0055
Table 19,vhar,VHAR5,2,QLIKE,0.0365,0.007
Table 19,vhar,VHAR5,3,QLIKE,0.0456,0.0135
Table 19,vhar,VHAR5,4,QLIKE,0.0551,0.016
Table 19,vhar,VHAR5,5,QLIKE,0.1027,0.1165
Table 19,vhar,VHAR5,10,QLIKE,0.1113,0.1825
Table 19,vhar,VHAR5,15,QLIKE,0.2255,0.5205
Table 19,vhar,VHAR5,20,QLIKE,0.4699,0.1215
Table 19,vharf,HAR,1,QLIKE,0.0238,0.97
Table 19,vharf,HAR,2,QLIKE,0.0328,1.0
Table 19,vharf,HAR,3,QLIKE,0.0394,1.0
Table 19,vharf,HAR,4,QLIKE,0.0445,1.0
Table 19,vharf,HAR,5,QLIKE,0.049,1.0
Table 19,vharf,HAR,10,QLIKE,0.064,1.0
Table 19,vharf,HAR,15,QLIKE,0.0704,1.0
Table 19,vharf,HAR,20,QLIKE,0.0768,1.0
Table 19,vharf,VHARF2,1,QLIKE,0.0239,0.95
Table 19,vharf,VHARF2,2,QLIKE,0.0331,0.6215
Table 19,vharf,VHARF2,3,QLIKE,0.0401,0.625
Table 19,vharf,VHARF2,4,QLIKE,0.0456,0.2405
Table 19,vharf,VHARF2,5,QLIKE,0.051,0.1345
Table 19,vharf,VHARF2,10,QLIKE,0.1031,0.308
Table 19,vharf,VHARF2,15,QLIKE,0.0771,0.3075
Table 19,vharf,VHARF2,20,QLIKE,0.0843,0.298
Table 19,vharf,VHARF3,1,QLIKE,0.0238,1.0
Table 19,vharf,VHARF3,2,QLIKE,0.0331,0.6215
Table 19,vharf,VHARF3,3,QLIKE,0.04,0.625
Table 19,vharf,VHARF3,4,QLIKE,0.0454,0.2405
Table 19,vharf,VHARF3,5,QLIKE,0.0503,0.1345
Table 19,vharf,VHARF3,10,QLIKE,0.0676,0.308
Table 19,vharf,VHARF3,15,QLIKE,0.0747,0.3075
Table 19,vharf,VHARF3,20,QLIKE,0.0838,0.298
Table 19,vharf,VHARF4,1,QLIKE,0.0239,0.97
Table 19,vharf,VHARF4,2,QLIKE,0.0332,0.5955
Table 19,vharf,VHARF4,3,QLIKE,0.04,0.625
Table 19,vharf,VHARF4,4,QLIKE,0.0456,0.237
Table 19,vharf,VHARF4,5,QLIKE,0.0505,0.1345
Table 19,vharf,VHARF4,10,QLIKE,0.0671,0.308
Table 19,vharf,VHARF4,15,QLIKE,0.0748,0.3075
Table 19,vharf,VHARF4,20,QLIKE,0.084,0.298
Table 19,vharf,VHARF5,1,QLIKE,0.0239,0.968
Table 19,vharf,VHARF5,2,QLIKE,0.0333,0.5905
Table 19,vharf,VHARF5,3,QLIKE,0.04,0.625
Table 19,vharf,VHARF5,4,QLIKE,0.0455,0.2405
Table 19,vharf,VHARF5,5,QLIKE,0.0503,0.1345
Table 19,vharf,VHARF5,10,QLIKE,0.0662,0.308
Table 19,vharf,VHARF5,15,QLIKE,0.0735,0.3075
Table 19,vharf,VHARF5,20,QLIKE,0.0826,0.298
Table 19,vlhar,LHAR,1,QLIKE,0.0236,1.0
Table 19,vlhar,LHAR,2,QLIKE,0.0323,1.0
Table 19,vlhar,LHAR,3,QLIKE,0.0384,1.0
Table 19,vlhar,LHAR,4,QLIKE,0.0431,1.0
Table 19,vlhar,LHAR,5,QLIKE,0.0474,1.0
Table 19,vlhar,LHAR,10,QLIKE,0.0598,1.0
Table 19,vlhar,LHAR,15,QLIKE,0.0668,1.0
Table 19,vlhar,LHAR,20,QLIKE,0.0733,1.0
Table 19,vlhar,VLHAR2,1,QLIKE,0.0236,0.8435
Table 19,vlhar,VLHAR2,2,QLIKE,0.0325,0.5845
Table 19,vlhar,VLHAR2,3,QLIKE,0.039,0.133
Table 19,vlhar,VLHAR2,4,QLIKE,0.044,0.09
Table 19,vlhar,VLHAR2,5,QLIKE,0.0488,0.119
Table 19,vlhar,VLHAR2,10,QLIKE,0.0624,0.1455
Table 19,vlhar,VLHAR2,15,QLIKE,0.0706,0.178
Table 19,vlhar,VLHAR2,20,QLIKE,0.079,0.1985
Table 19,vlhar,VLHAR3,1,QLIKE,0.0237,0.4645
Table 19,vlhar,VLHAR3,2,QLIKE,0.0329,0.379
Table 19,vlhar,VLHAR3,3,QLIKE,0.0395,0.133
Table 19,vlhar,VLHAR3,4,QLIKE,0.0445,0.09
Table 19,vlhar,VLHAR3,5,QLIKE,0.0493,0.119
Table 19,vlhar,VLHAR3,10,QLIKE,0.0634,0.1455
Table 19,vlhar,VLHAR3,15,QLIKE,0.0739,0.178
Table 19,vlhar,VLHAR3,20,QLIKE,0.0837,0.1985
Table 19,vlhar,VLHAR4,1,QLIKE,0.0238,0.4645
Table 19,vlhar,VLHAR4,2,QLIKE,0.033,0.379
Table 19,vlhar,VLHAR4,3,QLIKE,0.0399,0.133
Table 19,vlhar,VLHAR4,4,QLIKE,0.0452,0.0705
Table 19,vlhar,VLHAR4,5,QLIKE,0.0504,0.069
Table 19,vlhar,VLHAR4,10,QLIKE,0.0664,0.075
Table 19,vlhar,VLHAR4,15,QLIKE,0.079,0.0785
Table 19,vlhar,VLHAR4,20,QLIKE,0.0914,0.0945
Table 19,vlhar,VLHAR5,1,QLIKE,0.0242,0.045
Table 19,vlhar,VLHAR5,2,QLIKE,0.0341,0.039
Table 19,vlhar,VLHAR5,3,QLIKE,0.0419,0.0515
Table 19,vlhar,VLHAR5,4,QLIKE,0.0483,0.0605
Table 19,vlhar,VLHAR5,5,QLIKE,0.0551,0.069
Table 19,vlhar,VLHAR5,10,QLIKE,0.0859,0.075
Table 19,vlhar,VLHAR5,15,QLIKE,0.106,0.0785
Table 19,vlhar,VLHAR5,20,QLIKE,0.142,0.0945
