table,method,n,delta,rho,eta,parameter,metric,paper_value
Table 4,BYZ,500,1/52,0,0,H1,bias,0.0013
Table 4,BYZ,500,1/52,0,0,H2,bias,-0.0012
Table 4,BYZ,500,1/52,0,0,sigma2_1,bias,0.0567
Table 4,BYZ,500,1/52,0,0,sigma2_2,bias,0.0222
Table 4,BYZ,500,1/52,0,0,rho,bias,0.0015
Table 4,BYZ,500,1/52,0,0,eta,bias,0.0003
Table 4,BYZ,500,1/52,0,0,H1,sd,0.0441
Table 4,BYZ,500,1/52,0,0,H2,sd,0.0356
Table 4,BYZ,500,1/52,0,0,sigma2_1,sd,0.3449
Table 4,BYZ,500,1/52,0,0,sigma2_2,sd,0.2934
Table 4,BYZ,500,1/52,0,0,rho,sd,0.0482
Table 4,BYZ,500,1/52,0,0,eta,sd,0.1192
Table 4,BYZ,500,1/52,0,0,H1,asym_se,0.0431
Table 4,BYZ,500,1/52,0,0,H2,asym_se,0.0351
Table 4,BYZ,500,1/52,0,0,sigma2_1,asym_se,0.3404
Table 4,BYZ,500,1/52,0,0,sigma2_2,asym_se,0.2774
Table 4,BYZ,500,1/52,0,0,rho,asym_se,0.0472
Table 4,BYZ,500,1/52,0,0,eta,asym_se,0.1137
Table 4,BYZ,500,1/52,0,0,H1,rmse,0.0441
Table 4,BYZ,500,1/52,0,0,H2,rmse,0.0357
Table 4,BYZ,500,1/52,0,0,sigma2_1,rmse,0.3496
Table 4,BYZ,500,1/52,0,0,sigma2_2,rmse,0.2943
Table 4,BYZ,500,1/52,0,0,rho,rmse,0.0483
Table 4,BYZ,500,1/52,0,0,eta,rmse,0.1192
Table 4,BYZ,1000,1/52,0,0,H1,bias,-0.0009
Table 4,BYZ,1000,1/52,0,0,H2,bias,0.0001
Table 4,BYZ,1000,1/52,0,0,sigma2_1,bias,0.0144
Table 4,BYZ,1000,1/52,0,0,sigma2_2,bias,0.0156
Table 4,BYZ,1000,1/52,0,0,rho,bias,-0.0005
Table 4,BYZ,1000,1/52,0,0,eta,bias,-0.0041
Table 4,BYZ,1000,1/52,0,0,H1,sd,0.0293
Table 4,BYZ,1000,1/52,0,0,H2,sd,0.0248
Table 4,BYZ,1000,1/52,0,0,sigma2_1,sd,0.2246
Table 4,BYZ,1000,1/52,0,0,sigma2_2,sd,0.1977
Table 4,BYZ,1000,1/52,0,0,rho,sd,0.0334
Table 4,BYZ,1000,1/52,0,0,eta,sd,0.0788
Table 4,BYZ,1000,1/52,0,0,H1,asym_se,0.0305
Table 4,BYZ,1000,1/52,0,0,H2,asym_se,0.0248
Table 4,BYZ,1000,1/52,0,0,sigma2_1,asym_se,0.2407
Table 4,BYZ,1000,1/52,0,0,sigma2_2,asym_se,0.1962
Table 4,BYZ,1000,1/52,0,0,rho,asym_se,0.0334
Table 4,BYZ,1000,1/52,0,0,eta,asym_se,0.0804
Table 4,BYZ,1000,1/52,0,0,H1,rmse,0.0293
Table 4,BYZ,1000,1/52,0,0,H2,rmse,0.0248
Table 4,BYZ,1000,1/52,0,0,sigma2_1,rmse,0.2250
Table 4,BYZ,1000,1/52,0,0,sigma2_2,rmse,0.1984
Table 4,BYZ,1000,1/52,0,0,rho,rmse,0.0334
Table 4,BYZ,1000,1/52,0,0,eta,rmse,0.0789
Table 4,BYZ,500,1/250,0,0,H1,bias,-0.0014
Table 4,BYZ,500,1/250,0,0,H2,bias,-0.0025
Table 4,BYZ,500,1/250,0,0,sigma2_1,bias,0.0837
Table 4,BYZ,500,1/250,0,0,sigma2_2,bias,0.0445
Table 4,BYZ,500,1/250,0,0,rho,bias,-0.0011
Table 4,BYZ,500,1/250,0,0,eta,bias,-0.0017
Table 4,BYZ,500,1/250,0,0,H1,sd,0.0430
Table 4,BYZ,500,1/250,0,0,H2,sd,0.0353
Table 4,BYZ,500,1/250,0,0,sigma2_1,sd,0.5132
Table 4,BYZ,500,1/250,0,0,sigma2_2,sd,0.4075
Table 4,BYZ,500,1/250,0,0,rho,sd,0.0480
Table 4,BYZ,500,1/250,0,0,eta,sd,0.1109
Table 4,BYZ,500,1/250,0,0,H1,asym_se,0.0431
Table 4,BYZ,500,1/250,0,0,H2,asym_se,0.0351
Table 4,BYZ,500,1/250,0,0,sigma2_1,asym_se,0.4756
Table 4,BYZ,500,1/250,0,0,sigma2_2,asym_se,0.3876
Table 4,BYZ,500,1/250,0,0,rho,asym_se,0.0472
Table 4,BYZ,500,1/250,0,0,eta,asym_se,0.1137
Table 4,BYZ,500,1/250,0,0,H1,rmse,0.0430
Table 4,BYZ,500,1/250,0,0,H2,rmse,0.0354
Table 4,BYZ,500,1/250,0,0,sigma2_1,rmse,0.5203
Table 4,BYZ,500,1/250,0,0,sigma2_2,rmse,0.4101
Table 4,BYZ,500,1/250,0,0,rho,rmse,0.0480
Table 4,BYZ,500,1/250,0,0,eta,rmse,0.1110
Table 4,BYZ,1000,1/250,0,0,H1,bias,-0.0005
Table 4,BYZ,1000,1/250,0,0,H2,bias,0.0001
Table 4,BYZ,1000,1/250,0,0,sigma2_1,bias,0.0399
Table 4,BYZ,1000,1/250,0,0,sigma2_2,bias,0.0366
Table 4,BYZ,1000,1/250,0,0,rho,bias,-0.0015
Table 4,BYZ,1000,1/250,0,0,eta,bias,0.0022
Table 4,BYZ,1000,1/250,0,0,H1,sd,0.0301
Table 4,BYZ,1000,1/250,0,0,H2,sd,0.0246
Table 4,BYZ,1000,1/250,0,0,sigma2_1,sd,0.3285
Table 4,BYZ,1000,1/250,0,0,sigma2_2,sd,0.2800
Table 4,BYZ,1000,1/250,0,0,rho,sd,0.0333
Table 4,BYZ,1000,1/250,0,0,eta,sd,0.0759
Table 4,BYZ,1000,1/250,0,0,H1,asym_se,0.0305
Table 4,BYZ,1000,1/250,0,0,H2,asym_se,0.0248
Table 4,BYZ,1000,1/250,0,0,sigma2_1,asym_se,0.3363
Table 4,BYZ,1000,1/250,0,0,sigma2_2,asym_se,0.2741
Table 4,BYZ,1000,1/250,0,0,rho,asym_se,0.0334
Table 4,BYZ,1000,1/250,0,0,eta,asym_se,0.0804
Table 4,BYZ,1000,1/250,0,0,H1,rmse,0.0301
Table 4,BYZ,1000,1/250,0,0,H2,rmse,0.0246
Table 4,BYZ,1000,1/250,0,0,sigma2_1,rmse,0.3309
Table 4,BYZ,1000,1/250,0,0,sigma2_2,rmse,0.2824
Table 4,BYZ,1000,1/250,0,0,rho,rmse,0.0334
Table 4,BYZ,1000,1/250,0,0,eta,rmse,0.0760
Table 5,BYZ,500,1/52,0.4,0,H1,bias,-0.0029
Table 5,BYZ,500,1/52,0.4,0,H2,bias,-0.0011
Table 5,BYZ,500,1/52,0.4,0,sigma2_1,bias,0.0214
Table 5,BYZ,500,1/52,0.4,0,sigma2_2,bias,0.0206
Table 5,BYZ,500,1/52,0.4,0,rho,bias,0.0006
Table 5,BYZ,500,1/52,0.4,0,eta,bias,0.0024
Table 5,BYZ,500,1/52,0.4,0,H1,sd,0.0420
Table 5,BYZ,500,1/52,0.4,0,H2,sd,0.0341
Table 5,BYZ,500,1/52,0.4,0,sigma2_1,sd,0.3285
Table 5,BYZ,500,1/52,0.4,0,sigma2_2,sd,0.2738
Table 5,BYZ,500,1/52,0.4,0,rho,sd,0.0402
Table 5,BYZ,500,1/52,0.4,0,eta,sd,0.1019
Table 5,BYZ,500,1/52,0.4,0,H1,asym_se,0.0431
Table 5,BYZ,500,1/52,0.4,0,H2,asym_se,0.0351
Table 5,BYZ,500,1/52,0.4,0,sigma2_1,asym_se,0.3404
Table 5,BYZ,500,1/52,0.4,0,sigma2_2,asym_se,0.2774
Table 5,BYZ,500,1/52,0.4,0,rho,asym_se,0.0394
Table 5,BYZ,500,1/52,0.4,0,eta,asym_se,0.1036
Table 5,BYZ,500,1/52,0.4,0,H1,rmse,0.0421
Table 5,BYZ,500,1/52,0.4,0,H2,rmse,0.0341
Table 5,BYZ,500,1/52,0.4,0,sigma2_1,rmse,0.3294
Table 5,BYZ,500,1/52,0.4,0,sigma2_2,rmse,0.2747
Table 5,BYZ,500,1/52,0.4,0,rho,rmse,0.0402
Table 5,BYZ,500,1/52,0.4,0,eta,rmse,0.1019
Table 5,BYZ,1000,1/52,0.4,0,H1,bias,-0.0007
Table 5,BYZ,1000,1/52,0.4,0,H2,bias,-0.0011
Table 5,BYZ,1000,1/52,0.4,0,sigma2_1,bias,0.0157
Table 5,BYZ,1000,1/52,0.4,0,sigma2_2,bias,0.0084
Table 5,BYZ,1000,1/52,0.4,0,rho,bias,-0.0006
Table 5,BYZ,1000,1/52,0.4,0,eta,bias,-0.0014
Table 5,BYZ,1000,1/52,0.4,0,H1,sd,0.0300
Table 5,BYZ,1000,1/52,0.4,0,H2,sd,0.0250
Table 5,BYZ,1000,1/52,0.4,0,sigma2_1,sd,0.2225
Table 5,BYZ,1000,1/52,0.4,0,sigma2_2,sd,0.1990
Table 5,BYZ,1000,1/52,0.4,0,rho,sd,0.0284
Table 5,BYZ,1000,1/52,0.4,0,eta,sd,0.0746
Table 5,BYZ,1000,1/52,0.4,0,H1,asym_se,0.0305
Table 5,BYZ,1000,1/52,0.4,0,H2,asym_se,0.0248
Table 5,BYZ,1000,1/52,0.4,0,sigma2_1,asym_se,0.2407
Table 5,BYZ,1000,1/52,0.4,0,sigma2_2,asym_se,0.1962
Table 5,BYZ,1000,1/52,0.4,0,rho,asym_se,0.0279
Table 5,BYZ,1000,1/52,0.4,0,eta,asym_se,0.0733
Table 5,BYZ,1000,1/52,0.4,0,H1,rmse,0.0300
Table 5,BYZ,1000,1/52,0.4,0,H2,rmse,0.0250
Table 5,BYZ,1000,1/52,0.4,0,sigma2_1,rmse,0.2230
Table 5,BYZ,1000,1/52,0.4,0,sigma2_2,rmse,0.1991
Table 5,BYZ,1000,1/52,0.4,0,rho,rmse,0.0284
Table 5,BYZ,1000,1/52,0.4,0,eta,rmse,0.0746
Table 5,BYZ,500,1/250,0.4,0,H1,bias,-0.0008
Table 5,BYZ,500,1/250,0.4,0,H2,bias,-0.0005
Table 5,BYZ,500,1/250,0.4,0,sigma2_1,bias,0.0868
Table 5,BYZ,500,1/250,0.4,0,sigma2_2,bias,0.0726
Table 5,BYZ,500,1/250,0.4,0,rho,bias,0.0014
Table 5,BYZ,500,1/250,0.4,0,eta,bias,0.0041
Table 5,BYZ,500,1/250,0.4,0,H1,sd,0.0421
Table 5,BYZ,500,1/250,0.4,0,H2,sd,0.0353
Table 5,BYZ,500,1/250,0.4,0,sigma2_1,sd,0.4956
Table 5,BYZ,500,1/250,0.4,0,sigma2_2,sd,0.4242
Table 5,BYZ,500,1/250,0.4,0,rho,sd,0.0388
Table 5,BYZ,500,1/250,0.4,0,eta,sd,0.1080
Table 5,BYZ,500,1/250,0.4,0,H1,asym_se,0.0431
Table 5,BYZ,500,1/250,0.4,0,H2,asym_se,0.0351
Table 5,BYZ,500,1/250,0.4,0,sigma2_1,asym_se,0.4756
Table 5,BYZ,500,1/250,0.4,0,sigma2_2,asym_se,0.3877
Table 5,BYZ,500,1/250,0.4,0,rho,asym_se,0.0394
Table 5,BYZ,500,1/250,0.4,0,eta,asym_se,0.1036
Table 5,BYZ,500,1/250,0.4,0,H1,rmse,0.0421
Table 5,BYZ,500,1/250,0.4,0,H2,rmse,0.0354
Table 5,BYZ,500,1/250,0.4,0,sigma2_1,rmse,0.5034
Table 5,BYZ,500,1/250,0.4,0,sigma2_2,rmse,0.4306
Table 5,BYZ,500,1/250,0.4,0,rho,rmse,0.0389
Table 5,BYZ,500,1/250,0.4,0,eta,rmse,0.1081
Table 5,BYZ,1000,1/250,0.4,0,H1,bias,-0.0032
Table 5,BYZ,1000,1/250,0.4,0,H2,bias,0.0003
Table 5,BYZ,1000,1/250,0.4,0,sigma2_1,bias,0.0149
Table 5,BYZ,1000,1/250,0.4,0,sigma2_2,bias,0.0387
Table 5,BYZ,1000,1/250,0.4,0,rho,bias,-0.0013
Table 5,BYZ,1000,1/250,0.4,0,eta,bias,0.0000
Table 5,BYZ,1000,1/250,0.4,0,H1,sd,0.0306
Table 5,BYZ,1000,1/250,0.4,0,H2,sd,0.0250
Table 5,BYZ,1000,1/250,0.4,0,sigma2_1,sd,0.3275
Table 5,BYZ,1000,1/250,0.4,0,sigma2_2,sd,0.2889
Table 5,BYZ,1000,1/250,0.4,0,rho,sd,0.0280
Table 5,BYZ,1000,1/250,0.4,0,eta,sd,0.0744
Table 5,BYZ,1000,1/250,0.4,0,H1,asym_se,0.0305
Table 5,BYZ,1000,1/250,0.4,0,H2,asym_se,0.0248
Table 5,BYZ,1000,1/250,0.4,0,sigma2_1,asym_se,0.3363
Table 5,BYZ,1000,1/250,0.4,0,sigma2_2,asym_se,0.2741
Table 5,BYZ,1000,1/250,0.4,0,rho,asym_se,0.0279
Table 5,BYZ,1000,1/250,0.4,0,eta,asym_se,0.0733
Table 5,BYZ,1000,1/250,0.4,0,H1,rmse,0.0308
Table 5,BYZ,1000,1/250,0.4,0,H2,rmse,0.0250
Table 5,BYZ,1000,1/250,0.4,0,sigma2_1,rmse,0.3279
Table 5,BYZ,1000,1/250,0.4,0,sigma2_2,rmse,0.2915
Table 5,BYZ,1000,1/250,0.4,0,rho,rmse,0.0280
Table 5,BYZ,1000,1/250,0.4,0,eta,rmse,0.0744
Table 6,BYZ,500,1/250,0.2,0,rho,bias,-0.0002
Table 6,BYZ,500,1/250,0.2,0,eta,bias,0.0019
Table 6,AC,500,1/250,0.2,0,rho,bias,0.0045
Table 6,AC,500,1/250,0.2,0,eta,bias,0.3078
Table 6,BYZ,1000,1/250,0.2,0,rho,bias,-0.0002
Table 6,BYZ,1000,1/250,0.2,0,eta,bias,-0.0041
Table 6,AC,1000,1/250,0.2,0,rho,bias,-0.0025
Table 6,AC,1000,1/250,0.2,0,eta,bias,0.2068
Table 6,BYZ,500,1/250,0.2,0,rho,sd,0.0456
Table 6,BYZ,500,1/250,0.2,0,eta,sd,0.1146
Table 6,AC,500,1/250,0.2,0,rho,sd,0.0477
Table 6,AC,500,1/250,0.2,0,eta,sd,0.1462
Table 6,BYZ,1000,1/250,0.2,0,rho,sd,0.0322
Table 6,BYZ,1000,1/250,0.2,0,eta,sd,0.0764
Table 6,AC,1000,1/250,0.2,0,rho,sd,0.0320
Table 6,AC,1000,1/250,0.2,0,eta,sd,0.0971
Table 6,BYZ,500,1/250,0.2,0,rho,rmse,0.0456
Table 6,BYZ,500,1/250,0.2,0,eta,rmse,0.1146
Table 6,AC,500,1/250,0.2,0,rho,rmse,0.0479
Table 6,AC,500,1/250,0.2,0,eta,rmse,0.3408
Table 6,BYZ,1000,1/250,0.2,0,rho,rmse,0.0322
Table 6,BYZ,1000,1/250,0.2,0,eta,rmse,0.0765
Table 6,AC,1000,1/250,0.2,0,rho,rmse,0.0321
Table 6,AC,1000,1/250,0.2,0,eta,rmse,0.2284
Table 6,BYZ,500,1/250,0.4,0,rho,bias,-0.0022
Table 6,BYZ,500,1/250,0.4,0,eta,bias,0.0005
Table 6,AC,500,1/250,0.4,0,rho,bias,-0.0026
Table 6,AC,500,1/250,0.4,0,eta,bias,0.2843
Table 6,BYZ,1000,1/250,0.4,0,rho,bias,-0.0012
Table 6,BYZ,1000,1/250,0.4,0,eta,bias,-0.0018
Table 6,AC,1000,1/250,0.4,0,rho,bias,-0.0014
Table 6,AC,1000,1/250,0.4,0,eta,bias,0.1936
Table 6,BYZ,500,1/250,0.4,0,rho,sd,0.0381
Table 6,BYZ,500,1/250,0.4,0,eta,sd,0.1093
Table 6,AC,500,1/250,0.4,0,rho,sd,0.0380
Table 6,AC,500,1/250,0.4,0,eta,sd,0.1407
Table 6,BYZ,1000,1/250,0.4,0,rho,sd,0.0276
Table 6,BYZ,1000,1/250,0.4,0,eta,sd,0.0735
Table 6,AC,1000,1/250,0.4,0,rho,sd,0.0269
Table 6,AC,1000,1/250,0.4,0,eta,sd,0.0950
Table 6,BYZ,500,1/250,0.4,0,rho,rmse,0.0382
Table 6,BYZ,500,1/250,0.4,0,eta,rmse,0.1093
Table 6,AC,500,1/250,0.4,0,rho,rmse,0.0381
Table 6,AC,500,1/250,0.4,0,eta,rmse,0.3173
Table 6,BYZ,1000,1/250,0.4,0,rho,rmse,0.0276
Table 6,BYZ,1000,1/250,0.4,0,eta,rmse,0.0735
Table 6,AC,1000,1/250,0.4,0,rho,rmse,0.0270
Table 6,AC,1000,1/250,0.4,0,eta,rmse,0.2157
Table 6,BYZ,500,1/250,0.2,0.5,rho,bias,0.0004
Table 6,BYZ,500,1/250,0.2,0.5,eta,bias,0.0116
Table 6,AC,500,1/250,0.2,0.5,rho,bias,-0.0033
Table 6,AC,500,1/250,0.2,0.5,eta,bias,-0.0541
Table 6,BYZ,1000,1/250,0.2,0.5,rho,bias,0.0000
Table 6,BYZ,1000,1/250,0.2,0.5,eta,bias,0.0012
Table 6,AC,1000,1/250,0.2,0.5,rho,bias,-0.0019
Table 6,AC,1000,1/250,0.2,0.5,eta,bias,-0.0864
Table 6,BYZ,500,1/250,0.2,0.5,rho,sd,0.0444
Table 6,BYZ,500,1/250,0.2,0.5,eta,sd,0.1357
Table 6,AC,500,1/250,0.2,0.5,rho,sd,0.0436
Table 6,AC,500,1/250,0.2,0.5,eta,sd,0.1946
Table 6,BYZ,1000,1/250,0.2,0.5,rho,sd,0.0314
Table 6,BYZ,1000,1/250,0.2,0.5,eta,sd,0.0894
Table 6,AC,1000,1/250,0.2,0.5,rho,sd,0.0295
Table 6,AC,1000,1/250,0.2,0.5,eta,sd,0.1479
Table 6,BYZ,500,1/250,0.2,0.5,rho,rmse,0.0444
Table 6,BYZ,500,1/250,0.2,0.5,eta,rmse,0.1362
Table 6,AC,500,1/250,0.2,0.5,rho,rmse,0.0437
Table 6,AC,500,1/250,0.2,0.5,eta,rmse,0.2020
Table 6,BYZ,1000,1/250,0.2,0.5,rho,rmse,0.0314
Table 6,BYZ,1000,1/250,0.2,0.5,eta,rmse,0.0894
Table 6,AC,1000,1/250,0.2,0.5,rho,rmse,0.0295
Table 6,AC,1000,1/250,0.2,0.5,eta,rmse,0.1713
Table 6,BYZ,500,1/250,0.4,0.5,rho,bias,0.0017
Table 6,BYZ,500,1/250,0.4,0.5,eta,bias,0.0051
Table 6,AC,500,1/250,0.4,0.5,rho,bias,-0.0011
Table 6,AC,500,1/250,0.4,0.5,eta,bias,-0.0573
Table 6,BYZ,1000,1/250,0.4,0.5,rho,bias,0.0006
Table 6,BYZ,1000,1/250,0.4,0.5,eta,bias,0.0037
Table 6,AC,1000,1/250,0.4,0.5,rho,bias,-0.0013
Table 6,AC,1000,1/250,0.4,0.5,eta,bias,-0.0852
Table 6,BYZ,500,1/250,0.4,0.5,rho,sd,0.0372
Table 6,BYZ,500,1/250,0.4,0.5,eta,sd,0.1279
Table 6,AC,500,1/250,0.4,0.5,rho,sd,0.0358
Table 6,AC,500,1/250,0.4,0.5,eta,sd,0.1835
Table 6,BYZ,1000,1/250,0.4,0.5,rho,sd,0.0269
Table 6,BYZ,1000,1/250,0.4,0.5,eta,sd,0.0874
Table 6,AC,1000,1/250,0.4,0.5,rho,sd,0.0253
Table 6,AC,1000,1/250,0.4,0.5,eta,sd,0.1468
Table 6,BYZ,500,1/250,0.4,0.5,rho,rmse,0.0372
Table 6,BYZ,500,1/250,0.4,0.5,eta,rmse,0.1280
Table 6,AC,500,1/250,0.4,0.5,rho,rmse,0.0358
Table 6,AC,500,1/250,0.4,0.5,eta,rmse,0.1924
Table 6,BYZ,1000,1/250,0.4,0.5,rho,rmse,0.0269
Table 6,BYZ,1000,1/250,0.4,0.5,eta,rmse,0.0875
Table 6,AC,1000,1/250,0.4,0.5,rho,rmse,0.0253
Table 6,AC,1000,1/250,0.4,0.5,eta,rmse,0.1697
Table 7,BYZ,500,1/250,0.4,0,eta,rejection_rate_0.01,0.0120
Table 7,BYZ,500,1/250,0.4,0.1,eta,rejection_rate_0.01,0.0616
Table 7,BYZ,500,1/250,0.4,0.2,eta,rejection_rate_0.01,0.2608
Table 7,BYZ,500,1/250,0.4,0.3,eta,rejection_rate_0.01,0.6214
Table 7,BYZ,500,1/250,0.4,0.4,eta,rejection_rate_0.01,0.8852
Table 7,BYZ,500,1/250,0.4,0.5,eta,rejection_rate_0.01,0.9856
Table 7,BYZ,500,1/250,0.4,0.6,eta,rejection_rate_0.01,0.9986
Table 7,BYZ,500,1/250,0.4,0.65,eta,rejection_rate_0.01,0.9998
Table 7,BYZ,1000,1/250,0.4,0,eta,rejection_rate_0.01,0.0122
Table 7,BYZ,1000,1/250,0.4,0.1,eta,rejection_rate_0.01,0.1074
Table 7,BYZ,1000,1/250,0.4,0.2,eta,rejection_rate_0.01,0.5556
Table 7,BYZ,1000,1/250,0.4,0.3,eta,rejection_rate_0.01,0.9230
Table 7,BYZ,1000,1/250,0.4,0.4,eta,rejection_rate_0.01,0.9978
Table 7,BYZ,1000,1/250,0.4,0.5,eta,rejection_rate_0.01,1.0000
Table 7,BYZ,1000,1/250,0.4,0.6,eta,rejection_rate_0.01,1.0000
Table 7,BYZ,1000,1/250,0.4,0.65,eta,rejection_rate_0.01,1.0000
Table 7,BYZ,500,1/250,0.4,0,eta,rejection_rate_0.05,0.0582
Table 7,BYZ,500,1/250,0.4,0.1,eta,rejection_rate_0.05,0.1610
Table 7,BYZ,500,1/250,0.4,0.2,eta,rejection_rate_0.05,0.4806
Table 7,BYZ,500,1/250,0.4,0.3,eta,rejection_rate_0.05,0.8126
Table 7,BYZ,500,1/250,0.4,0.4,eta,rejection_rate_0.05,0.9634
Table 7,BYZ,500,1/250,0.4,0.5,eta,rejection_rate_0.05,0.9972
Table 7,BYZ,500,1/250,0.4,0.6,eta,rejection_rate_0.05,1.0000
Table 7,BYZ,500,1/250,0.4,0.65,eta,rejection_rate_0.05,1.0000
Table 7,BYZ,1000,1/250,0.4,0,eta,rejection_rate_0.05,0.0526
Table 7,BYZ,1000,1/250,0.4,0.1,eta,rejection_rate_0.05,0.2742
Table 7,BYZ,1000,1/250,0.4,0.2,eta,rejection_rate_0.05,0.7736
Table 7,BYZ,1000,1/250,0.4,0.3,eta,rejection_rate_0.05,0.9772
Table 7,BYZ,1000,1/250,0.4,0.4,eta,rejection_rate_0.05,0.9996
Table 7,BYZ,1000,1/250,0.4,0.5,eta,rejection_rate_0.05,1.0000
Table 7,BYZ,1000,1/250,0.4,0.6,eta,rejection_rate_0.05,1.0000
Table 7,BYZ,1000,1/250,0.4,0.65,eta,rejection_rate_0.05,1.0000
Table 12,bfBm,500,1/250,0,0,rho,bias,-0.0006
Table 12,bfBm,500,1/250,0,0,eta,bias,-0.0009
Table 12,bfBm+noise,500,1/250,0,0,rho,bias,-0.0024
Table 12,bfBm+noise,500,1/250,0,0,eta,bias,-0.0004
Table 12,bfBm,1000,1/250,0,0,rho,bias,0.0027
Table 12,bfBm,1000,1/250,0,0,eta,bias,0.0037
Table 12,bfBm+noise,1000,1/250,0,0,rho,bias,0.0010
Table 12,bfBm+noise,1000,1/250,0,0,eta,bias,0.0016
Table 12,bfBm,500,1/250,0.4,0,rho,bias,-0.0022
Table 12,bfBm,500,1/250,0.4,0,eta,bias,0.0005
Table 12,bfBm+noise,500,1/250,0.4,0,rho,bias,-0.2430
Table 12,bfBm+noise,500,1/250,0.4,0,eta,bias,0.0008
Table 12,bfBm,1000,1/250,0.4,0,rho,bias,-0.0012
Table 12,bfBm,1000,1/250,0.4,0,eta,bias,-0.0018
Table 12,bfBm+noise,1000,1/250,0.4,0,rho,bias,-0.2436
Table 12,bfBm+noise,1000,1/250,0.4,0,eta,bias,0.0011
Table 12,bfBm,500,1/250,0,0.5,rho,bias,-0.0010
Table 12,bfBm,500,1/250,0,0.5,eta,bias,0.0040
Table 12,bfBm+noise,500,1/250,0,0.5,rho,bias,0.0011
Table 12,bfBm+noise,500,1/250,0,0.5,eta,bias,-0.3691
Table 12,bfBm,1000,1/250,0,0.5,rho,bias,0.0009
Table 12,bfBm,1000,1/250,0,0.5,eta,bias,0.0050
Table 12,bfBm+noise,1000,1/250,0,0.5,rho,bias,-0.0015
Table 12,bfBm+noise,1000,1/250,0,0.5,eta,bias,-0.3687
Table 12,bfBm,500,1/250,0.4,0.5,rho,bias,0.0017
Table 12,bfBm,500,1/250,0.4,0.5,eta,bias,0.0051
Table 12,bfBm+noise,500,1/250,0.4,0.5,rho,bias,-0.2405
Table 12,bfBm+noise,500,1/250,0.4,0.5,eta,bias,-0.3679
Table 12,bfBm,1000,1/250,0.4,0.5,rho,bias,0.0006
Table 12,bfBm,1000,1/250,0.4,0.5,eta,bias,0.0037
Table 12,bfBm+noise,1000,1/250,0.4,0.5,rho,bias,-0.2418
Table 12,bfBm+noise,1000,1/250,0.4,0.5,eta,bias,-0.3680
Table 20,rho_1,1000,1/1000,0.4,0,rho,mean,0.400
Table 20,rho_2nd_order,1000,1/1000,0.4,0,rho,mean,0.407
Table 20,rho_opt,1000,1/1000,0.4,0,rho,mean,0.400
Table 20,rho_opt_boot,1000,1/1000,0.4,0,rho,mean,0.398
Table 20,rho_1,1000,1/1000,0.4,0,rho,n_variance,0.77
Table 20,rho_2nd_order,1000,1/1000,0.4,0,rho,n_variance,1.16
Table 20,rho_opt,1000,1/1000,0.4,0,rho,n_variance,0.65
Table 20,rho_opt_boot,1000,1/1000,0.4,0,rho,n_variance,0.72
Table 20,rho_1,1000,1/1000,0.4,0,rho,n_rmse,0.88
Table 20,rho_2nd_order,1000,1/1000,0.4,0,rho,n_rmse,1.08
Table 20,rho_opt,1000,1/1000,0.4,0,rho,n_rmse,0.81
Table 20,rho_opt_boot,1000,1/1000,0.4,0,rho,n_rmse,0.85
