"ticker","permno","file","bytes","md5","first_day","last_day","downloaded"
"AAPL",14593,"risklab_AAPL.txt",716979,"1e825c4189bdf7ced254891692515f82","19960102","20261001","2026-10-04"
"ALD",10145,"risklab_ALD.txt",704368,"cd24f8fe9870dcec8ddd4871e5765b3c","19960102","20260626","2026-10-04"
"AMGN",14008,"risklab_AMGN.txt",710753,"3438cb211a854d6abf85dfd5dd21eb86","19960102","20261001","2026-10-04"
"AXP",59176,"risklab_AXP.txt",711550,"4fa61e6b220aa37e3b68e076340f2a98","19960102","20261001","2026-10-04"
"BA",19561,"risklab_BA.txt",711695,"faa94b29f553ce9901120c536df969e6","19960102","20261001","2026-10-04"
"BEL",65875,"risklab_BEL.txt",713891,"342b78e9a3abf467c4e92026ca0d6b5f","19960102","20261001","2026-10-04"
"CAT",18542,"risklab_CAT.txt",708943,"14b3721152f43b569f190eab7cd750d0","19960102","20261001","2026-10-04"
"CHV",14541,"risklab_CHV.txt",714370,"66cb011e91e0a22dce293740058e64ba","19960102","20261001","2026-10-04"
"CRM",90215,"risklab_CRM.txt",513977,"985715775b48d0a2b946690f119cd3d1","20040623","20261001","2026-10-04"
"CSCO",76076,"risklab_CSCO.txt",715822,"134716556db07523174dd872c5dd9cd3","19960102","20261001","2026-10-04"
"DIS",26403,"risklab_DIS.txt",713373,"bc8eec5f2d78ae1f68c1b1bf1d1e6285","19960102","20261001","2026-10-04"
"GS",86868,"risklab_GS.txt",632400,"d7606f428e9aa720224491dc2ab654bc","19990504","20261001","2026-10-04"
"HD",66181,"risklab_HD.txt",713078,"d521ce3e6609ac2bd0cadf5e0dc86444","19960102","20261001","2026-10-04"
"IBM",12490,"risklab_IBM.txt",716502,"0645f59e58a3498c3081b32b059d30bd","19960102","20261001","2026-10-04"
"INTC",59328,"risklab_INTC.txt",714889,"a039631d7c4129a47a24ceb8a10913d3","19960102","20261001","2026-10-04"
"JNJ",22111,"risklab_JNJ.txt",722955,"0bc016d8d385294a1a96c4d00fa4c538","19960102","20261001","2026-10-04"
"JPM",47896,"risklab_JPM.txt",711486,"bb8d5dd7f811330192c7040e64567dd3","19960102","20261001","2026-10-04"
"KO",11308,"risklab_KO.txt",721105,"8974778dd66c52a0bfe4b4ffecf605a6","19960102","20261001","2026-10-04"
"MCD",43449,"risklab_MCD.txt",717304,"9812fcf1e3161d6cef87f1add8f5b1b0","19960102","20261001","2026-10-04"
"MMM",22592,"risklab_MMM.txt",714131,"add7d346b1be08b4bdce99884b1f4817","19960102","20261001","2026-10-04"
"MRK",22752,"risklab_MRK.txt",713461,"add9a48793572a798ec3a2c525c9e03e","19960102","20261001","2026-10-04"
"MSFT",10107,"risklab_MSFT.txt",719845,"8bffe9966c1c64becdb591f07c60af19","19960102","20261001","2026-10-04"
"NIKE",57665,"risklab_NIKE.txt",709654,"bede7620fe20f4fafd94573fc403290a","19960102","20261001","2026-10-04"
"PG",18163,"risklab_PG.txt",720135,"ce6defd68245b3ee5cfba89ee3f52ee7","19960102","20261001","2026-10-04"
"SPC",59459,"risklab_SPC.txt",708841,"61502bb9e5dd3e87d2583dbb3b7535b8","19960102","20261001","2026-10-04"
"UNH",92655,"risklab_UNH.txt",708467,"14f7f9776af10e87f7197090e63e3b0e","19960102","20261001","2026-10-04"
"V",92611,"risklab_V.txt",431241,"d012bf4bdb2fc91a5313b024808dcff6","20080319","20261001","2026-10-04"
"WAG",19502,"risklab_WAG.txt",680114,"bc8e6a06c40c54f7d63c3b6910c81aa2","19960102","20250827","2026-10-04"
"WMT",55976,"risklab_WMT.txt",713673,"4f597d45bb8eaee80dc091390eaaa748","19960102","20261001","2026-10-04"
"XOM",11850,"risklab_XOM.txt",706113,"cd6c0073c84256a49f3a36aaa61e6f58","19960102","20260701","2026-10-04"
"AMZN",84788,"risklab_AMZN.txt",680518,"55be4d47fda12e3df19eab8d71834196","19970515","20261001","2026-10-04"
"FB",13407,"risklab_FB.txt",335095,"aeb118f97ba3a3818596694f70011a96","20120518","20261001","2026-10-04"
"GOOG",14542,"risklab_GOOG.txt",291491,"60110ac45c724bdc166a0937c4ea2411","20140402","20261001","2026-10-04"
