"dimension","window","h","period","metric","n","baseline_loss","proposed_loss","gain_pct","ci_low","ci_high","uncertainty_status","bootstrap_B","block_trading_days","origin_step_median","n_calendar_origins","paired_calendar_coverage","bootstrap_calendar","n_origin_gaps","inferential_scope"
1,1000,1,"full","MSFE",12,0.00247570359804069,0.00227174391353299,8.23845328936466,NA,NA,"unavailable_sparse_or_insufficient_blocks",0,20,63,694,0.0172910662824208,"trading_positions_missing_pairs_retained",11,"descriptive_only"
1,1000,1,"full","QLIKE",12,0.0173386334811408,0.0164436177315009,5.16197398493579,NA,NA,"unavailable_sparse_or_insufficient_blocks",0,20,63,694,0.0172910662824208,"trading_positions_missing_pairs_retained",11,"descriptive_only"
1,1000,10,"full","MSFE",12,0.00556163992602789,0.00222955876829686,59.911846182944,NA,NA,"unavailable_sparse_or_insufficient_blocks",0,20,63,694,0.0172910662824208,"trading_positions_missing_pairs_retained",11,"descriptive_only"
1,1000,10,"full","QLIKE",12,0.0447955687135567,0.0268777135867209,39.9991687602199,NA,NA,"unavailable_sparse_or_insufficient_blocks",0,20,63,694,0.0172910662824208,"trading_positions_missing_pairs_retained",11,"descriptive_only"
1,1000,15,"full","MSFE",12,0.00798278785348825,0.00442265027839585,44.5976723975788,NA,NA,"unavailable_sparse_or_insufficient_blocks",0,20,63,694,0.0172910662824208,"trading_positions_missing_pairs_retained",11,"descriptive_only"
1,1000,15,"full","QLIKE",12,0.0541828701529424,0.0417281687065764,22.9864187910497,NA,NA,"unavailable_sparse_or_insufficient_blocks",0,20,63,694,0.0172910662824208,"trading_positions_missing_pairs_retained",11,"descriptive_only"
1,1000,2,"full","MSFE",12,0.003612580201414,0.0027453813289213,24.0049721845143,NA,NA,"unavailable_sparse_or_insufficient_blocks",0,20,63,694,0.0172910662824208,"trading_positions_missing_pairs_retained",11,"descriptive_only"
1,1000,2,"full","QLIKE",12,0.0258940018183494,0.0209625282706117,19.0448490053131,NA,NA,"unavailable_sparse_or_insufficient_blocks",0,20,63,694,0.0172910662824208,"trading_positions_missing_pairs_retained",11,"descriptive_only"
1,1000,20,"full","MSFE",12,0.00684135451246295,0.00639298802686194,6.55376774853891,NA,NA,"unavailable_sparse_or_insufficient_blocks",0,20,63,694,0.0172910662824208,"trading_positions_missing_pairs_retained",11,"descriptive_only"
1,1000,20,"full","QLIKE",12,0.0771502425477302,0.0753940542167617,2.27632250136101,NA,NA,"unavailable_sparse_or_insufficient_blocks",0,20,63,694,0.0172910662824208,"trading_positions_missing_pairs_retained",11,"descriptive_only"
1,1000,3,"full","MSFE",12,0.000979572927851642,0.000895294888508697,8.60354925567205,NA,NA,"unavailable_sparse_or_insufficient_blocks",0,20,63,694,0.0172910662824208,"trading_positions_missing_pairs_retained",11,"descriptive_only"
1,1000,3,"full","QLIKE",12,0.00886423846879201,0.00748199612879071,15.5934697026452,NA,NA,"unavailable_sparse_or_insufficient_blocks",0,20,63,694,0.0172910662824208,"trading_positions_missing_pairs_retained",11,"descriptive_only"
1,1000,4,"full","MSFE",12,0.00307143029064657,0.00191732963239407,37.5753492360574,NA,NA,"unavailable_sparse_or_insufficient_blocks",0,20,63,694,0.0172910662824208,"trading_positions_missing_pairs_retained",11,"descriptive_only"
1,1000,4,"full","QLIKE",12,0.0181482080900809,0.0145029946573543,20.0858035935732,NA,NA,"unavailable_sparse_or_insufficient_blocks",0,20,63,694,0.0172910662824208,"trading_positions_missing_pairs_retained",11,"descriptive_only"
1,1000,5,"full","MSFE",12,0.00360075694771912,0.00213165781418052,40.7997305807933,NA,NA,"unavailable_sparse_or_insufficient_blocks",0,20,63,694,0.0172910662824208,"trading_positions_missing_pairs_retained",11,"descriptive_only"
1,1000,5,"full","QLIKE",12,0.0292100318743502,0.021637504472303,25.9244065005517,NA,NA,"unavailable_sparse_or_insufficient_blocks",0,20,63,694,0.0172910662824208,"trading_positions_missing_pairs_retained",11,"descriptive_only"
1,250,1,"full","MSFE",12,0.00248995991352101,0.00274377621174839,-10.1935897380963,NA,NA,"unavailable_sparse_or_insufficient_blocks",0,20,63,694,0.0172910662824208,"trading_positions_missing_pairs_retained",11,"descriptive_only"
1,250,1,"full","QLIKE",12,0.0176080906326392,0.0186427152013525,-5.87584758790103,NA,NA,"unavailable_sparse_or_insufficient_blocks",0,20,63,694,0.0172910662824208,"trading_positions_missing_pairs_retained",11,"descriptive_only"
1,250,10,"full","MSFE",12,0.00568069831142083,0.00522547941082689,8.01343207539725,NA,NA,"unavailable_sparse_or_insufficient_blocks",0,20,63,694,0.0172910662824208,"trading_positions_missing_pairs_retained",11,"descriptive_only"
1,250,10,"full","QLIKE",12,0.046273045055891,0.046959233224602,-1.48291120215271,NA,NA,"unavailable_sparse_or_insufficient_blocks",0,20,63,694,0.0172910662824208,"trading_positions_missing_pairs_retained",11,"descriptive_only"
1,250,15,"full","MSFE",12,0.00787100950834119,0.0066835900050325,15.0859874079727,NA,NA,"unavailable_sparse_or_insufficient_blocks",0,20,63,694,0.0172910662824208,"trading_positions_missing_pairs_retained",11,"descriptive_only"
1,250,15,"full","QLIKE",12,0.0545270830298266,0.0464618002724221,14.7913336075447,NA,NA,"unavailable_sparse_or_insufficient_blocks",0,20,63,694,0.0172910662824208,"trading_positions_missing_pairs_retained",11,"descriptive_only"
1,250,2,"full","MSFE",12,0.00371649006417071,0.00351727915138224,5.36018956996535,NA,NA,"unavailable_sparse_or_insufficient_blocks",0,20,63,694,0.0172910662824208,"trading_positions_missing_pairs_retained",11,"descriptive_only"
1,250,2,"full","QLIKE",12,0.027050828029859,0.0249613429711988,7.72429241853094,NA,NA,"unavailable_sparse_or_insufficient_blocks",0,20,63,694,0.0172910662824208,"trading_positions_missing_pairs_retained",11,"descriptive_only"
1,250,20,"full","MSFE",12,0.00726281798700744,0.0058954492324755,18.8269726293299,NA,NA,"unavailable_sparse_or_insufficient_blocks",0,20,63,694,0.0172910662824208,"trading_positions_missing_pairs_retained",11,"descriptive_only"
1,250,20,"full","QLIKE",12,0.0837107483794093,0.0660495843962476,21.0978450498548,NA,NA,"unavailable_sparse_or_insufficient_blocks",0,20,63,694,0.0172910662824208,"trading_positions_missing_pairs_retained",11,"descriptive_only"
1,250,3,"full","MSFE",12,0.00100663030710513,0.00133673050952023,-32.7925952641354,NA,NA,"unavailable_sparse_or_insufficient_blocks",0,20,63,694,0.0172910662824208,"trading_positions_missing_pairs_retained",11,"descriptive_only"
1,250,3,"full","QLIKE",12,0.0093895304649545,0.0110213436095278,-17.3790707710455,NA,NA,"unavailable_sparse_or_insufficient_blocks",0,20,63,694,0.0172910662824208,"trading_positions_missing_pairs_retained",11,"descriptive_only"
1,250,4,"full","MSFE",12,0.00309260334419343,0.00273899266386391,11.4340780557405,NA,NA,"unavailable_sparse_or_insufficient_blocks",0,20,63,694,0.0172910662824208,"trading_positions_missing_pairs_retained",11,"descriptive_only"
1,250,4,"full","QLIKE",12,0.0183404561220276,0.0151353772968404,17.4754586465155,NA,NA,"unavailable_sparse_or_insufficient_blocks",0,20,63,694,0.0172910662824208,"trading_positions_missing_pairs_retained",11,"descriptive_only"
1,250,5,"full","MSFE",12,0.00369759214447834,0.00376412026846238,-1.79922829194081,NA,NA,"unavailable_sparse_or_insufficient_blocks",0,20,63,694,0.0172910662824208,"trading_positions_missing_pairs_retained",11,"descriptive_only"
1,250,5,"full","QLIKE",12,0.030079948159761,0.0307572786901788,-2.25176761216572,NA,NA,"unavailable_sparse_or_insufficient_blocks",0,20,63,694,0.0172910662824208,"trading_positions_missing_pairs_retained",11,"descriptive_only"
1,500,1,"full","MSFE",12,0.00242949039899437,0.00229579826427428,5.50288796265375,NA,NA,"unavailable_sparse_or_insufficient_blocks",0,20,63,694,0.0172910662824208,"trading_positions_missing_pairs_retained",11,"descriptive_only"
1,500,1,"full","QLIKE",12,0.0166375705377168,0.0159281209209485,4.2641419019684,NA,NA,"unavailable_sparse_or_insufficient_blocks",0,20,63,694,0.0172910662824208,"trading_positions_missing_pairs_retained",11,"descriptive_only"
1,500,10,"full","MSFE",12,0.00540320199217335,0.00341184548192791,36.8551187449583,NA,NA,"unavailable_sparse_or_insufficient_blocks",0,20,63,694,0.0172910662824208,"trading_positions_missing_pairs_retained",11,"descriptive_only"
1,500,10,"full","QLIKE",12,0.0445264347063708,0.0365403814240726,17.9355327570289,NA,NA,"unavailable_sparse_or_insufficient_blocks",0,20,63,694,0.0172910662824208,"trading_positions_missing_pairs_retained",11,"descriptive_only"
1,500,15,"full","MSFE",12,0.00764692364688057,0.00493937035409785,35.4070920256568,NA,NA,"unavailable_sparse_or_insufficient_blocks",0,20,63,694,0.0172910662824208,"trading_positions_missing_pairs_retained",11,"descriptive_only"
1,500,15,"full","QLIKE",12,0.0524929115021309,0.0408216512733628,22.2339738733949,NA,NA,"unavailable_sparse_or_insufficient_blocks",0,20,63,694,0.0172910662824208,"trading_positions_missing_pairs_retained",11,"descriptive_only"
1,500,2,"full","MSFE",12,0.00358047740874773,0.00298573388578618,16.6107324545182,NA,NA,"unavailable_sparse_or_insufficient_blocks",0,20,63,694,0.0172910662824208,"trading_positions_missing_pairs_retained",11,"descriptive_only"
1,500,2,"full","QLIKE",12,0.0251540661359264,0.0219641330766525,12.6815801550188,NA,NA,"unavailable_sparse_or_insufficient_blocks",0,20,63,694,0.0172910662824208,"trading_positions_missing_pairs_retained",11,"descriptive_only"
1,500,20,"full","MSFE",12,0.00651183996970378,0.00550325803557184,15.4884324372889,NA,NA,"unavailable_sparse_or_insufficient_blocks",0,20,63,694,0.0172910662824208,"trading_positions_missing_pairs_retained",11,"descriptive_only"
1,500,20,"full","QLIKE",12,0.0732186996305161,0.0625695634267178,14.5442848036595,NA,NA,"unavailable_sparse_or_insufficient_blocks",0,20,63,694,0.0172910662824208,"trading_positions_missing_pairs_retained",11,"descriptive_only"
1,500,3,"full","MSFE",12,0.00094770264405851,0.000902761565951929,4.74210749419485,NA,NA,"unavailable_sparse_or_insufficient_blocks",0,20,63,694,0.0172910662824208,"trading_positions_missing_pairs_retained",11,"descriptive_only"
1,500,3,"full","QLIKE",12,0.00855704116698797,0.00759878117134168,11.1984969681242,NA,NA,"unavailable_sparse_or_insufficient_blocks",0,20,63,694,0.0172910662824208,"trading_positions_missing_pairs_retained",11,"descriptive_only"
1,500,4,"full","MSFE",12,0.00303564421221489,0.0021918252647576,27.7970304972472,NA,NA,"unavailable_sparse_or_insufficient_blocks",0,20,63,694,0.0172910662824208,"trading_positions_missing_pairs_retained",11,"descriptive_only"
1,500,4,"full","QLIKE",12,0.0177535458080822,0.0142098870933672,19.9602871055864,NA,NA,"unavailable_sparse_or_insufficient_blocks",0,20,63,694,0.0172910662824208,"trading_positions_missing_pairs_retained",11,"descriptive_only"
1,500,5,"full","MSFE",12,0.0035817560134258,0.00258365992938378,27.8661103743742,NA,NA,"unavailable_sparse_or_insufficient_blocks",0,20,63,694,0.0172910662824208,"trading_positions_missing_pairs_retained",11,"descriptive_only"
1,500,5,"full","QLIKE",12,0.0290892462038047,0.0237442120495415,18.374605229764,NA,NA,"unavailable_sparse_or_insufficient_blocks",0,20,63,694,0.0172910662824208,"trading_positions_missing_pairs_retained",11,"descriptive_only"
2,500,1,"full","MSFE",12,0.00245149157757479,0.00231618696798442,5.51927695073814,NA,NA,"unavailable_sparse_or_insufficient_blocks",0,20,63,694,0.0172910662824208,"trading_positions_missing_pairs_retained",11,"descriptive_only"
2,500,1,"full","QLIKE",12,0.0169990993835575,0.0163059763428893,4.07741036762561,NA,NA,"unavailable_sparse_or_insufficient_blocks",0,20,63,694,0.0172910662824208,"trading_positions_missing_pairs_retained",11,"descriptive_only"
2,500,10,"full","MSFE",12,0.00530022511996901,0.00333170164800201,37.1403747465448,NA,NA,"unavailable_sparse_or_insufficient_blocks",0,20,63,694,0.0172910662824208,"trading_positions_missing_pairs_retained",11,"descriptive_only"
2,500,10,"full","QLIKE",12,0.0438890885015505,0.0359176710537197,18.1626406926842,NA,NA,"unavailable_sparse_or_insufficient_blocks",0,20,63,694,0.0172910662824208,"trading_positions_missing_pairs_retained",11,"descriptive_only"
2,500,15,"full","MSFE",12,0.00752589784261485,0.00490080876338071,34.8807429243826,NA,NA,"unavailable_sparse_or_insufficient_blocks",0,20,63,694,0.0172910662824208,"trading_positions_missing_pairs_retained",11,"descriptive_only"
2,500,15,"full","QLIKE",12,0.0518882693450458,0.0406455587434619,21.6671527948299,NA,NA,"unavailable_sparse_or_insufficient_blocks",0,20,63,694,0.0172910662824208,"trading_positions_missing_pairs_retained",11,"descriptive_only"
2,500,2,"full","MSFE",12,0.00353281617524279,0.00295285875539676,16.416292019671,NA,NA,"unavailable_sparse_or_insufficient_blocks",0,20,63,694,0.0172910662824208,"trading_positions_missing_pairs_retained",11,"descriptive_only"
2,500,2,"full","QLIKE",12,0.025000249531553,0.0217449715687913,13.0209818852137,NA,NA,"unavailable_sparse_or_insufficient_blocks",0,20,63,694,0.0172910662824208,"trading_positions_missing_pairs_retained",11,"descriptive_only"
2,500,20,"full","MSFE",12,0.00644693683037769,0.00551844310842369,14.402091200568,NA,NA,"unavailable_sparse_or_insufficient_blocks",0,20,63,694,0.0172910662824208,"trading_positions_missing_pairs_retained",11,"descriptive_only"
2,500,20,"full","QLIKE",12,0.0727682710145712,0.0627749490312484,13.7330760288666,NA,NA,"unavailable_sparse_or_insufficient_blocks",0,20,63,694,0.0172910662824208,"trading_positions_missing_pairs_retained",11,"descriptive_only"
2,500,3,"full","MSFE",12,0.000948407727845715,0.000885388670035284,6.64472209158156,NA,NA,"unavailable_sparse_or_insufficient_blocks",0,20,63,694,0.0172910662824208,"trading_positions_missing_pairs_retained",11,"descriptive_only"
2,500,3,"full","QLIKE",12,0.0085633669598878,0.00738500559031596,13.760491347521,NA,NA,"unavailable_sparse_or_insufficient_blocks",0,20,63,694,0.0172910662824208,"trading_positions_missing_pairs_retained",11,"descriptive_only"
2,500,4,"full","MSFE",12,0.00299455202210763,0.00217823743010675,27.2599903416051,NA,NA,"unavailable_sparse_or_insufficient_blocks",0,20,63,694,0.0172910662824208,"trading_positions_missing_pairs_retained",11,"descriptive_only"
2,500,4,"full","QLIKE",12,0.0177213489385344,0.0143044064944309,19.2815030952495,NA,NA,"unavailable_sparse_or_insufficient_blocks",0,20,63,694,0.0172910662824208,"trading_positions_missing_pairs_retained",11,"descriptive_only"
2,500,5,"full","MSFE",12,0.0035155543822075,0.0025273348481406,28.1099202751167,NA,NA,"unavailable_sparse_or_insufficient_blocks",0,20,63,694,0.0172910662824208,"trading_positions_missing_pairs_retained",11,"descriptive_only"
2,500,5,"full","QLIKE",12,0.0287592439905767,0.0233064742609486,18.960059351403,NA,NA,"unavailable_sparse_or_insufficient_blocks",0,20,63,694,0.0172910662824208,"trading_positions_missing_pairs_retained",11,"descriptive_only"
3,500,1,"full","MSFE",12,0.00245006966725468,0.00229978807498083,6.13376812432612,NA,NA,"unavailable_sparse_or_insufficient_blocks",0,20,63,694,0.0172910662824208,"trading_positions_missing_pairs_retained",11,"descriptive_only"
3,500,1,"full","QLIKE",12,0.0169536577978437,0.0161995344426824,4.44814543359023,NA,NA,"unavailable_sparse_or_insufficient_blocks",0,20,63,694,0.0172910662824208,"trading_positions_missing_pairs_retained",11,"descriptive_only"
3,500,10,"full","MSFE",12,0.00530666288926573,0.00328961344568333,38.0097527518183,NA,NA,"unavailable_sparse_or_insufficient_blocks",0,20,63,694,0.0172910662824208,"trading_positions_missing_pairs_retained",11,"descriptive_only"
3,500,10,"full","QLIKE",12,0.043848901939078,0.0358682682633724,18.200304506584,NA,NA,"unavailable_sparse_or_insufficient_blocks",0,20,63,694,0.0172910662824208,"trading_positions_missing_pairs_retained",11,"descriptive_only"
3,500,15,"full","MSFE",12,0.00757450432463088,0.00488475443136334,35.510573075006,NA,NA,"unavailable_sparse_or_insufficient_blocks",0,20,63,694,0.0172910662824208,"trading_positions_missing_pairs_retained",11,"descriptive_only"
3,500,15,"full","QLIKE",12,0.0521902120091019,0.0410978582493374,21.253705115875,NA,NA,"unavailable_sparse_or_insufficient_blocks",0,20,63,694,0.0172910662824208,"trading_positions_missing_pairs_retained",11,"descriptive_only"
3,500,2,"full","MSFE",12,0.00354318555415508,0.00290383727696302,18.0444480657327,NA,NA,"unavailable_sparse_or_insufficient_blocks",0,20,63,694,0.0172910662824208,"trading_positions_missing_pairs_retained",11,"descriptive_only"
3,500,2,"full","QLIKE",12,0.0250333899119314,0.0214874881534566,14.1646887255358,NA,NA,"unavailable_sparse_or_insufficient_blocks",0,20,63,694,0.0172910662824208,"trading_positions_missing_pairs_retained",11,"descriptive_only"
3,500,20,"full","MSFE",12,0.00646314049437578,0.00559736851758073,13.3955308189332,NA,NA,"unavailable_sparse_or_insufficient_blocks",0,20,63,694,0.0172910662824208,"trading_positions_missing_pairs_retained",11,"descriptive_only"
3,500,20,"full","QLIKE",12,0.0727966818675128,0.0634437158874673,12.8480663405339,NA,NA,"unavailable_sparse_or_insufficient_blocks",0,20,63,694,0.0172910662824208,"trading_positions_missing_pairs_retained",11,"descriptive_only"
3,500,3,"full","MSFE",12,0.000944613513268776,0.000886392140021289,6.16351263555565,NA,NA,"unavailable_sparse_or_insufficient_blocks",0,20,63,694,0.0172910662824208,"trading_positions_missing_pairs_retained",11,"descriptive_only"
3,500,3,"full","QLIKE",12,0.0085135262730732,0.00733715371848167,13.8176886622433,NA,NA,"unavailable_sparse_or_insufficient_blocks",0,20,63,694,0.0172910662824208,"trading_positions_missing_pairs_retained",11,"descriptive_only"
3,500,4,"full","MSFE",12,0.00301230993719049,0.00214547025080084,28.7765769281409,NA,NA,"unavailable_sparse_or_insufficient_blocks",0,20,63,694,0.0172910662824208,"trading_positions_missing_pairs_retained",11,"descriptive_only"
3,500,4,"full","QLIKE",12,0.0178313257799357,0.0142584468124557,20.037090968863,NA,NA,"unavailable_sparse_or_insufficient_blocks",0,20,63,694,0.0172910662824208,"trading_positions_missing_pairs_retained",11,"descriptive_only"
3,500,5,"full","MSFE",12,0.00352455326498624,0.00248248999475214,29.5658255639433,NA,NA,"unavailable_sparse_or_insufficient_blocks",0,20,63,694,0.0172910662824208,"trading_positions_missing_pairs_retained",11,"descriptive_only"
3,500,5,"full","QLIKE",12,0.0287631320737245,0.0230732063019623,19.7820103776529,NA,NA,"unavailable_sparse_or_insufficient_blocks",0,20,63,694,0.0172910662824208,"trading_positions_missing_pairs_retained",11,"descriptive_only"
4,500,1,"full","MSFE",12,0.00243834259076507,0.00229881610740826,5.72218538466444,NA,NA,"unavailable_sparse_or_insufficient_blocks",0,20,63,694,0.0172910662824208,"trading_positions_missing_pairs_retained",11,"descriptive_only"
4,500,1,"full","QLIKE",12,0.0169376941145509,0.0162402258267628,4.11784675689104,NA,NA,"unavailable_sparse_or_insufficient_blocks",0,20,63,694,0.0172910662824208,"trading_positions_missing_pairs_retained",11,"descriptive_only"
4,500,10,"full","MSFE",12,0.00529437872981301,0.00323758126815802,38.8487028718407,NA,NA,"unavailable_sparse_or_insufficient_blocks",0,20,63,694,0.0172910662824208,"trading_positions_missing_pairs_retained",11,"descriptive_only"
4,500,10,"full","QLIKE",12,0.0438027385359317,0.0355101881042048,18.931579871255,NA,NA,"unavailable_sparse_or_insufficient_blocks",0,20,63,694,0.0172910662824208,"trading_positions_missing_pairs_retained",11,"descriptive_only"
4,500,15,"full","MSFE",12,0.00755286632664744,0.00487360934656468,35.4733800945214,NA,NA,"unavailable_sparse_or_insufficient_blocks",0,20,63,694,0.0172910662824208,"trading_positions_missing_pairs_retained",11,"descriptive_only"
4,500,15,"full","QLIKE",12,0.0521506200963832,0.0411799363850027,21.0365355025594,NA,NA,"unavailable_sparse_or_insufficient_blocks",0,20,63,694,0.0172910662824208,"trading_positions_missing_pairs_retained",11,"descriptive_only"
4,500,2,"full","MSFE",12,0.0035466065251,0.00289060151468342,18.4966955249732,NA,NA,"unavailable_sparse_or_insufficient_blocks",0,20,63,694,0.0172910662824208,"trading_positions_missing_pairs_retained",11,"descriptive_only"
4,500,2,"full","QLIKE",12,0.0251257097678435,0.0214571220881605,14.6009315302137,NA,NA,"unavailable_sparse_or_insufficient_blocks",0,20,63,694,0.0172910662824208,"trading_positions_missing_pairs_retained",11,"descriptive_only"
4,500,20,"full","MSFE",12,0.00644502612098654,0.00559368870466766,13.2092159184076,NA,NA,"unavailable_sparse_or_insufficient_blocks",0,20,63,694,0.0172910662824208,"trading_positions_missing_pairs_retained",11,"descriptive_only"
4,500,20,"full","QLIKE",12,0.0726533952484564,0.0633053194228695,12.8666744253573,NA,NA,"unavailable_sparse_or_insufficient_blocks",0,20,63,694,0.0172910662824208,"trading_positions_missing_pairs_retained",11,"descriptive_only"
4,500,3,"full","MSFE",12,0.000945385841819532,0.000887097209920559,6.16559179549255,NA,NA,"unavailable_sparse_or_insufficient_blocks",0,20,63,694,0.0172910662824208,"trading_positions_missing_pairs_retained",11,"descriptive_only"
4,500,3,"full","QLIKE",12,0.00857451601547619,0.00734242070299296,14.3692694754948,NA,NA,"unavailable_sparse_or_insufficient_blocks",0,20,63,694,0.0172910662824208,"trading_positions_missing_pairs_retained",11,"descriptive_only"
4,500,4,"full","MSFE",12,0.00301300545421347,0.0021297626106229,29.314345991489,NA,NA,"unavailable_sparse_or_insufficient_blocks",0,20,63,694,0.0172910662824208,"trading_positions_missing_pairs_retained",11,"descriptive_only"
4,500,4,"full","QLIKE",12,0.017861754728383,0.0142273883988086,20.3471964812012,NA,NA,"unavailable_sparse_or_insufficient_blocks",0,20,63,694,0.0172910662824208,"trading_positions_missing_pairs_retained",11,"descriptive_only"
4,500,5,"full","MSFE",12,0.00351921047022164,0.00244737268014691,30.4567686174004,NA,NA,"unavailable_sparse_or_insufficient_blocks",0,20,63,694,0.0172910662824208,"trading_positions_missing_pairs_retained",11,"descriptive_only"
4,500,5,"full","QLIKE",12,0.028761676236676,0.0228441943679459,20.5741898352375,NA,NA,"unavailable_sparse_or_insufficient_blocks",0,20,63,694,0.0172910662824208,"trading_positions_missing_pairs_retained",11,"descriptive_only"
5,1000,1,"full","MSFE",12,0.00250497940554215,0.00224542044596435,10.3617203001164,NA,NA,"unavailable_sparse_or_insufficient_blocks",0,20,63,694,0.0172910662824208,"trading_positions_missing_pairs_retained",11,"descriptive_only"
5,1000,1,"full","QLIKE",12,0.017729057820672,0.0164736778899475,7.08091734723066,NA,NA,"unavailable_sparse_or_insufficient_blocks",0,20,63,694,0.0172910662824208,"trading_positions_missing_pairs_retained",11,"descriptive_only"
5,1000,10,"full","MSFE",12,0.00546764821343085,0.00206605748923945,62.2130501343458,NA,NA,"unavailable_sparse_or_insufficient_blocks",0,20,63,694,0.0172910662824208,"trading_positions_missing_pairs_retained",11,"descriptive_only"
5,1000,10,"full","QLIKE",12,0.0440090796292581,0.0258350353115312,41.2961245061904,NA,NA,"unavailable_sparse_or_insufficient_blocks",0,20,63,694,0.0172910662824208,"trading_positions_missing_pairs_retained",11,"descriptive_only"
5,1000,15,"full","MSFE",12,0.00794035651387419,0.00435653972176551,45.1342050680806,NA,NA,"unavailable_sparse_or_insufficient_blocks",0,20,63,694,0.0172910662824208,"trading_positions_missing_pairs_retained",11,"descriptive_only"
5,1000,15,"full","QLIKE",12,0.0540495436313676,0.0421320028208514,22.0492903544145,NA,NA,"unavailable_sparse_or_insufficient_blocks",0,20,63,694,0.0172910662824208,"trading_positions_missing_pairs_retained",11,"descriptive_only"
5,1000,2,"full","MSFE",12,0.0036160510467471,0.00263198235044364,27.2139049914327,NA,NA,"unavailable_sparse_or_insufficient_blocks",0,20,63,694,0.0172910662824208,"trading_positions_missing_pairs_retained",11,"descriptive_only"
5,1000,2,"full","QLIKE",12,0.0260524327585196,0.0204649538570101,21.4470523858556,NA,NA,"unavailable_sparse_or_insufficient_blocks",0,20,63,694,0.0172910662824208,"trading_positions_missing_pairs_retained",11,"descriptive_only"
5,1000,20,"full","MSFE",12,0.00676018045713432,0.0065304379722965,3.39846674648107,NA,NA,"unavailable_sparse_or_insufficient_blocks",0,20,63,694,0.0172910662824208,"trading_positions_missing_pairs_retained",11,"descriptive_only"
5,1000,20,"full","QLIKE",12,0.0768693154871304,0.0760708769750817,1.03869600891964,NA,NA,"unavailable_sparse_or_insufficient_blocks",0,20,63,694,0.0172910662824208,"trading_positions_missing_pairs_retained",11,"descriptive_only"
5,1000,3,"full","MSFE",12,0.000978813822481137,0.000915028212504766,6.51662333646703,NA,NA,"unavailable_sparse_or_insufficient_blocks",0,20,63,694,0.0172910662824208,"trading_positions_missing_pairs_retained",11,"descriptive_only"
5,1000,3,"full","QLIKE",12,0.00887486250762124,0.00750124387632756,15.4776328096813,NA,NA,"unavailable_sparse_or_insufficient_blocks",0,20,63,694,0.0172910662824208,"trading_positions_missing_pairs_retained",11,"descriptive_only"
5,1000,4,"full","MSFE",12,0.00307633110387136,0.00182627303546619,40.6347049845206,NA,NA,"unavailable_sparse_or_insufficient_blocks",0,20,63,694,0.0172910662824208,"trading_positions_missing_pairs_retained",11,"descriptive_only"
5,1000,4,"full","QLIKE",12,0.0183238644822466,0.0142864410260168,22.0336897827501,NA,NA,"unavailable_sparse_or_insufficient_blocks",0,20,63,694,0.0172910662824208,"trading_positions_missing_pairs_retained",11,"descriptive_only"
5,1000,5,"full","MSFE",12,0.00356187999932957,0.00201932816881121,43.3072374928043,NA,NA,"unavailable_sparse_or_insufficient_blocks",0,20,63,694,0.0172910662824208,"trading_positions_missing_pairs_retained",11,"descriptive_only"
5,1000,5,"full","QLIKE",12,0.0289205785866392,0.0209726597444143,27.4818804831821,NA,NA,"unavailable_sparse_or_insufficient_blocks",0,20,63,694,0.0172910662824208,"trading_positions_missing_pairs_retained",11,"descriptive_only"
5,250,1,"full","MSFE",12,0.00265340220668106,0.00270811224358039,-2.06188254315807,NA,NA,"unavailable_sparse_or_insufficient_blocks",0,20,63,694,0.0172910662824208,"trading_positions_missing_pairs_retained",11,"descriptive_only"
5,250,1,"full","QLIKE",12,0.0187768902240275,0.0190731403892655,-1.57773817550948,NA,NA,"unavailable_sparse_or_insufficient_blocks",0,20,63,694,0.0172910662824208,"trading_positions_missing_pairs_retained",11,"descriptive_only"
5,250,10,"full","MSFE",12,0.00576332574571416,0.00471957643493054,18.1101911784146,NA,NA,"unavailable_sparse_or_insufficient_blocks",0,20,63,694,0.0172910662824208,"trading_positions_missing_pairs_retained",11,"descriptive_only"
5,250,10,"full","QLIKE",12,0.0456550732999099,0.0453749053163942,0.613662323298092,NA,NA,"unavailable_sparse_or_insufficient_blocks",0,20,63,694,0.0172910662824208,"trading_positions_missing_pairs_retained",11,"descriptive_only"
5,250,15,"full","MSFE",12,0.00803774224084162,0.00602699174001998,25.0163595767548,NA,NA,"unavailable_sparse_or_insufficient_blocks",0,20,63,694,0.0172910662824208,"trading_positions_missing_pairs_retained",11,"descriptive_only"
5,250,15,"full","QLIKE",12,0.054455876370819,0.0463389680160008,14.9054774172503,NA,NA,"unavailable_sparse_or_insufficient_blocks",0,20,63,694,0.0172910662824208,"trading_positions_missing_pairs_retained",11,"descriptive_only"
5,250,2,"full","MSFE",12,0.00388524379245122,0.00334275906291889,13.9626947113677,NA,NA,"unavailable_sparse_or_insufficient_blocks",0,20,63,694,0.0172910662824208,"trading_positions_missing_pairs_retained",11,"descriptive_only"
5,250,2,"full","QLIKE",12,0.0274606350555705,0.0243564450052925,11.3041451663308,NA,NA,"unavailable_sparse_or_insufficient_blocks",0,20,63,694,0.0172910662824208,"trading_positions_missing_pairs_retained",11,"descriptive_only"
5,250,20,"full","MSFE",12,0.00714395851302675,0.00610813839463936,14.499245992241,NA,NA,"unavailable_sparse_or_insufficient_blocks",0,20,63,694,0.0172910662824208,"trading_positions_missing_pairs_retained",11,"descriptive_only"
5,250,20,"full","QLIKE",12,0.0822365164320956,0.0684580926814094,16.7546296322794,NA,NA,"unavailable_sparse_or_insufficient_blocks",0,20,63,694,0.0172910662824208,"trading_positions_missing_pairs_retained",11,"descriptive_only"
5,250,3,"full","MSFE",12,0.00101608548462458,0.00130832485064964,-28.7612971986342,NA,NA,"unavailable_sparse_or_insufficient_blocks",0,20,63,694,0.0172910662824208,"trading_positions_missing_pairs_retained",11,"descriptive_only"
5,250,3,"full","QLIKE",12,0.00922577315533111,0.0109424293622972,-18.60717988686,NA,NA,"unavailable_sparse_or_insufficient_blocks",0,20,63,694,0.0172910662824208,"trading_positions_missing_pairs_retained",11,"descriptive_only"
5,250,4,"full","MSFE",12,0.0033396081807332,0.00258715009095503,22.531328498931,NA,NA,"unavailable_sparse_or_insufficient_blocks",0,20,63,694,0.0172910662824208,"trading_positions_missing_pairs_retained",11,"descriptive_only"
5,250,4,"full","QLIKE",12,0.0195084422285106,0.0152971474267437,21.5870378190028,NA,NA,"unavailable_sparse_or_insufficient_blocks",0,20,63,694,0.0172910662824208,"trading_positions_missing_pairs_retained",11,"descriptive_only"
5,250,5,"full","MSFE",12,0.00386434815192213,0.00355381678129543,8.0358021176805,NA,NA,"unavailable_sparse_or_insufficient_blocks",0,20,63,694,0.0172910662824208,"trading_positions_missing_pairs_retained",11,"descriptive_only"
5,250,5,"full","QLIKE",12,0.0301472196947575,0.0300176100880118,0.429922255047022,NA,NA,"unavailable_sparse_or_insufficient_blocks",0,20,63,694,0.0172910662824208,"trading_positions_missing_pairs_retained",11,"descriptive_only"
5,500,1,"full","MSFE",12,0.0024738314005642,0.00229070018302196,7.40273639911263,NA,NA,"unavailable_sparse_or_insufficient_blocks",0,20,63,694,0.0172910662824208,"trading_positions_missing_pairs_retained",11,"descriptive_only"
5,500,1,"full","QLIKE",12,0.0171298132355804,0.0162329204151712,5.23585872230247,NA,NA,"unavailable_sparse_or_insufficient_blocks",0,20,63,694,0.0172910662824208,"trading_positions_missing_pairs_retained",11,"descriptive_only"
5,500,10,"full","MSFE",12,0.00537435221003042,0.00313934710838427,41.5865022295123,NA,NA,"unavailable_sparse_or_insufficient_blocks",0,20,63,694,0.0172910662824208,"trading_positions_missing_pairs_retained",11,"descriptive_only"
5,500,10,"full","QLIKE",12,0.0439056148711615,0.0349418181666661,20.4160600661195,NA,NA,"unavailable_sparse_or_insufficient_blocks",0,20,63,694,0.0172910662824208,"trading_positions_missing_pairs_retained",11,"descriptive_only"
5,500,15,"full","MSFE",12,0.00769468960784636,0.0048007524486819,37.6095373127655,NA,NA,"unavailable_sparse_or_insufficient_blocks",0,20,63,694,0.0172910662824208,"trading_positions_missing_pairs_retained",11,"descriptive_only"
5,500,15,"full","QLIKE",12,0.0526326656602917,0.0409463357520727,22.2035683764268,NA,NA,"unavailable_sparse_or_insufficient_blocks",0,20,63,694,0.0172910662824208,"trading_positions_missing_pairs_retained",11,"descriptive_only"
5,500,2,"full","MSFE",12,0.00361098979833982,0.00284762394883423,21.14007217236,NA,NA,"unavailable_sparse_or_insufficient_blocks",0,20,63,694,0.0172910662824208,"trading_positions_missing_pairs_retained",11,"descriptive_only"
5,500,2,"full","QLIKE",12,0.0254621499706802,0.021295378432094,16.3645707192215,NA,NA,"unavailable_sparse_or_insufficient_blocks",0,20,63,694,0.0172910662824208,"trading_positions_missing_pairs_retained",11,"descriptive_only"
5,500,20,"full","MSFE",12,0.00649369398588527,0.00559643259081602,13.8174265220927,NA,NA,"unavailable_sparse_or_insufficient_blocks",0,20,63,694,0.0172910662824208,"trading_positions_missing_pairs_retained",11,"descriptive_only"
5,500,20,"full","QLIKE",12,0.0734048381200353,0.0633259688271942,13.7305245144191,NA,NA,"unavailable_sparse_or_insufficient_blocks",0,20,63,694,0.0172910662824208,"trading_positions_missing_pairs_retained",11,"descriptive_only"
5,500,3,"full","MSFE",12,0.000952599485683641,0.000895621421852371,5.98132422781843,NA,NA,"unavailable_sparse_or_insufficient_blocks",0,20,63,694,0.0172910662824208,"trading_positions_missing_pairs_retained",11,"descriptive_only"
5,500,3,"full","QLIKE",12,0.00857234490328414,0.00737452662648602,13.9730527680848,NA,NA,"unavailable_sparse_or_insufficient_blocks",0,20,63,694,0.0172910662824208,"trading_positions_missing_pairs_retained",11,"descriptive_only"
5,500,4,"full","MSFE",12,0.00308369688221605,0.00207825697185491,32.6050175735366,NA,NA,"unavailable_sparse_or_insufficient_blocks",0,20,63,694,0.0172910662824208,"trading_positions_missing_pairs_retained",11,"descriptive_only"
5,500,4,"full","QLIKE",12,0.0181702636622002,0.0140213195323681,22.8337035002039,NA,NA,"unavailable_sparse_or_insufficient_blocks",0,20,63,694,0.0172910662824208,"trading_positions_missing_pairs_retained",11,"descriptive_only"
5,500,5,"full","MSFE",12,0.00357485831928677,0.00240093266470015,32.8383826640949,NA,NA,"unavailable_sparse_or_insufficient_blocks",0,20,63,694,0.0172910662824208,"trading_positions_missing_pairs_retained",11,"descriptive_only"
5,500,5,"full","QLIKE",12,0.0288786268268031,0.0225939959170412,21.7622221009792,NA,NA,"unavailable_sparse_or_insufficient_blocks",0,20,63,694,0.0172910662824208,"trading_positions_missing_pairs_retained",11,"descriptive_only"
1,1000,1,"period2","MSFE",11,0.00268259146439784,0.00245931901847492,8.32301335801949,NA,NA,"unavailable_sparse_or_insufficient_blocks",0,20,63,631,0.01743264659271,"trading_positions_missing_pairs_retained",10,"descriptive_only"
1,1000,1,"period2","QLIKE",11,0.018594902564858,0.0176057149386255,5.31967093015006,NA,NA,"unavailable_sparse_or_insufficient_blocks",0,20,63,631,0.01743264659271,"trading_positions_missing_pairs_retained",10,"descriptive_only"
1,1000,10,"period2","MSFE",11,0.00575026707818777,0.00210926790634123,63.3187836728102,NA,NA,"unavailable_sparse_or_insufficient_blocks",0,20,63,631,0.01743264659271,"trading_positions_missing_pairs_retained",10,"descriptive_only"
1,1000,10,"period2","QLIKE",11,0.043404987047328,0.0237769221502762,45.2207597151215,NA,NA,"unavailable_sparse_or_insufficient_blocks",0,20,63,631,0.01743264659271,"trading_positions_missing_pairs_retained",10,"descriptive_only"
1,1000,15,"period2","MSFE",11,0.00860371609275252,0.00472045485615177,45.134697550886,NA,NA,"unavailable_sparse_or_insufficient_blocks",0,20,63,631,0.01743264659271,"trading_positions_missing_pairs_retained",10,"descriptive_only"
1,1000,15,"period2","QLIKE",11,0.0575605410682985,0.0439804454243496,23.5927171494713,NA,NA,"unavailable_sparse_or_insufficient_blocks",0,20,63,631,0.01743264659271,"trading_positions_missing_pairs_retained",10,"descriptive_only"
1,1000,2,"period2","MSFE",11,0.00389205138893683,0.00294386599898124,24.3620984206635,NA,NA,"unavailable_sparse_or_insufficient_blocks",0,20,63,631,0.01743264659271,"trading_positions_missing_pairs_retained",10,"descriptive_only"
1,1000,2,"period2","QLIKE",11,0.0274062213873146,0.0219927883490935,19.7525699063602,NA,NA,"unavailable_sparse_or_insufficient_blocks",0,20,63,631,0.01743264659271,"trading_positions_missing_pairs_retained",10,"descriptive_only"
1,1000,20,"period2","MSFE",10,0.00782126943643236,0.0072915021510378,6.77341817335749,NA,NA,"unavailable_sparse_or_insufficient_blocks",0,20,63,568,0.0176056338028169,"trading_positions_missing_pairs_retained",9,"descriptive_only"
1,1000,20,"period2","QLIKE",10,0.0863420077408221,0.0843369249839605,2.32225634928519,NA,NA,"unavailable_sparse_or_insufficient_blocks",0,20,63,568,0.0176056338028169,"trading_positions_missing_pairs_retained",9,"descriptive_only"
1,1000,3,"period2","MSFE",11,0.00106577466975421,0.000974448006623905,8.56904050378369,NA,NA,"unavailable_sparse_or_insufficient_blocks",0,20,63,631,0.01743264659271,"trading_positions_missing_pairs_retained",10,"descriptive_only"
1,1000,3,"period2","QLIKE",11,0.00962776315958423,0.00812911769946094,15.5658737682119,NA,NA,"unavailable_sparse_or_insufficient_blocks",0,20,63,631,0.01743264659271,"trading_positions_missing_pairs_retained",10,"descriptive_only"
1,1000,4,"period2","MSFE",11,0.00334791574014444,0.00208813064525324,37.6289367078532,NA,NA,"unavailable_sparse_or_insufficient_blocks",0,20,63,631,0.01743264659271,"trading_positions_missing_pairs_retained",10,"descriptive_only"
1,1000,4,"period2","QLIKE",11,0.0197568098571865,0.0157689388501862,20.1847921593966,NA,NA,"unavailable_sparse_or_insufficient_blocks",0,20,63,631,0.01743264659271,"trading_positions_missing_pairs_retained",10,"descriptive_only"
1,1000,5,"period2","MSFE",11,0.00361209377774369,0.00200121352772119,44.5968557059097,NA,NA,"unavailable_sparse_or_insufficient_blocks",0,20,63,631,0.01743264659271,"trading_positions_missing_pairs_retained",10,"descriptive_only"
1,1000,5,"period2","QLIKE",11,0.0260093319430348,0.0176297149616749,32.2177324650738,NA,NA,"unavailable_sparse_or_insufficient_blocks",0,20,63,631,0.01743264659271,"trading_positions_missing_pairs_retained",10,"descriptive_only"
1,250,1,"period2","MSFE",11,0.00270236182100372,0.00295406197080627,-9.31408029251473,NA,NA,"unavailable_sparse_or_insufficient_blocks",0,20,63,631,0.01743264659271,"trading_positions_missing_pairs_retained",10,"descriptive_only"
1,250,1,"period2","QLIKE",11,0.0189597421730585,0.0196821782540398,-3.81036869798717,NA,NA,"unavailable_sparse_or_insufficient_blocks",0,20,63,631,0.01743264659271,"trading_positions_missing_pairs_retained",10,"descriptive_only"
1,250,10,"period2","MSFE",11,0.00589482295222312,0.00531724520395344,9.79805081426335,NA,NA,"unavailable_sparse_or_insufficient_blocks",0,20,63,631,0.01743264659271,"trading_positions_missing_pairs_retained",10,"descriptive_only"
1,250,10,"period2","QLIKE",11,0.0452176145881389,0.0448916573908976,0.720863318886489,NA,NA,"unavailable_sparse_or_insufficient_blocks",0,20,63,631,0.01743264659271,"trading_positions_missing_pairs_retained",10,"descriptive_only"
1,250,15,"period2","MSFE",11,0.00848795516894104,0.00714990553889121,15.7640986953607,NA,NA,"unavailable_sparse_or_insufficient_blocks",0,20,63,631,0.01743264659271,"trading_positions_missing_pairs_retained",10,"descriptive_only"
1,250,15,"period2","QLIKE",11,0.0580170358228983,0.0486748263869321,16.1025279962321,NA,NA,"unavailable_sparse_or_insufficient_blocks",0,20,63,631,0.01743264659271,"trading_positions_missing_pairs_retained",10,"descriptive_only"
1,250,2,"period2","MSFE",11,0.004012795911728,0.00375647002657775,6.38771297591035,NA,NA,"unavailable_sparse_or_insufficient_blocks",0,20,63,631,0.01743264659271,"trading_positions_missing_pairs_retained",10,"descriptive_only"
1,250,2,"period2","QLIKE",11,0.0287853211900765,0.0259110004491334,9.98536970271507,NA,NA,"unavailable_sparse_or_insufficient_blocks",0,20,63,631,0.01743264659271,"trading_positions_missing_pairs_retained",10,"descriptive_only"
1,250,20,"period2","MSFE",10,0.00830978174606854,0.00625928109794007,24.6757461361556,NA,NA,"unavailable_sparse_or_insufficient_blocks",0,20,63,568,0.0176056338028169,"trading_positions_missing_pairs_retained",9,"descriptive_only"
1,250,20,"period2","QLIKE",10,0.0939484389390637,0.0677301942073401,27.9070573474127,NA,NA,"unavailable_sparse_or_insufficient_blocks",0,20,63,568,0.0176056338028169,"trading_positions_missing_pairs_retained",9,"descriptive_only"
1,250,3,"period2","MSFE",11,0.00109314718713458,0.00145818318340101,-33.3931240516004,NA,NA,"unavailable_sparse_or_insufficient_blocks",0,20,63,631,0.01743264659271,"trading_positions_missing_pairs_retained",10,"descriptive_only"
1,250,3,"period2","QLIKE",11,0.0101679752770145,0.0120223163909558,-18.2370733938861,NA,NA,"unavailable_sparse_or_insufficient_blocks",0,20,63,631,0.01743264659271,"trading_positions_missing_pairs_retained",10,"descriptive_only"
1,250,4,"period2","MSFE",11,0.00337249650962557,0.00297521738414665,11.7799714349603,NA,NA,"unavailable_sparse_or_insufficient_blocks",0,20,63,631,0.01743264659271,"trading_positions_missing_pairs_retained",10,"descriptive_only"
1,250,4,"period2","QLIKE",11,0.0199886424540017,0.0163273291414982,18.3169683530487,NA,NA,"unavailable_sparse_or_insufficient_blocks",0,20,63,631,0.01743264659271,"trading_positions_missing_pairs_retained",10,"descriptive_only"
1,250,5,"period2","MSFE",11,0.00373590150154506,0.00371942179802949,0.441117184400031,NA,NA,"unavailable_sparse_or_insufficient_blocks",0,20,63,631,0.01743264659271,"trading_positions_missing_pairs_retained",10,"descriptive_only"
1,250,5,"period2","QLIKE",11,0.0272239682656017,0.026704541545784,1.90797577616182,NA,NA,"unavailable_sparse_or_insufficient_blocks",0,20,63,631,0.01743264659271,"trading_positions_missing_pairs_retained",10,"descriptive_only"
1,500,1,"period2","MSFE",11,0.00263196769207183,0.00248468460202127,5.59593077431061,NA,NA,"unavailable_sparse_or_insufficient_blocks",0,20,63,631,0.01743264659271,"trading_positions_missing_pairs_retained",10,"descriptive_only"
1,500,1,"period2","QLIKE",11,0.0178266243308485,0.017028863589418,4.47510827975471,NA,NA,"unavailable_sparse_or_insufficient_blocks",0,20,63,631,0.01743264659271,"trading_positions_missing_pairs_retained",10,"descriptive_only"
1,500,10,"period2","MSFE",11,0.00556955963774841,0.00332472234084467,40.305471938734,NA,NA,"unavailable_sparse_or_insufficient_blocks",0,20,63,631,0.01743264659271,"trading_positions_missing_pairs_retained",10,"descriptive_only"
1,500,10,"period2","QLIKE",11,0.0430049059467184,0.033347450216893,22.4566372538767,NA,NA,"unavailable_sparse_or_insufficient_blocks",0,20,63,631,0.01743264659271,"trading_positions_missing_pairs_retained",10,"descriptive_only"
1,500,15,"period2","MSFE",11,0.00823115117886734,0.00522074592823756,36.573319882141,NA,NA,"unavailable_sparse_or_insufficient_blocks",0,20,63,631,0.01743264659271,"trading_positions_missing_pairs_retained",10,"descriptive_only"
1,500,15,"period2","QLIKE",11,0.0556369324273557,0.0422021506595717,24.1472367034713,NA,NA,"unavailable_sparse_or_insufficient_blocks",0,20,63,631,0.01743264659271,"trading_positions_missing_pairs_retained",10,"descriptive_only"
1,500,2,"period2","MSFE",11,0.00385625003935291,0.00320081327039599,16.996739378106,NA,NA,"unavailable_sparse_or_insufficient_blocks",0,20,63,631,0.01743264659271,"trading_positions_missing_pairs_retained",10,"descriptive_only"
1,500,2,"period2","QLIKE",11,0.0265867907900995,0.0230039947409094,13.4758500094123,NA,NA,"unavailable_sparse_or_insufficient_blocks",0,20,63,631,0.01743264659271,"trading_positions_missing_pairs_retained",10,"descriptive_only"
1,500,20,"period2","MSFE",10,0.00740459997451442,0.00596914966230995,19.3859265476201,NA,NA,"unavailable_sparse_or_insufficient_blocks",0,20,63,568,0.0176056338028169,"trading_positions_missing_pairs_retained",9,"descriptive_only"
1,500,20,"period2","QLIKE",10,0.0813361425495739,0.0656491428531194,19.2866285574011,NA,NA,"unavailable_sparse_or_insufficient_blocks",0,20,63,568,0.0176056338028169,"trading_positions_missing_pairs_retained",9,"descriptive_only"
1,500,3,"period2","MSFE",11,0.00103127727084472,0.000984024674255659,4.5819488051316,NA,NA,"unavailable_sparse_or_insufficient_blocks",0,20,63,631,0.01743264659271,"trading_positions_missing_pairs_retained",10,"descriptive_only"
1,500,3,"period2","QLIKE",11,0.00929672602019644,0.00827783803348001,10.9596430453363,NA,NA,"unavailable_sparse_or_insufficient_blocks",0,20,63,631,0.01743264659271,"trading_positions_missing_pairs_retained",10,"descriptive_only"
1,500,4,"period2","MSFE",11,0.00330851560676641,0.00238382978254784,27.9486613974995,NA,NA,"unavailable_sparse_or_insufficient_blocks",0,20,63,631,0.01743264659271,"trading_positions_missing_pairs_retained",10,"descriptive_only"
1,500,4,"period2","QLIKE",11,0.0193209494024087,0.01539505269497,20.3193778197526,NA,NA,"unavailable_sparse_or_insufficient_blocks",0,20,63,631,0.01743264659271,"trading_positions_missing_pairs_retained",10,"descriptive_only"
1,500,5,"period2","MSFE",11,0.00358681859510222,0.00245603093164557,31.5262016596194,NA,NA,"unavailable_sparse_or_insufficient_blocks",0,20,63,631,0.01743264659271,"trading_positions_missing_pairs_retained",10,"descriptive_only"
1,500,5,"period2","QLIKE",11,0.0258118520058235,0.0193880354756117,24.8870810539379,NA,NA,"unavailable_sparse_or_insufficient_blocks",0,20,63,631,0.01743264659271,"trading_positions_missing_pairs_retained",10,"descriptive_only"
2,500,1,"period2","MSFE",11,0.0026559809276037,0.00250677612758208,5.61769094314395,NA,NA,"unavailable_sparse_or_insufficient_blocks",0,20,63,631,0.01743264659271,"trading_positions_missing_pairs_retained",10,"descriptive_only"
2,500,1,"period2","QLIKE",11,0.0182212180968044,0.0174385807748249,4.29519759777623,NA,NA,"unavailable_sparse_or_insufficient_blocks",0,20,63,631,0.01743264659271,"trading_positions_missing_pairs_retained",10,"descriptive_only"
2,500,10,"period2","MSFE",11,0.00545677014991711,0.00323448384322834,40.7253053662619,NA,NA,"unavailable_sparse_or_insufficient_blocks",0,20,63,631,0.01743264659271,"trading_positions_missing_pairs_retained",10,"descriptive_only"
2,500,10,"period2","QLIKE",11,0.042303537380163,0.0326326653546803,22.8606698739514,NA,NA,"unavailable_sparse_or_insufficient_blocks",0,20,63,631,0.01743264659271,"trading_positions_missing_pairs_retained",10,"descriptive_only"
2,500,15,"period2","MSFE",11,0.00809872244313678,0.0051763284482561,36.0846295869448,NA,NA,"unavailable_sparse_or_insufficient_blocks",0,20,63,631,0.01743264659271,"trading_positions_missing_pairs_retained",10,"descriptive_only"
2,500,15,"period2","QLIKE",11,0.0549721532108342,0.0419820770864427,23.6302843633772,NA,NA,"unavailable_sparse_or_insufficient_blocks",0,20,63,631,0.01743264659271,"trading_positions_missing_pairs_retained",10,"descriptive_only"
2,500,2,"period2","MSFE",11,0.00380425258301997,0.00316456020944955,16.8151919361414,NA,NA,"unavailable_sparse_or_insufficient_blocks",0,20,63,631,0.01743264659271,"trading_positions_missing_pairs_retained",10,"descriptive_only"
2,500,2,"period2","QLIKE",11,0.0264189378793836,0.0227589184656321,13.8537719815285,NA,NA,"unavailable_sparse_or_insufficient_blocks",0,20,63,631,0.01743264659271,"trading_positions_missing_pairs_retained",10,"descriptive_only"
2,500,20,"period2","MSFE",10,0.00733020884230889,0.00598194301299478,18.3932798958212,NA,NA,"unavailable_sparse_or_insufficient_blocks",0,20,63,568,0.0176056338028169,"trading_positions_missing_pairs_retained",9,"descriptive_only"
2,500,20,"period2","QLIKE",10,0.0808491996045368,0.065832053280886,18.5742671505781,NA,NA,"unavailable_sparse_or_insufficient_blocks",0,20,63,568,0.0176056338028169,"trading_positions_missing_pairs_retained",9,"descriptive_only"
2,500,3,"period2","MSFE",11,0.00103205262685679,0.000965131030297368,6.4843201613891,NA,NA,"unavailable_sparse_or_insufficient_blocks",0,20,63,631,0.01743264659271,"trading_positions_missing_pairs_retained",10,"descriptive_only"
2,500,3,"period2","QLIKE",11,0.00930372013354264,0.00804549059298823,13.5239401281872,NA,NA,"unavailable_sparse_or_insufficient_blocks",0,20,63,631,0.01743264659271,"trading_positions_missing_pairs_retained",10,"descriptive_only"
2,500,4,"period2","MSFE",11,0.00326367517779664,0.00236879104906441,27.4195218574534,NA,NA,"unavailable_sparse_or_insufficient_blocks",0,20,63,631,0.01743264659271,"trading_positions_missing_pairs_retained",10,"descriptive_only"
2,500,4,"period2","QLIKE",11,0.0192856403314976,0.0154950971781941,19.6547435716344,NA,NA,"unavailable_sparse_or_insufficient_blocks",0,20,63,631,0.01743264659271,"trading_positions_missing_pairs_retained",10,"descriptive_only"
2,500,5,"period2","MSFE",11,0.00351441332881936,0.00239284475486211,31.9133940438937,NA,NA,"unavailable_sparse_or_insufficient_blocks",0,20,63,631,0.01743264659271,"trading_positions_missing_pairs_retained",10,"descriptive_only"
2,500,5,"period2","QLIKE",11,0.0254491777967374,0.0188864085434888,25.7877457011205,NA,NA,"unavailable_sparse_or_insufficient_blocks",0,20,63,631,0.01743264659271,"trading_positions_missing_pairs_retained",10,"descriptive_only"
3,500,1,"period2","MSFE",11,0.00265380809504001,0.0024890231487071,6.20937688150465,NA,NA,"unavailable_sparse_or_insufficient_blocks",0,20,63,631,0.01743264659271,"trading_positions_missing_pairs_retained",10,"descriptive_only"
3,500,1,"period2","QLIKE",11,0.018161324573099,0.0173247202206173,4.60651616634227,NA,NA,"unavailable_sparse_or_insufficient_blocks",0,20,63,631,0.01743264659271,"trading_positions_missing_pairs_retained",10,"descriptive_only"
3,500,10,"period2","MSFE",11,0.00546176616268682,0.00318390745316697,41.7055333690686,NA,NA,"unavailable_sparse_or_insufficient_blocks",0,20,63,631,0.01743264659271,"trading_positions_missing_pairs_retained",10,"descriptive_only"
3,500,10,"period2","QLIKE",11,0.0422324002367255,0.0325200921072708,22.9972913569068,NA,NA,"unavailable_sparse_or_insufficient_blocks",0,20,63,631,0.01743264659271,"trading_positions_missing_pairs_retained",10,"descriptive_only"
3,500,15,"period2","MSFE",11,0.00815072567885557,0.00515495448320994,36.7546561334679,NA,NA,"unavailable_sparse_or_insufficient_blocks",0,20,63,631,0.01743264659271,"trading_positions_missing_pairs_retained",10,"descriptive_only"
3,500,15,"period2","QLIKE",11,0.0552883709409486,0.0424297283413775,23.257409073067,NA,NA,"unavailable_sparse_or_insufficient_blocks",0,20,63,631,0.01743264659271,"trading_positions_missing_pairs_retained",10,"descriptive_only"
3,500,2,"period2","MSFE",11,0.00381456024698138,0.00311085303631305,18.4479249272627,NA,NA,"unavailable_sparse_or_insufficient_blocks",0,20,63,631,0.01743264659271,"trading_positions_missing_pairs_retained",10,"descriptive_only"
3,500,2,"period2","QLIKE",11,0.0264393847815151,0.0224745028308972,14.9961203083286,NA,NA,"unavailable_sparse_or_insufficient_blocks",0,20,63,631,0.01743264659271,"trading_positions_missing_pairs_retained",10,"descriptive_only"
3,500,20,"period2","MSFE",10,0.00734983744668028,0.00605626886846638,17.5999617351832,NA,NA,"unavailable_sparse_or_insufficient_blocks",0,20,63,568,0.0176056338028169,"trading_positions_missing_pairs_retained",9,"descriptive_only"
3,500,20,"period2","QLIKE",10,0.0808892898596192,0.0663845792972469,17.9315587855262,NA,NA,"unavailable_sparse_or_insufficient_blocks",0,20,63,568,0.0176056338028169,"trading_positions_missing_pairs_retained",9,"descriptive_only"
3,500,3,"period2","MSFE",11,0.0010281298049386,0.000966288093696894,6.01497115876324,NA,NA,"unavailable_sparse_or_insufficient_blocks",0,20,63,631,0.01743264659271,"trading_positions_missing_pairs_retained",10,"descriptive_only"
3,500,3,"period2","QLIKE",11,0.00925261163748597,0.00799420504181213,13.6005556590697,NA,NA,"unavailable_sparse_or_insufficient_blocks",0,20,63,631,0.01743264659271,"trading_positions_missing_pairs_retained",10,"descriptive_only"
3,500,4,"period2","MSFE",11,0.0032828071322766,0.00233274812160916,28.9404455512007,NA,NA,"unavailable_sparse_or_insufficient_blocks",0,20,63,631,0.01743264659271,"trading_positions_missing_pairs_retained",10,"descriptive_only"
3,500,4,"period2","QLIKE",11,0.0194020828985478,0.0154407426009275,20.4170877855432,NA,NA,"unavailable_sparse_or_insufficient_blocks",0,20,63,631,0.01743264659271,"trading_positions_missing_pairs_retained",10,"descriptive_only"
3,500,5,"period2","MSFE",11,0.00352190060726281,0.00234132971755147,33.5208463088591,NA,NA,"unavailable_sparse_or_insufficient_blocks",0,20,63,631,0.01743264659271,"trading_positions_missing_pairs_retained",10,"descriptive_only"
3,500,5,"period2","QLIKE",11,0.0254198710060074,0.018596106431634,26.8442140117894,NA,NA,"unavailable_sparse_or_insufficient_blocks",0,20,63,631,0.01743264659271,"trading_positions_missing_pairs_retained",10,"descriptive_only"
4,500,1,"period2","MSFE",11,0.00264224935215281,0.00248869402589869,5.81153804159334,NA,NA,"unavailable_sparse_or_insufficient_blocks",0,20,63,631,0.01743264659271,"trading_positions_missing_pairs_retained",10,"descriptive_only"
4,500,1,"period2","QLIKE",11,0.0181644319774725,0.0173812087714766,4.31185080253114,NA,NA,"unavailable_sparse_or_insufficient_blocks",0,20,63,631,0.01743264659271,"trading_positions_missing_pairs_retained",10,"descriptive_only"
4,500,10,"period2","MSFE",11,0.00545177369934029,0.00313169485708474,42.5564040293217,NA,NA,"unavailable_sparse_or_insufficient_blocks",0,20,63,631,0.01743264659271,"trading_positions_missing_pairs_retained",10,"descriptive_only"
4,500,10,"period2","QLIKE",11,0.0422279710956305,0.0321867234943449,23.7786645693819,NA,NA,"unavailable_sparse_or_insufficient_blocks",0,20,63,631,0.01743264659271,"trading_positions_missing_pairs_retained",10,"descriptive_only"
4,500,15,"period2","MSFE",11,0.00812874630323463,0.00514620348256514,36.6913015784816,NA,NA,"unavailable_sparse_or_insufficient_blocks",0,20,63,631,0.01743264659271,"trading_positions_missing_pairs_retained",10,"descriptive_only"
4,500,15,"period2","QLIKE",11,0.0552661460391114,0.0425596538838019,22.9914569152645,NA,NA,"unavailable_sparse_or_insufficient_blocks",0,20,63,631,0.01743264659271,"trading_positions_missing_pairs_retained",10,"descriptive_only"
4,500,2,"period2","MSFE",11,0.00382026273437787,0.00309773794878486,18.9129605953835,NA,NA,"unavailable_sparse_or_insufficient_blocks",0,20,63,631,0.01743264659271,"trading_positions_missing_pairs_retained",10,"descriptive_only"
4,500,2,"period2","QLIKE",11,0.0265709508771395,0.0224617631569317,15.4649629936398,NA,NA,"unavailable_sparse_or_insufficient_blocks",0,20,63,631,0.01743264659271,"trading_positions_missing_pairs_retained",10,"descriptive_only"
4,500,20,"period2","MSFE",10,0.00732997804972778,0.00606729125039202,17.2263380704484,NA,NA,"unavailable_sparse_or_insufficient_blocks",0,20,63,568,0.0176056338028169,"trading_positions_missing_pairs_retained",9,"descriptive_only"
4,500,20,"period2","QLIKE",10,0.0807401875810986,0.0664066160309102,17.7527102420851,NA,NA,"unavailable_sparse_or_insufficient_blocks",0,20,63,568,0.0176056338028169,"trading_positions_missing_pairs_retained",9,"descriptive_only"
4,500,3,"period2","MSFE",11,0.00102854695041575,0.000966897216845094,5.99386674042814,NA,NA,"unavailable_sparse_or_insufficient_blocks",0,20,63,631,0.01743264659271,"trading_positions_missing_pairs_retained",10,"descriptive_only"
4,500,3,"period2","QLIKE",11,0.00931272127081934,0.00799759667211599,14.121807798803,NA,NA,"unavailable_sparse_or_insufficient_blocks",0,20,63,631,0.01743264659271,"trading_positions_missing_pairs_retained",10,"descriptive_only"
4,500,4,"period2","MSFE",11,0.00328401087247378,0.00231613096628449,29.4724939646808,NA,NA,"unavailable_sparse_or_insufficient_blocks",0,20,63,631,0.01743264659271,"trading_positions_missing_pairs_retained",10,"descriptive_only"
4,500,4,"period2","QLIKE",11,0.0194418254631152,0.0154142289812015,20.7161436026406,NA,NA,"unavailable_sparse_or_insufficient_blocks",0,20,63,631,0.01743264659271,"trading_positions_missing_pairs_retained",10,"descriptive_only"
4,500,5,"period2","MSFE",11,0.00352035398743298,0.00230675013419762,34.4739153382786,NA,NA,"unavailable_sparse_or_insufficient_blocks",0,20,63,631,0.01743264659271,"trading_positions_missing_pairs_retained",10,"descriptive_only"
4,500,5,"period2","QLIKE",11,0.0254800034553458,0.0183978355495672,27.7950037102242,NA,NA,"unavailable_sparse_or_insufficient_blocks",0,20,63,631,0.01743264659271,"trading_positions_missing_pairs_retained",10,"descriptive_only"
5,1000,1,"period2","MSFE",11,0.0027150457653698,0.00243048719613034,10.4808019396571,NA,NA,"unavailable_sparse_or_insufficient_blocks",0,20,63,631,0.01743264659271,"trading_positions_missing_pairs_retained",10,"descriptive_only"
5,1000,1,"period2","QLIKE",11,0.0190294337777798,0.0176365961032216,7.31938580424031,NA,NA,"unavailable_sparse_or_insufficient_blocks",0,20,63,631,0.01743264659271,"trading_positions_missing_pairs_retained",10,"descriptive_only"
5,1000,10,"period2","MSFE",11,0.00565106632860929,0.00193879079684447,65.6915936903964,NA,NA,"unavailable_sparse_or_insufficient_blocks",0,20,63,631,0.01743264659271,"trading_positions_missing_pairs_retained",10,"descriptive_only"
5,1000,10,"period2","QLIKE",11,0.0425923982176852,0.0227464247408899,46.595106890588,NA,NA,"unavailable_sparse_or_insufficient_blocks",0,20,63,631,0.01743264659271,"trading_positions_missing_pairs_retained",10,"descriptive_only"
5,1000,15,"period2","MSFE",11,0.00855943926922277,0.0046546548168651,45.6196291548925,NA,NA,"unavailable_sparse_or_insufficient_blocks",0,20,63,631,0.01743264659271,"trading_positions_missing_pairs_retained",10,"descriptive_only"
5,1000,15,"period2","QLIKE",11,0.0574413719385418,0.044503919316007,22.522882351029,NA,NA,"unavailable_sparse_or_insufficient_blocks",0,20,63,631,0.01743264659271,"trading_positions_missing_pairs_retained",10,"descriptive_only"
5,1000,2,"period2","MSFE",11,0.00389683938680088,0.00282038577667788,27.6237612914993,NA,NA,"unavailable_sparse_or_insufficient_blocks",0,20,63,631,0.01743264659271,"trading_positions_missing_pairs_retained",10,"descriptive_only"
5,1000,2,"period2","QLIKE",11,0.0275947923049092,0.0214535344743638,22.2551333696862,NA,NA,"unavailable_sparse_or_insufficient_blocks",0,20,63,631,0.01743264659271,"trading_positions_missing_pairs_retained",10,"descriptive_only"
5,1000,20,"period2","MSFE",10,0.00772784785882258,0.00747945418762729,3.21426709910848,NA,NA,"unavailable_sparse_or_insufficient_blocks",0,20,63,568,0.0176056338028169,"trading_positions_missing_pairs_retained",9,"descriptive_only"
5,1000,20,"period2","QLIKE",10,0.0860569428076973,0.0854682705637697,0.684049682363308,NA,NA,"unavailable_sparse_or_insufficient_blocks",0,20,63,568,0.0176056338028169,"trading_positions_missing_pairs_retained",9,"descriptive_only"
5,1000,3,"period2","MSFE",11,0.0010646767425599,0.000995835277159487,6.46594995912904,NA,NA,"unavailable_sparse_or_insufficient_blocks",0,20,63,631,0.01743264659271,"trading_positions_missing_pairs_retained",10,"descriptive_only"
5,1000,3,"period2","QLIKE",11,0.00963525950431927,0.00814800742854395,15.4355165536395,NA,NA,"unavailable_sparse_or_insufficient_blocks",0,20,63,631,0.01743264659271,"trading_positions_missing_pairs_retained",10,"descriptive_only"
5,1000,4,"period2","MSFE",11,0.00335352732934249,0.001989071704856,40.6871777232249,NA,NA,"unavailable_sparse_or_insufficient_blocks",0,20,63,631,0.01743264659271,"trading_positions_missing_pairs_retained",10,"descriptive_only"
5,1000,4,"period2","QLIKE",11,0.0199523594985043,0.0155367428442737,22.1307993902259,NA,NA,"unavailable_sparse_or_insufficient_blocks",0,20,63,631,0.01743264659271,"trading_positions_missing_pairs_retained",10,"descriptive_only"
5,1000,5,"period2","MSFE",11,0.00357270708506974,0.0018823605086373,47.3127669350885,NA,NA,"unavailable_sparse_or_insufficient_blocks",0,20,63,631,0.01743264659271,"trading_positions_missing_pairs_retained",10,"descriptive_only"
5,1000,5,"period2","QLIKE",11,0.0257374428255669,0.0169575188259347,34.1134278923407,NA,NA,"unavailable_sparse_or_insufficient_blocks",0,20,63,631,0.01743264659271,"trading_positions_missing_pairs_retained",10,"descriptive_only"
5,250,1,"period2","MSFE",11,0.00288282601625651,0.00291639001106206,-1.16427403583408,NA,NA,"unavailable_sparse_or_insufficient_blocks",0,20,63,631,0.01743264659271,"trading_positions_missing_pairs_retained",10,"descriptive_only"
5,250,1,"period2","QLIKE",11,0.0202717466654489,0.0201708231578847,0.497853042610685,NA,NA,"unavailable_sparse_or_insufficient_blocks",0,20,63,631,0.01743264659271,"trading_positions_missing_pairs_retained",10,"descriptive_only"
5,250,10,"period2","MSFE",11,0.00599265315447694,0.00479428265421216,19.9973278842195,NA,NA,"unavailable_sparse_or_insufficient_blocks",0,20,63,631,0.01743264659271,"trading_positions_missing_pairs_retained",10,"descriptive_only"
5,250,10,"period2","QLIKE",11,0.0446499079205135,0.0435380874806989,2.49008450766324,NA,NA,"unavailable_sparse_or_insufficient_blocks",0,20,63,631,0.01743264659271,"trading_positions_missing_pairs_retained",10,"descriptive_only"
5,250,15,"period2","MSFE",11,0.00867294869431588,0.00645526604157987,25.5701115145469,NA,NA,"unavailable_sparse_or_insufficient_blocks",0,20,63,631,0.01743264659271,"trading_positions_missing_pairs_retained",10,"descriptive_only"
5,250,15,"period2","QLIKE",11,0.0579803535745204,0.0488121652842895,15.812577407703,NA,NA,"unavailable_sparse_or_insufficient_blocks",0,20,63,631,0.01743264659271,"trading_positions_missing_pairs_retained",10,"descriptive_only"
5,250,2,"period2","MSFE",11,0.00420082984715324,0.00357009064453308,15.0146334312396,NA,NA,"unavailable_sparse_or_insufficient_blocks",0,20,63,631,0.01743264659271,"trading_positions_missing_pairs_retained",10,"descriptive_only"
5,250,2,"period2","QLIKE",11,0.0292958402802598,0.0253098275943672,13.6060705129477,NA,NA,"unavailable_sparse_or_insufficient_blocks",0,20,63,631,0.01743264659271,"trading_positions_missing_pairs_retained",10,"descriptive_only"
5,250,20,"period2","MSFE",10,0.00815576493884627,0.0064350306812039,21.098379741751,NA,NA,"unavailable_sparse_or_insufficient_blocks",0,20,63,568,0.0176056338028169,"trading_positions_missing_pairs_retained",9,"descriptive_only"
5,250,20,"period2","QLIKE",10,0.0920110514287164,0.0698758462324573,24.0571158057115,NA,NA,"unavailable_sparse_or_insufficient_blocks",0,20,63,568,0.0176056338028169,"trading_positions_missing_pairs_retained",9,"descriptive_only"
5,250,3,"period2","MSFE",11,0.00110198311048509,0.00142725952779623,-29.5173686616617,NA,NA,"unavailable_sparse_or_insufficient_blocks",0,20,63,631,0.01743264659271,"trading_positions_missing_pairs_retained",10,"descriptive_only"
5,250,3,"period2","QLIKE",11,0.00996633902092249,0.0119371393295217,-19.7745662119449,NA,NA,"unavailable_sparse_or_insufficient_blocks",0,20,63,631,0.01743264659271,"trading_positions_missing_pairs_retained",10,"descriptive_only"
5,250,4,"period2","MSFE",11,0.00364253850590677,0.00281231285989285,22.792501566356,NA,NA,"unavailable_sparse_or_insufficient_blocks",0,20,63,631,0.01743264659271,"trading_positions_missing_pairs_retained",10,"descriptive_only"
5,250,4,"period2","QLIKE",11,0.0212716240390457,0.0165419134022639,22.2348356105768,NA,NA,"unavailable_sparse_or_insufficient_blocks",0,20,63,631,0.01743264659271,"trading_positions_missing_pairs_retained",10,"descriptive_only"
5,250,5,"period2","MSFE",11,0.00392770770477151,0.00350861414469641,10.670181988491,NA,NA,"unavailable_sparse_or_insufficient_blocks",0,20,63,631,0.01743264659271,"trading_positions_missing_pairs_retained",10,"descriptive_only"
5,250,5,"period2","QLIKE",11,0.0274440757285367,0.0261520215062993,4.70795312991336,NA,NA,"unavailable_sparse_or_insufficient_blocks",0,20,63,631,0.01743264659271,"trading_positions_missing_pairs_retained",10,"descriptive_only"
5,500,1,"period2","MSFE",11,0.00268101050195846,0.00247996297182074,7.4989460127387,NA,NA,"unavailable_sparse_or_insufficient_blocks",0,20,63,631,0.01743264659271,"trading_positions_missing_pairs_retained",10,"descriptive_only"
5,500,1,"period2","QLIKE",11,0.0183747848308354,0.0173752727918745,5.43958499739056,NA,NA,"unavailable_sparse_or_insufficient_blocks",0,20,63,631,0.01743264659271,"trading_positions_missing_pairs_retained",10,"descriptive_only"
5,500,10,"period2","MSFE",11,0.00553923998261763,0.00302755151151622,45.3435575816032,NA,NA,"unavailable_sparse_or_insufficient_blocks",0,20,63,631,0.01743264659271,"trading_positions_missing_pairs_retained",10,"descriptive_only"
5,500,10,"period2","QLIKE",11,0.0423432031824109,0.0316048287169007,25.3603262352407,NA,NA,"unavailable_sparse_or_insufficient_blocks",0,20,63,631,0.01743264659271,"trading_positions_missing_pairs_retained",10,"descriptive_only"
5,500,15,"period2","MSFE",11,0.00828359852525013,0.00506936278020968,38.802408581763,NA,NA,"unavailable_sparse_or_insufficient_blocks",0,20,63,631,0.01743264659271,"trading_positions_missing_pairs_retained",10,"descriptive_only"
5,500,15,"period2","QLIKE",11,0.0557937692480063,0.0423362201275361,24.1201648532665,NA,NA,"unavailable_sparse_or_insufficient_blocks",0,20,63,631,0.01743264659271,"trading_positions_missing_pairs_retained",10,"descriptive_only"
5,500,2,"period2","MSFE",11,0.00389057796321288,0.00305119337294589,21.5748045201443,NA,NA,"unavailable_sparse_or_insufficient_blocks",0,20,63,631,0.01743264659271,"trading_positions_missing_pairs_retained",10,"descriptive_only"
5,500,2,"period2","QLIKE",11,0.0269392157654133,0.0222905625122542,17.2560823360248,NA,NA,"unavailable_sparse_or_insufficient_blocks",0,20,63,631,0.01743264659271,"trading_positions_missing_pairs_retained",10,"descriptive_only"
5,500,20,"period2","MSFE",10,0.00738898943186565,0.00608108502930152,17.7007209798362,NA,NA,"unavailable_sparse_or_insufficient_blocks",0,20,63,568,0.0176056338028169,"trading_positions_missing_pairs_retained",9,"descriptive_only"
5,500,20,"period2","QLIKE",10,0.0816504557764248,0.0665588377008879,18.4832012657232,NA,NA,"unavailable_sparse_or_insufficient_blocks",0,20,63,568,0.0176056338028169,"trading_positions_missing_pairs_retained",9,"descriptive_only"
5,500,3,"period2","MSFE",11,0.00103639716452831,0.000976138896102724,5.81420622209148,NA,NA,"unavailable_sparse_or_insufficient_blocks",0,20,63,631,0.01743264659271,"trading_positions_missing_pairs_retained",10,"descriptive_only"
5,500,3,"period2","QLIKE",11,0.00931006185295715,0.00803177425067814,13.7301730371747,NA,NA,"unavailable_sparse_or_insufficient_blocks",0,20,63,631,0.01743264659271,"trading_positions_missing_pairs_retained",10,"descriptive_only"
5,500,4,"period2","MSFE",11,0.00336114860355643,0.0022601466755474,32.7567167617658,NA,NA,"unavailable_sparse_or_insufficient_blocks",0,20,63,631,0.01743264659271,"trading_positions_missing_pairs_retained",10,"descriptive_only"
5,500,4,"period2","QLIKE",11,0.0197786728286606,0.0151923281100328,23.188334011885,NA,NA,"unavailable_sparse_or_insufficient_blocks",0,20,63,631,0.01743264659271,"trading_positions_missing_pairs_retained",10,"descriptive_only"
5,500,5,"period2","MSFE",11,0.00358127090901954,0.00225780336956996,36.9552478176501,NA,NA,"unavailable_sparse_or_insufficient_blocks",0,20,63,631,0.01743264659271,"trading_positions_missing_pairs_retained",10,"descriptive_only"
5,500,5,"period2","QLIKE",11,0.0256106222678609,0.0181486571919854,29.1362115212623,NA,NA,"unavailable_sparse_or_insufficient_blocks",0,20,63,631,0.01743264659271,"trading_positions_missing_pairs_retained",10,"descriptive_only"
